weekday,events,median_minutes_to_normalize,median_peak_z,entries,win_rate,mean_pair_return,median_realized_rr,median_best_rr,median_minutes_entry_to_normalize
Friday,103,780.0,2.13878731506207,103,0.46601941747572817,0.0002106765623048745,-0.2360298729187172,0.6872915893664076,775.0
Monday,89,820.0,2.0358663237846426,89,0.4044943820224719,-0.0007739645299499494,-0.4429224051416075,0.49016819484481433,815.0
Thursday,100,1170.0,2.1837087174761103,100,0.51,-4.852978568366297e-05,-0.19110433043339356,0.7386296104290241,1165.0
Tuesday,116,902.5,-2.4798278990245923,114,0.543859649122807,-0.0007718553435916329,-0.06717538390573827,0.7321848283858828,895.0
Wednesday,106,900.0,-2.385539845193863,106,0.5,-0.0007736990145113576,-0.15392580104830456,0.6173393275673192,892.5
