setup,side,trend_bucket,trades,win_rate,avg_return_pct,median_return_pct,avg_r_multiple,total_return,avg_touch_count,avg_hold_days
bounce,long,soft,19,0.2631578947368421,0.010784294054538035,-0.0025844930417494583,5.694702789384557,0.19498318575059503,2.789473684210526,29.263157894736842
bounce,long,steady,19,0.5263157894736842,0.004919943238431989,0.0015302218821728886,1.9515905272697498,0.09434652752765604,2.526315789473684,9.236842105263158
bounce,short,strong,23,0.391304347826087,0.003254462913057373,-0.0012047117615562875,3.7098788635738282,0.07522653873352492,3.130434782608696,5.434782608695652
bounce,short,steady,18,0.3333333333333333,0.003587463348687217,-0.0018441624755693997,2.2914513633785627,0.06424367906505979,3.0,6.25
break,short,steady,5,0.8,0.008076818827452314,0.004849841447491121,0.7373223694648475,0.04067593963507288,3.8,6.2
break,short,soft,6,0.5,0.005035979536943222,-0.0005293424914344091,0.8397873136659264,0.029840903354110493,3.1666666666666665,5.5
break,long,strong,4,0.75,0.00714788410065581,0.006847220079772648,0.8731915134399203,0.028520589123389506,2.75,5.125
break,short,strong,11,0.5454545454545454,0.0010638872262493484,0.006154419992540072,0.35919478002003813,0.010267690341161595,3.272727272727273,7.045454545454546
break,long,steady,9,0.3333333333333333,0.0005048168419018111,-0.007047155037410713,0.09293977576419471,0.0028691535439302474,3.888888888888889,5.888888888888889
break,long,soft,9,0.4444444444444444,-0.0014866919691442276,0.0,-0.008846147026152338,-0.013950250945427678,3.111111111111111,7.722222222222222
bounce,long,strong,14,0.21428571428571427,-0.00361852497274879,-0.002604342962781281,-0.6180368142516127,-0.04980569249332345,2.7142857142857144,2.5714285714285716
bounce,short,soft,18,0.16666666666666666,-0.005192031856685782,-0.007220317735999682,-1.4977547996688225,-0.09027570700609033,3.0,8.13888888888889
