entry_year,setup,side,trades,win_rate,avg_return_pct,total_return
2017,break,long,3,0.6666666666666666,0.005862633335186366,0.017529952153868766
2017,break,short,2,0.5,0.0013309895015047868,0.002574692742064233
2017,bounce,long,8,0.5,-0.0011290122826592003,-0.009180158833483554
2017,bounce,short,3,0.0,-0.006759547818978584,-0.02020040688903435
2018,bounce,long,8,0.25,0.0010356497773325313,0.0062313959969200194
2018,break,short,4,0.0,-0.006880499846351917,-0.027254288048567887
2018,break,long,2,0.0,-0.015818548465988957,-0.031409890730025425
2018,bounce,short,6,0.3333333333333333,-0.0052760086148876395,-0.03141907840940206
2019,bounce,long,3,0.6666666666666666,0.042491364072042605,0.1272121195014111
2019,break,long,2,0.5,0.0003192100945671461,0.0005977887665236103
2019,break,short,1,0.0,-0.0007345139965722058,-0.0007345139965722058
2020,bounce,long,5,0.2,0.007973557495168282,0.034960298620049235
2020,break,short,2,1.0,0.014405404576463055,0.028901377120584604
2020,break,long,4,0.5,0.005805584418137305,0.02271361853794196
2020,bounce,short,3,0.0,-0.015478959827145719,-0.045881818747285696
2021,break,short,3,0.6666666666666666,0.02582328185619605,0.07818645492376985
2021,break,long,2,1.0,0.02987545134380387,0.0600259511570409
2021,bounce,short,4,0.75,0.008486984566649064,0.03413377591793143
2021,bounce,long,6,0.16666666666666666,-0.004389212211796852,-0.02615873988712658
2022,break,long,1,1.0,0.015342736946300395,0.015342736946300395
2022,bounce,long,7,0.42857142857142855,0.002118053405224339,0.014461263036178673
2022,break,short,4,0.5,0.0034035390169995516,0.013093765295054016
2022,bounce,short,6,0.5,-0.0006068890696795207,-0.004150567667171479
2023,break,short,3,0.6666666666666666,0.005350219198688944,0.015951375327979633
2023,bounce,long,3,0.3333333333333333,0.0021909255585300658,0.006542850833744396
2023,break,long,1,0.0,-0.006131549609810438,-0.006131549609810438
2023,bounce,short,6,0.0,-0.004732744358742269,-0.028159704080903958
2024,bounce,long,5,0.2,0.19258289786754185,0.9267364425519582
2024,bounce,short,1,0.0,-0.0013030295436891048,-0.0013030295436891048
2024,break,short,1,0.0,-0.01155818433404776,-0.01155818433404776
