date,dxy_close,us_2y_yield,us_10y_yield,us_30y_yield,wti_usd_per_bbl,cpi_all_items_index,cpi_mom_pct,cpi_yoy_pct,unemployment_rate_pct
1999-01-01,94.16999816894531,,,,,164.7,0.18248175182480342,1.6666666666666607,4.3
1999-01-04,93.44000244140625,4.58,4.69,5.15,12.42,,,,
1999-01-05,93.47000122070312,4.64,4.74,5.21,12.04,,,,
1999-01-06,94.52999877929688,4.62,4.73,5.17,12.84,,,,
1999-01-07,93.72000122070312,4.63,4.77,5.23,12.99,,,,
1999-01-08,94.3499984741211,4.71,4.86,5.26,13.06,,,,
1999-01-11,94.66000366210938,4.74,4.9,5.29,13.43,,,,
1999-01-12,94.79000091552734,4.68,4.82,5.23,12.91,,,,
1999-01-13,94.25,4.61,4.74,5.16,12.33,,,,
1999-01-14,94.02999877929688,4.47,4.63,5.07,12.23,,,,
1999-01-15,94.72000122070312,4.56,4.66,5.1,12.21,,,,
1999-01-18,94.72000122070312,,,,,,,,
1999-01-19,94.5199966430664,4.62,4.71,5.14,12.13,,,,
1999-01-20,94.72000122070312,4.66,4.76,5.18,11.82,,,,
1999-01-21,94.5,4.63,4.7,5.14,12.45,,,,
1999-01-22,94.66000366210938,4.59,4.64,5.09,12.62,,,,
1999-01-25,94.7300033569336,4.59,4.67,5.12,12.41,,,,
1999-01-26,94.72000122070312,4.63,4.69,5.12,12.16,,,,
1999-01-27,95.68000030517578,4.57,4.68,5.14,12.4,,,,
1999-01-28,95.79000091552734,4.58,4.67,5.11,12.52,,,,
1999-01-29,96.08000183105469,4.58,4.66,5.09,12.81,,,,
1999-02-01,96.2300033569336,4.65,4.75,5.19,12.36,164.7,0.0,1.6666666666666607,4.4
1999-02-02,95.70999908447266,4.7,4.79,5.24,12.21,,,,
1999-02-03,96.02999877929688,4.72,4.83,5.25,12.42,,,,
1999-02-04,95.68000030517578,4.77,4.89,5.3,11.94,,,,
1999-02-05,96.22000122070312,4.8,4.94,5.34,11.85,,,,
1999-02-08,96.01000213623047,4.8,4.94,5.35,11.65,,,,
1999-02-09,96.27999877929688,4.79,4.91,5.33,11.66,,,,
1999-02-10,95.95999908447266,4.77,4.9,5.34,11.88,,,,
1999-02-11,96.68000030517578,4.8,4.93,5.29,11.94,,,,
1999-02-12,96.30999755859375,4.91,5.06,5.42,11.9,,,,
1999-02-15,96.69999694824219,,,,,,,,
1999-02-16,97.20999908447266,4.93,5.03,5.35,11.38,,,,
1999-02-17,97.05999755859375,4.89,4.98,5.32,11.49,,,,
1999-02-18,97.31999969482422,4.93,5.04,5.37,11.97,,,,
1999-02-19,98.2699966430664,4.95,5.07,5.38,11.79,,,,
1999-02-22,98.5199966430664,4.91,5.03,5.36,11.97,,,,
1999-02-23,98.8499984741211,5.0,5.1,5.42,12.44,,,,
1999-02-24,99.11000061035156,5.05,5.18,5.51,12.49,,,,
1999-02-25,98.56999969482422,5.15,5.32,5.61,12.61,,,,
1999-02-26,98.68000030517578,5.13,5.29,5.57,12.31,,,,
1999-03-01,99.55999755859375,5.2,5.4,5.67,12.28,164.8,0.06071645415908211,1.7283950617283939,4.2
1999-03-02,99.37000274658203,5.18,5.35,5.63,12.66,,,,
1999-03-03,99.76000213623047,5.19,5.39,5.68,12.92,,,,
1999-03-04,100.33999633789062,5.2,5.41,5.69,13.32,,,,
1999-03-05,100.23999786376953,5.14,5.34,5.6,13.33,,,,
1999-03-08,99.69000244140625,5.12,5.29,5.6,13.63,,,,
1999-03-09,99.55999755859375,5.02,5.18,5.54,13.78,,,,
1999-03-10,99.01000213623047,5.04,5.2,5.56,14.74,,,,
1999-03-11,98.45999908447266,5.05,5.21,5.57,14.3,,,,
1999-03-12,99.1500015258789,5.0,5.16,5.54,14.51,,,,
1999-03-15,98.88999938964844,4.99,5.15,5.51,14.48,,,,
1999-03-16,98.5999984741211,4.97,5.11,5.48,14.6,,,,
1999-03-17,98.5,5.01,5.14,5.51,15.11,,,,
1999-03-18,98.56999969482422,4.99,5.11,5.49,15.11,,,,
1999-03-19,99.05000305175781,5.04,5.17,5.53,15.26,,,,
1999-03-22,98.91999816894531,5.08,5.21,5.57,15.39,,,,
1999-03-23,98.91999816894531,5.03,5.2,5.57,15.36,,,,
1999-03-24,99.05999755859375,4.98,5.17,5.54,15.18,,,,
1999-03-25,99.4800033569336,5.02,5.21,5.59,15.66,,,,
1999-03-26,100.19000244140625,4.99,5.21,5.61,16.16,,,,
1999-03-29,100.36000061035156,5.02,5.28,5.65,16.46,,,,
1999-03-30,100.54000091552734,4.97,5.21,5.59,16.66,,,,
1999-03-31,100.0999984741211,4.99,5.25,5.63,16.66,,,,
1999-04-01,100.08999633789062,5.01,5.27,5.67,16.65,165.9,0.6674757281553312,2.281134401972884,4.3
1999-04-02,,4.96,5.2,5.59,,,,,
1999-04-05,100.73999786376953,4.96,5.2,5.59,16.94,,,,
1999-04-06,99.91000366210938,4.93,5.13,5.52,16.79,,,,
1999-04-07,100.3499984741211,4.93,5.14,5.51,16.02,,,,
1999-04-08,100.44000244140625,4.86,5.03,5.44,15.92,,,,
1999-04-09,100.08000183105469,4.88,5.05,5.46,16.59,,,,
1999-04-12,99.80000305175781,4.93,5.06,5.45,16.44,,,,
1999-04-13,100.05999755859375,4.94,5.12,5.5,16.73,,,,
1999-04-14,99.81999969482422,4.95,5.13,5.51,16.51,,,,
1999-04-15,100.33999633789062,4.97,5.18,5.53,16.85,,,,
1999-04-16,100.08000183105469,5.02,5.23,5.57,17.34,,,,
1999-04-19,100.56999969482422,4.99,5.18,5.55,17.82,,,,
1999-04-20,100.80999755859375,4.95,5.16,5.52,17.79,,,,
1999-04-21,100.9800033569336,4.99,5.17,5.52,18.05,,,,
1999-04-22,100.91000366210938,5.05,5.25,5.61,18.02,,,,
1999-04-23,100.87000274658203,5.04,5.26,5.6,17.96,,,,
1999-04-26,101.0199966430664,5.04,5.23,5.57,17.67,,,,
1999-04-27,100.62999725341797,5.04,5.22,5.55,17.82,,,,
1999-04-28,100.79000091552734,5.02,5.27,5.58,18.43,,,,
1999-04-29,100.94000244140625,4.95,5.22,5.53,18.53,,,,
1999-04-30,101.0,5.08,5.36,5.68,18.69,,,,
1999-05-01,,,,,,166.0,0.06027727546713546,2.091020910209096,4.2
1999-05-03,101.11000061035156,5.08,5.38,5.67,18.83,,,,
1999-05-04,100.68000030517578,5.12,5.42,5.72,18.94,,,,
1999-05-05,99.91000366210938,5.09,5.4,5.71,18.89,,,,
1999-05-06,99.44999694824219,5.19,5.52,5.8,18.23,,,,
1999-05-07,99.98999786376953,5.19,5.54,5.82,18.23,,,,
1999-05-10,99.7300033569336,5.15,5.54,5.79,18.57,,,,
1999-05-11,100.23999786376953,5.19,5.59,5.85,17.84,,,,
1999-05-12,100.69999694824219,5.19,5.51,5.83,17.44,,,,
1999-05-13,100.69999694824219,5.12,5.41,5.75,18.11,,,,
1999-05-14,100.93000030517578,5.3,5.62,5.92,18.04,,,,
1999-05-17,100.86000061035156,5.31,5.66,5.91,17.76,,,,
1999-05-18,100.72000122070312,5.38,5.68,5.9,17.09,,,,
1999-05-19,101.08999633789062,5.37,5.6,5.81,16.77,,,,
1999-05-20,101.33999633789062,5.35,5.6,5.83,17.04,,,,
1999-05-21,101.63999938964844,5.3,5.52,5.78,17.22,,,,
1999-05-24,101.4000015258789,5.28,5.5,5.77,16.77,,,,
1999-05-25,101.37999725341797,5.3,5.49,5.76,17.25,,,,
1999-05-26,102.23999786376953,5.33,5.55,5.8,17.32,,,,
1999-05-27,102.08000183105469,5.43,5.62,5.85,17.18,,,,
1999-05-28,102.51000213623047,5.42,5.64,5.84,16.85,,,,
1999-06-01,102.06999969482422,5.54,5.78,5.94,16.31,166.0,0.0,1.9656019656019597,4.3
1999-06-02,102.79000091552734,5.55,5.8,5.94,16.61,,,,
1999-06-03,102.9800033569336,5.54,5.8,5.96,16.81,,,,
1999-06-04,102.6500015258789,5.56,5.82,5.97,17.36,,,,
1999-06-07,103.11000061035156,5.56,5.81,5.97,17.91,,,,
1999-06-08,101.76000213623047,5.57,5.83,6.0,17.66,,,,
1999-06-09,101.76000213623047,5.61,5.87,6.02,17.98,,,,
1999-06-10,101.58000183105469,5.66,5.92,6.05,17.82,,,,
1999-06-11,101.0,5.7,6.02,6.13,18.45,,,,
1999-06-14,102.11000061035156,5.66,5.98,6.11,18.24,,,,
1999-06-15,102.20999908447266,5.66,5.98,6.11,18.61,,,,
1999-06-16,102.8499984741211,5.61,5.94,6.08,17.92,,,,
1999-06-17,102.5199966430664,5.49,5.79,5.95,18.25,,,,
1999-06-18,102.37000274658203,5.56,5.84,5.98,18.01,,,,
1999-06-21,102.9000015258789,5.62,5.9,6.03,17.79,,,,
1999-06-22,103.0,5.65,5.94,6.07,17.62,,,,
1999-06-23,103.04000091552734,5.7,6.0,6.13,18.42,,,,
1999-06-24,102.51000213623047,5.75,6.05,6.17,18.26,,,,
1999-06-25,102.27999877929688,5.73,6.02,6.16,18.17,,,,
1999-06-28,102.8499984741211,5.68,5.96,6.1,18.22,,,,
1999-06-29,103.05000305175781,5.68,5.93,6.07,18.56,,,,
1999-06-30,102.8499984741211,5.53,5.81,5.98,19.33,,,,
1999-07-01,103.66000366210938,5.58,5.85,6.02,19.39,166.7,0.42168674698794817,2.1446078431372584,4.3
1999-07-02,103.48999786376953,5.58,5.82,6.0,19.7,,,,
1999-07-05,103.91999816894531,,,,,,,,
1999-07-06,103.8499984741211,5.64,5.88,6.05,19.78,,,,
1999-07-07,103.93000030517578,5.64,5.92,6.08,19.98,,,,
1999-07-08,104.12000274658203,5.59,5.85,6.01,19.76,,,,
1999-07-09,104.44000244140625,5.61,5.84,6.01,19.94,,,,
1999-07-12,104.5,5.53,5.74,5.92,19.92,,,,
1999-07-13,104.31999969482422,5.5,5.71,5.9,20.33,,,,
1999-07-14,103.93000030517578,5.55,5.74,5.92,19.89,,,,
1999-07-15,104.0,5.53,5.72,5.91,20.26,,,,
1999-07-16,104.08000183105469,5.5,5.68,5.9,20.66,,,,
1999-07-19,102.91999816894531,5.46,5.66,5.9,20.28,,,,
1999-07-20,102.41000366210938,5.43,5.65,5.89,19.38,,,,
1999-07-21,101.62999725341797,5.45,5.66,5.91,19.54,,,,
1999-07-22,101.48999786376953,5.52,5.78,5.97,19.84,,,,
1999-07-23,101.55000305175781,5.58,5.84,6.02,20.41,,,,
1999-07-26,100.56999969482422,5.61,5.86,6.04,20.49,,,,
1999-07-27,100.79000091552734,5.56,5.82,6.01,20.4,,,,
1999-07-28,100.41000366210938,5.54,5.81,6.01,20.61,,,,
1999-07-29,99.77999877929688,5.62,5.88,6.07,21.09,,,,
1999-07-30,99.75,5.63,5.92,6.11,20.52,,,,
1999-08-01,,,,,,167.1,0.23995200959807672,2.2643818849449104,4.2
1999-08-02,99.83999633789062,5.65,5.92,6.13,20.46,,,,
1999-08-03,99.91000366210938,5.65,5.95,6.15,20.21,,,,
1999-08-04,99.2699966430664,5.64,5.96,6.12,20.49,,,,
1999-08-05,99.41999816894531,5.55,5.88,6.05,20.67,,,,
1999-08-06,99.58999633789062,5.69,6.02,6.16,20.89,,,,
1999-08-09,99.9800033569336,5.79,6.13,6.23,21.26,,,,
1999-08-10,99.80999755859375,5.79,6.16,6.25,21.31,,,,
1999-08-11,100.18000030517578,5.76,6.05,6.22,21.54,,,,
1999-08-12,100.08999633789062,5.78,6.08,6.18,21.42,,,,
1999-08-13,100.58999633789062,5.71,5.98,6.09,21.67,,,,
1999-08-16,100.62999725341797,5.75,5.98,6.1,21.34,,,,
1999-08-17,100.83999633789062,5.68,5.89,6.02,21.7,,,,
1999-08-18,100.56999969482422,5.66,5.88,6.01,21.54,,,,
1999-08-19,99.80000305175781,5.66,5.9,6.03,21.86,,,,
1999-08-20,99.5999984741211,5.65,5.88,5.99,21.66,,,,
1999-08-23,100.73999786376953,5.66,5.89,5.98,21.61,,,,
1999-08-24,100.48999786376953,5.65,5.85,5.95,21.36,,,,
1999-08-25,101.30999755859375,5.53,5.73,5.87,20.66,,,,
1999-08-26,101.20999908447266,5.56,5.75,5.88,21.09,,,,
1999-08-27,101.08000183105469,5.65,5.85,5.96,21.31,,,,
1999-08-30,100.94000244140625,5.73,5.95,6.07,21.93,,,,
1999-08-31,99.94999694824219,5.73,5.98,6.07,22.15,,,,
1999-09-01,99.79000091552734,5.74,5.99,6.08,21.79,167.8,0.418910831837227,2.629969418960254,4.2
1999-09-02,99.25,5.74,6.03,6.15,21.54,,,,
1999-09-03,99.77999877929688,5.64,5.89,6.03,22.0,,,,
1999-09-06,99.9000015258789,,,,,,,,
1999-09-07,100.0,5.69,5.95,6.07,22.58,,,,
1999-09-08,99.87999725341797,5.67,5.93,6.07,22.64,,,,
1999-09-09,99.62999725341797,5.71,5.97,6.1,23.24,,,,
1999-09-10,101.0199966430664,5.64,5.89,6.03,23.55,,,,
1999-09-13,100.37999725341797,5.66,5.92,6.06,24.18,,,,
1999-09-14,100.7300033569336,5.71,5.96,6.11,23.86,,,,
1999-09-15,100.19999694824219,5.67,5.94,6.11,24.1,,,,
1999-09-16,100.31999969482422,5.63,5.9,6.08,24.52,,,,
1999-09-17,100.36000061035156,5.63,5.87,6.05,24.72,,,,
1999-09-20,100.51000213623047,5.67,5.91,6.08,24.32,,,,
1999-09-21,99.5999984741211,5.67,5.94,6.1,24.48,,,,
1999-09-22,99.75,5.67,5.92,6.1,24.26,,,,
1999-09-23,99.72000122070312,5.63,5.87,6.05,24.76,,,,
1999-09-24,99.63999938964844,5.55,5.75,5.95,24.81,,,,
1999-09-27,99.69000244140625,5.62,5.83,6.02,24.63,,,,
1999-09-28,99.18000030517578,5.65,5.89,6.07,24.52,,,,
1999-09-29,98.80000305175781,5.68,5.97,6.13,24.69,,,,
1999-09-30,98.54000091552734,5.63,5.9,6.06,24.54,,,,
1999-10-01,97.97000122070312,5.73,6.0,6.15,24.51,168.1,0.17878426698449967,2.56253813300793,4.1
1999-10-04,98.04000091552734,5.7,5.95,6.1,23.71,,,,
1999-10-05,97.9800033569336,5.78,6.02,6.17,23.37,,,,
1999-10-06,98.4800033569336,5.81,6.04,6.17,23.24,,,,
1999-10-07,98.37999725341797,5.82,6.05,6.19,22.46,,,,
1999-10-08,99.0199966430664,5.8,6.04,6.2,20.81,,,,
1999-10-11,98.7699966430664,,,,21.58,,,,
1999-10-12,97.94999694824219,5.82,6.07,6.23,22.93,,,,
1999-10-13,97.88999938964844,5.87,6.12,6.29,22.93,,,,
1999-10-14,97.91999816894531,5.9,6.17,6.32,22.46,,,,
1999-10-15,97.04000091552734,5.82,6.09,6.26,22.81,,,,
1999-10-18,97.41999816894531,5.85,6.12,6.3,22.44,,,,
1999-10-19,97.37999725341797,5.92,6.18,6.35,22.36,,,,
1999-10-20,98.12999725341797,5.94,6.19,6.34,22.21,,,,
1999-10-21,97.4800033569336,5.93,6.2,6.36,22.74,,,,
1999-10-22,98.4800033569336,5.96,6.21,6.36,23.48,,,,
1999-10-25,98.33999633789062,5.98,6.22,6.36,23.22,,,,
1999-10-26,98.81999969482422,6.02,6.24,6.38,23.17,,,,
1999-10-27,99.30000305175781,5.94,6.19,6.33,22.71,,,,
1999-10-28,99.37000274658203,5.87,6.12,6.25,21.59,,,,
1999-10-29,99.05999755859375,5.79,6.02,6.16,21.79,,,,
1999-11-01,99.30999755859375,5.83,6.06,6.19,22.44,168.4,0.17846519928614857,2.6203534430225606,4.1
1999-11-02,99.18000030517578,5.81,6.04,6.15,22.49,,,,
1999-11-03,99.55000305175781,5.79,6.01,6.14,22.59,,,,
1999-11-04,100.43000030517578,5.74,5.95,6.09,23.17,,,,
1999-11-05,100.27999877929688,5.72,5.92,6.05,22.93,,,,
1999-11-08,100.3499984741211,5.74,5.95,6.06,23.28,,,,
1999-11-09,100.2699966430664,5.77,5.97,6.07,24.21,,,,
1999-11-10,99.79000091552734,5.81,6.0,6.09,24.37,,,,
1999-11-11,100.13999938964844,,,,24.33,,,,
1999-11-12,100.75,5.78,5.93,6.03,24.91,,,,
1999-11-15,100.69000244140625,5.79,5.94,6.04,25.31,,,,
1999-11-16,100.79000091552734,5.85,5.97,6.06,26.04,,,,
1999-11-17,100.19999694824219,5.9,6.04,6.13,26.57,,,,
1999-11-18,101.0,5.9,6.06,6.17,25.71,,,,
1999-11-19,100.88999938964844,5.92,6.07,6.17,26.61,,,,
1999-11-22,100.66000366210938,5.95,6.09,6.2,28.03,,,,
1999-11-23,100.83000183105469,5.93,6.08,6.2,26.91,,,,
1999-11-24,101.72000122070312,5.97,6.09,6.22,27.22,,,,
1999-11-25,101.52999877929688,,,,,,,,
1999-11-26,101.36000061035156,5.99,6.12,6.24,27.22,,,,
1999-11-29,101.86000061035156,6.04,6.21,6.31,25.84,,,,
1999-11-30,101.98999786376953,6.01,6.18,6.29,24.87,,,,
1999-12-01,102.08999633789062,6.04,6.21,6.3,25.01,168.8,0.23752969121140222,2.676399026763998,4.0
1999-12-02,102.5199966430664,6.06,6.24,6.31,25.88,,,,
1999-12-03,102.51000213623047,5.99,6.17,6.27,25.71,,,,
1999-12-06,101.12999725341797,5.98,6.16,6.25,26.67,,,,
1999-12-07,100.81999969482422,5.95,6.11,6.21,26.36,,,,
1999-12-08,100.70999908447266,5.98,6.15,6.23,26.69,,,,
1999-12-09,101.0199966430664,5.96,6.14,6.22,26.0,,,,
1999-12-10,101.66000366210938,5.93,6.08,6.17,25.21,,,,
1999-12-13,101.66999816894531,5.96,6.11,6.2,25.37,,,,
1999-12-14,102.3499984741211,6.07,6.22,6.31,25.87,,,,
1999-12-15,102.4000015258789,6.1,6.25,6.34,26.28,,,,
1999-12-16,101.5999984741211,6.15,6.31,6.39,26.74,,,,
1999-12-17,102.18000030517578,6.15,6.3,6.38,26.76,,,,
1999-12-20,101.8499984741211,6.21,6.36,6.44,26.55,,,,
1999-12-21,101.93000030517578,6.21,6.38,6.46,26.34,,,,
1999-12-22,101.87000274658203,6.24,6.39,6.47,25.51,,,,
1999-12-23,101.44000244140625,6.24,6.41,6.48,25.86,,,,
1999-12-24,101.58000183105469,,,,,,,,
1999-12-27,101.48999786376953,6.21,6.4,6.46,26.36,,,,
1999-12-28,101.94000244140625,6.23,6.43,6.48,26.81,,,,
1999-12-29,101.9800033569336,6.21,6.4,6.45,26.41,,,,
1999-12-30,101.81999969482422,6.19,6.39,6.43,25.76,,,,
1999-12-31,101.87000274658203,6.24,6.45,6.48,,,,,
2000-01-01,,,,,,169.3,0.2962085308056972,2.792956891317555,4.0
2000-01-03,100.22000122070312,6.38,6.58,6.61,,,,,
2000-01-04,100.41000366210938,6.3,6.49,6.53,25.56,,,,
2000-01-05,100.37999725341797,6.38,6.62,6.64,24.65,,,,
2000-01-06,100.6500015258789,6.35,6.57,6.58,24.79,,,,
2000-01-07,100.80000305175781,6.31,6.52,6.55,24.79,,,,
2000-01-10,100.98999786376953,6.38,6.57,6.59,24.71,,,,
2000-01-11,100.55999755859375,6.45,6.67,6.68,25.69,,,,
2000-01-12,100.62000274658203,6.49,6.72,6.71,26.3,,,,
2000-01-13,101.0,6.4,6.63,6.65,26.63,,,,
2000-01-14,101.72000122070312,6.44,6.69,6.69,28.01,,,,
2000-01-17,102.05000305175781,,,,,,,,
2000-01-18,101.86000061035156,6.47,6.75,6.75,28.98,,,,
2000-01-19,101.76000213623047,6.46,6.73,6.72,29.11,,,,
2000-01-20,101.36000061035156,6.49,6.79,6.74,29.67,,,,
2000-01-21,101.76000213623047,6.48,6.79,6.71,29.71,,,,
2000-01-24,102.19999694824219,6.43,6.69,6.65,29.25,,,,
2000-01-25,102.41000366210938,6.44,6.7,6.64,30.28,,,,
2000-01-26,102.44000244140625,6.45,6.69,6.6,27.66,,,,
2000-01-27,103.16999816894531,6.51,6.68,6.53,27.22,,,,
2000-01-28,104.4800033569336,6.58,6.66,6.45,27.27,,,,
2000-01-31,105.12999725341797,6.61,6.68,6.49,27.65,,,,
2000-02-01,104.91999816894531,6.6,6.62,6.43,28.28,170.0,0.41346721795627595,3.2179720704310855,4.1
2000-02-02,104.79000091552734,6.63,6.6,6.32,27.52,,,,
2000-02-03,103.80000305175781,6.56,6.49,6.17,28.26,,,,
2000-02-04,104.29000091552734,6.63,6.53,6.23,28.67,,,,
2000-02-07,104.63999938964844,6.68,6.64,6.34,28.4,,,,
2000-02-08,104.22000122070312,6.69,6.59,6.22,28.05,,,,
2000-02-09,103.68000030517578,6.69,6.56,6.32,28.71,,,,
2000-02-10,104.12999725341797,6.67,6.67,6.35,29.49,,,,
2000-02-11,104.19000244140625,6.65,6.63,6.29,29.51,,,,
2000-02-14,104.72000122070312,6.62,6.56,6.22,30.3,,,,
2000-02-15,104.69000244140625,6.66,6.56,6.26,30.17,,,,
2000-02-16,104.27999877929688,6.63,6.56,6.27,30.01,,,,
2000-02-17,104.2699966430664,6.69,6.58,6.23,29.37,,,,
2000-02-18,104.62999725341797,6.66,6.49,6.16,29.51,,,,
2000-02-21,104.58000183105469,,,,,,,,
2000-02-22,103.27999877929688,6.57,6.36,6.08,29.63,,,,
2000-02-23,103.52999877929688,6.61,6.44,6.14,30.19,,,,
2000-02-24,104.01000213623047,6.52,6.36,6.13,30.23,,,,
2000-02-25,105.26000213623047,6.45,6.36,6.17,30.34,,,,
2000-02-28,105.2699966430664,6.47,6.37,6.16,30.11,,,,
2000-02-29,105.91999816894531,6.53,6.42,6.15,30.57,,,,
2000-03-01,104.88999938964844,6.52,6.39,6.16,31.71,171.0,0.588235294117645,3.762135922330101,4.0
2000-03-02,105.6500015258789,6.52,6.4,6.15,31.51,,,,
2000-03-03,106.0,6.5,6.39,6.13,31.46,,,,
2000-03-06,106.16000366210938,6.55,6.42,6.16,32.19,,,,
2000-03-07,106.08999633789062,6.48,6.39,6.16,33.9,,,,
2000-03-08,105.93000030517578,6.5,6.38,6.17,31.22,,,,
2000-03-09,105.37000274658203,6.48,6.35,6.16,31.61,,,,
2000-03-10,105.70999908447266,6.55,6.39,6.19,31.76,,,,
2000-03-13,105.5,6.52,6.36,6.17,32.11,,,,
2000-03-14,105.30000305175781,6.48,6.31,6.11,31.93,,,,
2000-03-15,105.37999725341797,6.5,6.29,6.07,30.47,,,,
2000-03-16,105.18000030517578,6.5,6.26,6.05,31.1,,,,
2000-03-17,105.19999694824219,6.5,6.2,6.01,30.86,,,,
2000-03-20,105.1500015258789,6.52,6.18,5.99,29.33,,,,
2000-03-21,105.80999755859375,6.5,6.13,5.97,28.01,,,,
2000-03-22,106.04000091552734,6.5,6.13,5.97,27.28,,,,
2000-03-23,105.2300033569336,6.52,6.08,5.92,27.47,,,,
2000-03-24,104.7699966430664,6.64,6.2,6.0,27.86,,,,
2000-03-27,105.44999694824219,6.66,6.21,5.99,27.59,,,,
2000-03-28,105.52999877929688,6.6,6.17,5.98,27.1,,,,
2000-03-29,106.25,6.59,6.18,5.99,26.36,,,,
2000-03-30,105.47000122070312,6.52,6.06,5.89,26.67,,,,
2000-03-31,105.44000244140625,6.5,6.03,5.84,26.86,,,,
2000-04-01,,,,,,170.9,-0.05847953216373547,3.013863773357439,3.8
2000-04-03,105.54000091552734,6.45,6.0,5.84,26.28,,,,
2000-04-04,105.16999816894531,6.35,5.9,5.77,25.46,,,,
2000-04-05,105.29000091552734,6.35,5.9,5.81,25.76,,,,
2000-04-06,105.5199966430664,6.38,5.93,5.8,25.51,,,,
2000-04-07,105.97000122070312,6.38,5.86,5.71,24.97,,,,
2000-04-10,105.68000030517578,6.31,5.8,5.69,23.91,,,,
2000-04-11,105.94000244140625,6.36,5.89,5.77,24.17,,,,
2000-04-12,105.95999908447266,6.4,5.97,5.84,25.49,,,,
2000-04-13,106.13999938964844,6.4,5.94,5.81,25.29,,,,
2000-04-14,105.75,6.27,5.85,5.79,25.48,,,,
2000-04-17,106.12999725341797,6.33,6.01,5.92,26.06,,,,
2000-04-18,106.62999725341797,6.33,6.05,5.92,25.92,,,,
2000-04-19,107.12999725341797,6.33,5.99,5.85,27.38,,,,
2000-04-20,107.44999694824219,6.38,5.99,5.83,27.29,,,,
2000-04-24,107.27999877929688,6.36,6.0,5.86,27.41,,,,
2000-04-25,108.69000244140625,6.48,6.14,5.95,26.41,,,,
2000-04-26,108.55000305175781,6.5,6.14,5.95,24.69,,,,
2000-04-27,109.56999969482422,6.63,6.23,6.0,25.53,,,,
2000-04-28,110.13999938964844,6.68,6.23,5.97,25.71,,,,
2000-05-01,109.62999725341797,6.73,6.29,5.98,25.84,171.2,0.17554125219425565,3.1325301204819134,4.0
2000-05-02,110.26000213623047,6.72,6.32,6.03,26.86,,,,
2000-05-03,111.26000213623047,6.73,6.4,6.11,26.6,,,,
2000-05-04,111.80000305175781,6.77,6.46,6.19,27.08,,,,
2000-05-05,111.30999755859375,6.84,6.51,6.2,27.37,,,,
2000-05-08,111.44999694824219,6.87,6.57,6.25,28.05,,,,
2000-05-09,110.75,6.86,6.53,6.22,28.46,,,,
2000-05-10,110.80000305175781,6.84,6.47,6.18,28.1,,,,
2000-05-11,111.5199966430664,6.82,6.43,6.16,29.25,,,,
2000-05-12,109.9000015258789,6.91,6.51,6.2,29.64,,,,
2000-05-15,110.55999755859375,6.88,6.47,6.17,29.95,,,,
2000-05-16,111.30999755859375,6.89,6.43,6.12,29.76,,,,
2000-05-17,112.0999984741211,6.9,6.48,6.18,29.38,,,,
2000-05-18,112.20999908447266,6.93,6.56,6.24,30.28,,,,
2000-05-19,111.47000122070312,6.86,6.51,6.22,30.02,,,,
2000-05-22,111.05999755859375,6.81,6.44,6.18,28.62,,,,
2000-05-23,111.13999938964844,6.83,6.45,6.17,28.61,,,,
2000-05-24,111.22000122070312,6.79,6.47,6.19,29.89,,,,
2000-05-25,110.75,6.71,6.39,6.11,30.43,,,,
2000-05-26,109.12000274658203,6.69,6.33,6.06,29.76,,,,
2000-05-30,108.93000030517578,6.74,6.38,6.09,30.36,,,,
2000-05-31,108.73999786376953,6.69,6.29,6.02,29.03,,,,
2000-06-01,109.05000305175781,6.61,6.2,5.95,30.19,172.2,0.5841121495327117,3.7349397590361377,4.0
2000-06-02,108.12000274658203,6.52,6.15,5.94,30.34,,,,
2000-06-05,107.45999908447266,6.49,6.12,5.91,29.87,,,,
2000-06-06,106.58999633789062,6.51,6.14,5.91,29.78,,,,
2000-06-07,106.18000030517578,6.52,6.13,5.89,29.29,,,,
2000-06-08,106.70999908447266,6.56,6.13,5.89,29.78,,,,
2000-06-09,106.98999786376953,6.56,6.13,5.89,30.22,,,,
2000-06-12,106.97000122070312,6.52,6.09,5.88,31.76,,,,
2000-06-13,106.4000015258789,6.49,6.11,5.94,32.73,,,,
2000-06-14,106.45999908447266,6.44,6.06,5.91,32.72,,,,
2000-06-15,106.87999725341797,6.44,6.05,5.93,32.7,,,,
2000-06-16,105.95999908447266,6.38,5.99,5.88,32.35,,,,
2000-06-19,106.33000183105469,6.4,6.0,5.89,31.57,,,,
2000-06-20,106.33000183105469,6.43,6.03,5.9,33.07,,,,
2000-06-21,107.43000030517578,6.5,6.11,5.96,33.64,,,,
2000-06-22,107.70999908447266,6.5,6.12,5.98,34.72,,,,
2000-06-23,108.01000213623047,6.55,6.19,6.04,34.76,,,,
2000-06-26,108.11000061035156,6.5,6.11,5.99,31.56,,,,
2000-06-27,107.36000061035156,6.5,6.1,5.95,32.01,,,,
2000-06-28,107.5999984741211,6.43,6.11,5.97,31.86,,,,
2000-06-29,106.83999633789062,6.37,6.04,5.88,32.73,,,,
2000-06-30,106.83999633789062,6.38,6.03,5.9,32.44,,,,
2000-07-01,,,,,,172.7,0.29036004645761615,3.5992801439711952,4.0
2000-07-03,107.05999755859375,6.31,6.0,5.87,,,,,
2000-07-04,107.29000091552734,,,,,,,,
2000-07-05,107.12000274658203,6.29,5.99,5.86,30.76,,,,
2000-07-06,107.37000274658203,6.34,6.05,5.91,30.19,,,,
2000-07-07,107.6500015258789,6.29,6.01,5.87,30.26,,,,
2000-07-10,107.01000213623047,6.31,6.04,5.88,29.51,,,,
2000-07-11,107.13999938964844,6.32,6.06,5.89,29.61,,,,
2000-07-12,108.12000274658203,6.34,6.09,5.89,30.34,,,,
2000-07-13,108.54000091552734,6.31,6.01,5.81,31.41,,,,
2000-07-14,108.44999694824219,6.41,6.1,5.88,31.31,,,,
2000-07-17,108.69999694824219,6.46,6.17,5.93,30.71,,,,
2000-07-18,109.37999725341797,6.44,6.16,5.92,31.94,,,,
2000-07-19,109.58999633789062,6.46,6.16,5.92,31.1,,,,
2000-07-20,108.61000061035156,6.32,6.01,5.81,30.94,,,,
2000-07-21,108.41999816894531,6.32,6.01,5.79,28.56,,,,
2000-07-24,108.69000244140625,6.35,6.04,5.81,27.97,,,,
2000-07-25,108.37999725341797,6.35,6.04,5.81,27.89,,,,
2000-07-26,108.11000061035156,6.29,6.04,5.82,27.81,,,,
2000-07-27,108.88999938964844,6.27,6.02,5.78,28.21,,,,
2000-07-28,109.73999786376953,6.3,6.04,5.78,28.22,,,,
2000-07-31,109.56999969482422,6.3,6.04,5.79,27.5,,,,
2000-08-01,110.05000305175781,6.27,6.0,5.74,27.85,172.7,0.0,3.3512866546977715,4.1
2000-08-02,110.66999816894531,6.23,5.98,5.77,28.27,,,,
2000-08-03,110.9800033569336,6.22,5.95,5.74,28.92,,,,
2000-08-04,110.8499984741211,6.15,5.91,5.72,29.94,,,,
2000-08-07,110.80000305175781,6.2,5.97,5.76,28.93,,,,
2000-08-08,111.31999969482422,6.16,5.93,5.73,29.26,,,,
2000-08-09,111.44000244140625,6.18,5.81,5.73,30.38,,,,
2000-08-10,110.9000015258789,6.16,5.76,5.68,31.09,,,,
2000-08-11,111.20999908447266,6.25,5.79,5.72,31.02,,,,
2000-08-14,111.08000183105469,6.25,5.78,5.7,31.92,,,,
2000-08-15,110.51000213623047,6.28,5.81,5.72,31.43,,,,
2000-08-16,110.26000213623047,6.3,5.83,5.73,31.91,,,,
2000-08-17,110.11000061035156,6.3,5.81,5.72,31.88,,,,
2000-08-18,111.01000213623047,6.27,5.78,5.69,31.97,,,,
2000-08-21,111.45999908447266,6.28,5.79,5.71,32.42,,,,
2000-08-22,111.79000091552734,6.27,5.78,5.71,31.24,,,,
2000-08-23,111.41999816894531,6.2,5.73,5.68,31.23,,,,
2000-08-24,111.2300033569336,6.19,5.73,5.67,33.41,,,,
2000-08-25,111.3499984741211,6.19,5.73,5.67,34.01,,,,
2000-08-28,111.45999908447266,6.23,5.78,5.72,32.92,,,,
2000-08-29,112.19999694824219,6.26,5.81,5.75,32.73,,,,
2000-08-30,112.13999938964844,6.24,5.81,5.74,33.25,,,,
2000-08-31,112.5999984741211,6.18,5.73,5.67,33.09,,,,
2000-09-01,111.41999816894531,6.09,5.68,5.67,33.42,173.6,0.5211349160393786,3.45649582836709,3.9
2000-09-05,112.41000366210938,6.09,5.69,5.67,33.92,,,,
2000-09-06,114.12000274658203,6.11,5.72,5.71,34.97,,,,
2000-09-07,113.6500015258789,6.14,5.76,5.72,35.18,,,,
2000-09-08,114.33999633789062,6.11,5.73,5.7,33.62,,,,
2000-09-11,115.37000274658203,6.12,5.77,5.73,35.14,,,,
2000-09-12,115.16999816894531,6.12,5.78,5.76,34.25,,,,
2000-09-13,115.33999633789062,6.09,5.74,5.73,33.87,,,,
2000-09-14,115.16000366210938,6.11,5.79,5.81,34.37,,,,
2000-09-15,115.94000244140625,6.07,5.84,5.9,35.87,,,,
2000-09-18,116.0,6.04,5.88,5.96,36.75,,,,
2000-09-19,116.11000061035156,6.05,5.86,5.92,36.96,,,,
2000-09-20,116.41000366210938,6.11,5.91,5.97,37.22,,,,
2000-09-21,115.2699966430664,6.11,5.88,5.93,33.84,,,,
2000-09-22,113.55999755859375,6.09,5.85,5.92,32.66,,,,
2000-09-25,114.05999755859375,6.11,5.84,5.9,31.5,,,,
2000-09-26,113.16000366210938,6.07,5.81,5.86,31.78,,,,
2000-09-27,113.11000061035156,6.0,5.83,5.9,31.23,,,,
2000-09-28,113.30999755859375,6.02,5.82,5.89,30.26,,,,
2000-09-29,113.25,5.98,5.8,5.88,30.87,,,,
2000-10-01,,,,,,173.9,0.1728110599078514,3.4503271861986873,3.9
2000-10-02,113.79000091552734,5.98,5.83,5.93,32.05,,,,
2000-10-03,114.22000122070312,6.0,5.87,5.94,31.86,,,,
2000-10-04,114.16999816894531,6.03,5.9,5.95,30.91,,,,
2000-10-05,114.73999786376953,6.02,5.87,5.91,30.66,,,,
2000-10-06,114.8499984741211,5.98,5.82,5.85,30.86,,,,
2000-10-09,114.80999755859375,,,,31.98,,,,
2000-10-10,114.36000061035156,5.98,5.8,5.83,33.29,,,,
2000-10-11,114.48999786376953,5.93,5.77,5.83,33.2,,,,
2000-10-12,114.88999938964844,5.86,5.73,5.82,36.06,,,,
2000-10-13,115.86000061035156,5.84,5.73,5.8,34.96,,,,
2000-10-16,116.38999938964844,5.89,5.74,5.81,33.18,,,,
2000-10-17,115.88999938964844,5.83,5.68,5.77,33.36,,,,
2000-10-18,117.33000183105469,5.82,5.66,5.77,33.51,,,,
2000-10-19,116.94000244140625,5.86,5.66,5.76,33.06,,,,
2000-10-20,117.16000366210938,5.84,5.64,5.73,34.31,,,,
2000-10-23,117.54000091552734,5.82,5.59,5.68,34.9,,,,
2000-10-24,117.41999816894531,5.86,5.63,5.71,34.53,,,,
2000-10-25,118.48999786376953,5.87,5.67,5.75,33.62,,,,
2000-10-26,118.5,5.9,5.69,5.74,33.75,,,,
2000-10-27,117.38999938964844,5.94,5.72,5.74,32.78,,,,
2000-10-30,117.25,5.97,5.74,5.76,32.86,,,,
2000-10-31,116.6500015258789,5.94,5.77,5.79,32.7,,,,
2000-11-01,115.55999755859375,5.88,5.74,5.78,33.14,174.2,0.17251293847038163,3.444180522565321,3.9
2000-11-02,115.61000061035156,5.87,5.74,5.79,32.59,,,,
2000-11-03,114.97000122070312,5.94,5.83,5.86,32.62,,,,
2000-11-06,115.69000244140625,5.99,5.87,5.89,33.02,,,,
2000-11-07,115.5199966430664,5.99,5.87,5.9,33.44,,,,
2000-11-08,116.2300033569336,5.99,5.87,5.89,32.92,,,,
2000-11-09,115.33999633789062,5.94,5.82,5.85,33.87,,,,
2000-11-10,115.79000091552734,5.92,5.82,5.88,34.05,,,,
2000-11-13,115.69999694824219,5.9,5.77,5.85,34.3,,,,
2000-11-14,116.22000122070312,5.92,5.76,5.81,34.72,,,,
2000-11-15,116.3499984741211,5.9,5.72,5.77,35.54,,,,
2000-11-16,116.93000030517578,5.87,5.68,5.75,34.84,,,,
2000-11-17,117.30999755859375,5.88,5.71,5.78,35.62,,,,
2000-11-20,117.3499984741211,5.87,5.68,5.76,35.98,,,,
2000-11-21,117.94999694824219,5.86,5.67,5.74,35.54,,,,
2000-11-22,117.8499984741211,5.85,5.62,5.68,36.06,,,,
2000-11-23,118.08999633789062,,,,,,,,
2000-11-24,118.4800033569336,5.86,5.63,5.67,36.06,,,,
2000-11-27,117.0999984741211,5.86,5.64,5.71,36.24,,,,
2000-11-28,116.58000183105469,5.79,5.59,5.67,34.02,,,,
2000-11-29,116.61000061035156,5.69,5.55,5.66,34.58,,,,
2000-11-30,115.23999786376953,5.61,5.48,5.6,33.61,,,,
2000-12-01,114.7300033569336,5.62,5.52,5.64,32.06,174.6,0.22962112514350874,3.4360189573459543,3.9
2000-12-04,113.70999908447266,5.59,5.53,5.66,31.28,,,,
2000-12-05,114.47000122070312,5.49,5.43,5.59,29.25,,,,
2000-12-06,113.30999755859375,5.42,5.32,5.52,30.24,,,,
2000-12-07,113.54000091552734,5.45,5.32,5.51,29.36,,,,
2000-12-08,114.05000305175781,5.5,5.35,5.55,28.31,,,,
2000-12-11,114.29000091552734,5.52,5.37,5.54,29.75,,,,
2000-12-12,114.26000213623047,5.54,5.36,5.53,29.81,,,,
2000-12-13,114.70999908447266,5.45,5.29,5.48,28.75,,,,
2000-12-14,113.37999725341797,5.43,5.23,5.45,28.06,,,,
2000-12-15,112.9000015258789,5.38,5.2,5.44,28.86,,,,
2000-12-18,113.06999969482422,5.33,5.17,5.44,29.52,,,,
2000-12-19,113.20999908447266,5.35,5.19,5.47,29.34,,,,
2000-12-20,111.97000122070312,5.24,5.08,5.42,25.83,,,,
2000-12-21,111.51000213623047,5.14,5.03,5.41,26.06,,,,
2000-12-22,110.81999969482422,5.1,5.02,5.4,26.16,,,,
2000-12-26,110.30999755859375,5.1,5.04,5.41,27.0,,,,
2000-12-27,110.31999969482422,5.1,5.11,5.45,26.55,,,,
2000-12-28,110.37999725341797,5.18,5.13,5.44,25.82,,,,
2000-12-29,109.55999755859375,5.11,5.12,5.46,26.72,,,,
2001-01-01,,,,,,175.6,0.572737686139746,3.7212049616065945,4.2
2001-01-02,108.7699966430664,4.87,4.92,5.35,27.29,,,,
2001-01-03,110.16999816894531,4.92,5.14,5.49,27.93,,,,
2001-01-04,108.80999755859375,4.77,5.03,5.44,27.95,,,,
2001-01-05,108.41999816894531,4.56,4.93,5.41,28.02,,,,
2001-01-08,108.86000061035156,4.54,4.94,5.42,27.44,,,,
2001-01-09,109.5199966430664,4.64,4.98,5.43,27.72,,,,
2001-01-10,109.86000061035156,4.76,5.1,5.49,29.42,,,,
2001-01-11,109.01000213623047,4.77,5.14,5.55,29.42,,,,
2001-01-12,109.36000061035156,4.9,5.25,5.63,30.07,,,,
2001-01-15,109.97000122070312,,,,,,,,
2001-01-16,110.11000061035156,4.89,5.24,5.6,30.19,,,,
2001-01-17,110.80999755859375,4.84,5.19,5.52,29.77,,,,
2001-01-18,109.94000244140625,4.72,5.12,5.47,30.42,,,,
2001-01-19,110.66000366210938,4.75,5.19,5.56,32.12,,,,
2001-01-22,110.23999786376953,4.75,5.25,5.61,32.21,,,,
2001-01-23,110.23999786376953,4.82,5.3,5.65,31.66,,,,
2001-01-24,111.68000030517578,4.81,5.33,5.67,31.46,,,,
2001-01-25,111.61000061035156,4.78,5.29,5.61,31.61,,,,
2001-01-26,111.45999908447266,4.78,5.29,5.64,29.79,,,,
2001-01-29,111.7699966430664,4.77,5.32,5.69,29.07,,,,
2001-01-30,110.9800033569336,4.7,5.24,5.59,29.12,,,,
2001-01-31,110.5199966430664,4.62,5.19,5.54,28.62,,,,
2001-02-01,109.66000366210938,4.55,5.1,5.46,29.88,176.0,0.2277904328018332,3.529411764705892,4.2
2001-02-02,110.31999969482422,4.65,5.17,5.51,31.27,,,,
2001-02-05,109.88999938964844,4.68,5.18,5.48,30.55,,,,
2001-02-06,110.7699966430664,4.72,5.22,5.51,30.27,,,,
2001-02-07,110.88999938964844,4.7,5.1,5.52,31.27,,,,
2001-02-08,112.05999755859375,4.73,5.1,5.44,31.57,,,,
2001-02-09,111.5199966430664,4.67,5.03,5.38,30.93,,,,
2001-02-12,111.19000244140625,4.67,5.05,5.42,30.52,,,,
2001-02-13,111.95999908447266,4.75,5.07,5.43,30.12,,,,
2001-02-14,112.04000091552734,4.84,5.13,5.44,29.55,,,,
2001-02-15,113.19999694824219,4.89,5.19,5.5,28.96,,,,
2001-02-16,112.26000213623047,4.75,5.11,5.46,29.22,,,,
2001-02-19,111.91999816894531,,,,,,,,
2001-02-20,112.81999969482422,4.73,5.11,5.46,28.6,,,,
2001-02-21,113.12000274658203,4.68,5.14,5.49,28.64,,,,
2001-02-22,113.33999633789062,4.63,5.15,5.52,28.52,,,,
2001-02-23,112.02999877929688,4.53,5.1,5.49,28.83,,,,
2001-02-26,112.7699966430664,4.46,5.05,5.45,28.27,,,,
2001-02-27,112.33999633789062,4.44,4.96,5.34,28.26,,,,
2001-02-28,112.01000213623047,4.41,4.92,5.34,27.35,,,,
2001-03-01,111.27999877929688,4.41,4.87,5.29,27.78,176.1,0.05681818181817455,2.9824561403508643,4.3
2001-03-02,111.16999816894531,4.48,4.95,5.38,27.89,,,,
2001-03-05,111.54000091552734,4.49,4.98,5.36,28.61,,,,
2001-03-06,111.19999694824219,4.49,4.99,5.38,28.4,,,,
2001-03-07,111.83000183105469,4.43,4.92,5.32,28.95,,,,
2001-03-08,111.48999786376953,4.43,4.89,5.3,28.31,,,,
2001-03-09,111.44000244140625,4.47,4.95,5.32,27.97,,,,
2001-03-12,112.01000213623047,4.46,4.92,5.31,27.91,,,,
2001-03-13,113.11000061035156,4.46,4.95,5.34,27.45,,,,
2001-03-14,113.69999694824219,4.32,4.84,5.28,26.49,,,,
2001-03-15,114.70999908447266,4.22,4.81,5.29,26.56,,,,
2001-03-16,115.31999969482422,4.26,4.78,5.28,26.68,,,,
2001-03-19,115.19999694824219,4.32,4.82,5.3,26.17,,,,
2001-03-20,114.11000061035156,4.24,4.78,5.27,25.99,,,,
2001-03-21,115.52999877929688,4.21,4.77,5.28,26.43,,,,
2001-03-22,116.30000305175781,4.17,4.73,5.25,26.19,,,,
2001-03-23,115.94000244140625,4.24,4.8,5.3,27.31,,,,
2001-03-26,115.20999908447266,4.27,4.85,5.36,27.4,,,,
2001-03-27,115.43000030517578,4.41,5.0,5.45,27.62,,,,
2001-03-28,116.01000213623047,4.3,4.97,5.47,26.43,,,,
2001-03-29,116.5999984741211,4.27,4.98,5.48,26.47,,,,
2001-03-30,117.37000274658203,4.18,4.93,5.46,26.37,,,,
2001-04-01,,,,,,176.4,0.17035775127769437,3.2182562902282053,4.4
2001-04-02,117.33999633789062,4.22,4.98,5.49,25.7,,,,
2001-04-03,115.62999725341797,4.15,4.94,5.48,26.65,,,,
2001-04-04,115.08000183105469,4.12,4.94,5.5,27.16,,,,
2001-04-05,115.47000122070312,4.19,4.98,5.53,27.24,,,,
2001-04-06,114.75,4.07,4.89,5.46,27.07,,,,
2001-04-09,115.20999908447266,4.1,4.93,5.5,27.45,,,,
2001-04-10,116.0199966430664,4.24,5.09,5.63,28.47,,,,
2001-04-11,116.12999725341797,4.29,5.12,5.6,28.42,,,,
2001-04-12,115.54000091552734,4.36,5.17,5.61,28.75,,,,
2001-04-16,116.18000030517578,4.49,5.28,5.7,28.81,,,,
2001-04-17,116.45999908447266,4.41,5.21,5.65,27.89,,,,
2001-04-18,116.12999725341797,4.26,5.14,5.65,27.83,,,,
2001-04-19,115.0199966430664,4.29,5.27,5.77,27.92,,,,
2001-04-20,114.31999969482422,4.26,5.29,5.79,27.0,,,,
2001-04-23,114.7699966430664,4.15,5.2,5.73,26.97,,,,
2001-04-24,115.19999694824219,4.16,5.22,5.75,25.24,,,,
2001-04-25,114.9800033569336,4.2,5.28,5.78,25.93,,,,
2001-04-26,114.45999908447266,4.14,5.2,5.71,28.47,,,,
2001-04-27,115.62000274658203,4.28,5.34,5.81,28.35,,,,
2001-04-30,115.8499984741211,4.3,5.35,5.78,28.48,,,,
2001-05-01,115.30000305175781,4.23,5.3,5.75,28.37,177.3,0.5102040816326481,3.5630841121495394,4.3
2001-05-02,115.16000366210938,4.27,5.31,5.71,27.89,,,,
2001-05-03,115.37999725341797,4.22,5.22,5.64,28.66,,,,
2001-05-04,114.93000030517578,4.14,5.21,5.65,28.41,,,,
2001-05-07,115.31999969482422,4.12,5.21,5.68,27.79,,,,
2001-05-08,116.08000183105469,4.1,5.24,5.72,27.35,,,,
2001-05-09,116.05000305175781,4.07,5.2,5.67,28.39,,,,
2001-05-10,116.37000274658203,4.17,5.31,5.75,28.5,,,,
2001-05-11,116.83999633789062,4.36,5.51,5.88,28.59,,,,
2001-05-14,117.13999938964844,4.29,5.46,5.85,28.83,,,,
2001-05-15,116.79000091552734,4.28,5.5,5.89,28.9,,,,
2001-05-16,116.13999938964844,4.25,5.48,5.86,28.77,,,,
2001-05-17,116.12000274658203,4.33,5.46,5.8,29.02,,,,
2001-05-18,116.41000366210938,4.37,5.41,5.76,29.9,,,,
2001-05-21,116.5199966430664,4.37,5.41,5.75,29.96,,,,
2001-05-22,117.69000244140625,4.34,5.42,5.78,29.75,,,,
2001-05-23,118.29000091552734,4.29,5.41,5.79,28.85,,,,
2001-05-24,118.36000061035156,4.32,5.52,5.87,27.97,,,,
2001-05-25,118.18000030517578,4.31,5.52,5.86,28.08,,,,
2001-05-29,118.22000122070312,4.33,5.54,5.86,28.76,,,,
2001-05-30,118.22000122070312,4.34,5.54,5.86,28.71,,,,
2001-05-31,119.06999969482422,4.22,5.43,5.78,28.39,,,,
2001-06-01,118.88999938964844,4.22,5.39,5.71,27.88,177.7,0.2256063169768563,3.193960511033689,4.5
2001-06-04,119.19000244140625,4.19,5.35,5.69,28.14,,,,
2001-06-05,118.69999694824219,4.12,5.29,5.66,27.84,,,,
2001-06-06,119.36000061035156,4.12,5.27,5.65,27.56,,,,
2001-06-07,119.08999633789062,4.14,5.33,5.72,27.91,,,,
2001-06-08,119.20999908447266,4.17,5.38,5.73,28.43,,,,
2001-06-11,120.05000305175781,4.11,5.32,5.69,28.94,,,,
2001-06-12,119.61000061035156,4.09,5.27,5.65,29.13,,,,
2001-06-13,119.02999877929688,4.08,5.28,5.66,28.81,,,,
2001-06-14,117.98999786376953,4.04,5.26,5.65,29.12,,,,
2001-06-15,118.29000091552734,4.01,5.27,5.68,28.52,,,,
2001-06-18,118.36000061035156,3.98,5.27,5.7,27.55,,,,
2001-06-19,119.04000091552734,3.99,5.26,5.69,27.49,,,,
2001-06-20,119.12999725341797,3.98,5.24,5.67,26.52,,,,
2001-06-21,118.88999938964844,3.99,5.22,5.64,26.85,,,,
2001-06-22,118.91000366210938,3.93,5.14,5.58,27.02,,,,
2001-06-25,118.31999969482422,3.96,5.16,5.59,27.11,,,,
2001-06-26,118.06999969482422,4.03,5.24,5.65,26.97,,,,
2001-06-27,118.37999725341797,4.06,5.26,5.62,25.67,,,,
2001-06-28,120.01000213623047,4.22,5.35,5.68,25.75,,,,
2001-06-29,119.43000030517578,4.25,5.42,5.75,26.37,,,,
2001-07-01,,,,,,177.4,-0.16882386043892694,2.7214823393167498,4.6
2001-07-02,119.66999816894531,4.21,5.37,5.7,26.02,,,,
2001-07-03,119.5999984741211,4.24,5.41,5.73,26.28,,,,
2001-07-04,119.91000366210938,,,,,,,,
2001-07-05,120.9000015258789,4.24,5.44,5.76,27.07,,,,
2001-07-06,119.9000015258789,4.16,5.41,5.75,28.1,,,,
2001-07-09,119.88999938964844,4.15,5.37,5.7,27.63,,,,
2001-07-10,119.12999725341797,4.08,5.32,5.68,27.22,,,,
2001-07-11,118.63999938964844,4.07,5.31,5.69,27.07,,,,
2001-07-12,119.08999633789062,4.07,5.27,5.65,26.85,,,,
2001-07-13,119.33000183105469,4.12,5.27,5.64,26.57,,,,
2001-07-16,119.30000305175781,4.07,5.21,5.59,26.02,,,,
2001-07-17,118.9000015258789,4.09,5.22,5.59,25.33,,,,
2001-07-18,117.37999725341797,3.96,5.12,5.52,24.65,,,,
2001-07-19,117.33000183105469,3.98,5.13,5.53,24.65,,,,
2001-07-20,117.20999908447266,3.98,5.15,5.54,25.67,,,,
2001-07-23,117.8499984741211,3.98,5.13,5.53,25.88,,,,
2001-07-24,117.12000274658203,3.97,5.13,5.52,26.18,,,,
2001-07-25,116.63999938964844,3.98,5.2,5.58,26.71,,,,
2001-07-26,116.73999786376953,3.94,5.19,5.59,26.74,,,,
2001-07-27,116.94000244140625,3.87,5.13,5.55,26.98,,,,
2001-07-30,117.19999694824219,3.86,5.11,5.53,26.6,,,,
2001-07-31,117.18000030517578,3.79,5.07,5.51,26.7,,,,
2001-08-01,116.55999755859375,3.83,5.11,5.53,26.83,177.4,0.0,2.7214823393167498,4.9
2001-08-02,116.27999877929688,3.89,5.17,5.57,27.86,,,,
2001-08-03,116.13999938964844,3.91,5.2,5.59,27.51,,,,
2001-08-06,116.41999816894531,3.88,5.19,5.59,27.7,,,,
2001-08-07,116.83000183105469,3.9,5.2,5.6,28.17,,,,
2001-08-08,116.54000091552734,3.77,4.99,5.52,27.62,,,,
2001-08-09,115.25,3.77,5.04,5.54,27.72,,,,
2001-08-10,115.29000091552734,3.73,4.99,5.52,28.12,,,,
2001-08-13,115.01000213623047,3.7,4.97,5.52,27.85,,,,
2001-08-14,114.38999938964844,3.74,4.97,5.51,28.1,,,,
2001-08-15,113.19000244140625,3.8,5.0,5.52,27.51,,,,
2001-08-16,113.08000183105469,3.75,4.95,5.48,27.47,,,,
2001-08-17,112.98999786376953,3.67,4.84,5.43,26.65,,,,
2001-08-20,113.4000015258789,3.74,4.91,5.46,27.2,,,,
2001-08-21,113.29000091552734,3.69,4.87,5.44,27.93,,,,
2001-08-22,113.2699966430664,3.76,4.91,5.44,27.17,,,,
2001-08-23,113.08999633789062,3.72,4.89,5.41,25.63,,,,
2001-08-24,113.33000183105469,3.76,4.93,5.45,28.34,,,,
2001-08-27,113.38999938964844,3.78,4.94,5.47,26.69,,,,
2001-08-28,113.43000030517578,3.71,4.85,5.41,27.16,,,,
2001-08-29,113.54000091552734,3.67,4.78,5.36,27.07,,,,
2001-08-30,112.83999633789062,3.61,4.79,5.37,26.65,,,,
2001-08-31,113.41999816894531,3.64,4.85,5.39,26.65,,,,
2001-09-01,,,,,,178.1,0.3945885005636862,2.5921658986175045,5.0
2001-09-03,113.66999816894531,,,,,,,,
2001-09-04,115.68000030517578,3.83,4.99,5.5,26.94,,,,
2001-09-05,115.5999984741211,3.79,4.97,5.48,27.03,,,,
2001-09-06,114.97000122070312,3.65,4.86,5.41,27.54,,,,
2001-09-07,114.05000305175781,3.53,4.8,5.39,27.99,,,,
2001-09-10,114.56999969482422,3.53,4.84,5.43,27.66,,,,
2001-09-11,,,,,27.65,,,,
2001-09-12,,,,,27.64,,,,
2001-09-13,,2.99,4.64,5.39,28.58,,,,
2001-09-14,,2.87,4.57,5.35,29.59,,,,
2001-09-17,112.01000213623047,2.96,4.63,5.41,28.84,,,,
2001-09-18,111.91999816894531,2.96,4.72,5.55,27.81,,,,
2001-09-19,111.61000061035156,2.81,4.69,5.56,26.73,,,,
2001-09-20,111.87000274658203,2.91,4.75,5.62,26.6,,,,
2001-09-21,113.04000091552734,2.91,4.7,5.59,25.46,,,,
2001-09-24,112.83999633789062,2.94,4.73,5.58,21.46,,,,
2001-09-25,112.27999877929688,2.88,4.72,5.58,21.63,,,,
2001-09-26,112.29000091552734,2.82,4.65,5.5,22.4,,,,
2001-09-27,112.9800033569336,2.78,4.58,5.45,22.8,,,,
2001-09-28,113.4800033569336,2.86,4.6,5.42,23.44,,,,
2001-10-01,113.0,2.82,4.55,5.38,23.12,177.6,-0.28074115665356336,2.127659574468077,5.3
2001-10-02,113.01000213623047,2.77,4.53,5.34,22.7,,,,
2001-10-03,113.4000015258789,2.77,4.5,5.32,22.17,,,,
2001-10-04,113.16000366210938,2.75,4.53,5.31,22.7,,,,
2001-10-05,112.91000366210938,2.71,4.52,5.31,22.32,,,,
2001-10-08,112.58999633789062,,,,22.25,,,,
2001-10-09,113.3499984741211,2.74,4.62,5.39,22.55,,,,
2001-10-10,113.69999694824219,2.78,4.61,5.36,22.51,,,,
2001-10-11,114.44000244140625,2.88,4.69,5.41,23.49,,,,
2001-10-12,113.88999938964844,2.81,4.68,5.42,22.49,,,,
2001-10-15,113.81999969482422,2.78,4.62,5.38,22.37,,,,
2001-10-16,113.91999816894531,2.77,4.59,5.35,22.01,,,,
2001-10-17,114.37999725341797,2.8,4.59,5.32,21.89,,,,
2001-10-18,114.3499984741211,2.77,4.58,5.32,21.33,,,,
2001-10-19,114.86000061035156,2.77,4.63,5.36,21.99,,,,
2001-10-22,115.75,2.79,4.63,5.36,21.78,,,,
2001-10-23,115.8499984741211,2.81,4.66,5.38,21.28,,,,
2001-10-24,115.5999984741211,2.72,4.61,5.32,22.0,,,,
2001-10-25,115.55000305175781,2.63,4.56,5.28,21.75,,,,
2001-10-26,115.6500015258789,2.63,4.53,5.27,22.07,,,,
2001-10-29,114.44000244140625,2.55,4.5,5.25,22.1,,,,
2001-10-30,114.3499984741211,2.48,4.44,5.22,21.83,,,,
2001-10-31,114.86000061035156,2.44,4.3,4.89,21.2,,,,
2001-11-01,114.45999908447266,2.49,4.24,4.79,20.47,177.5,-0.05630630630630851,1.894374282433997,5.5
2001-11-02,114.54000091552734,2.48,4.37,4.96,20.24,,,,
2001-11-05,114.54000091552734,2.46,4.31,4.86,20.0,,,,
2001-11-06,114.80999755859375,2.37,4.3,4.86,19.93,,,,
2001-11-07,114.9800033569336,2.32,4.22,4.79,20.11,,,,
2001-11-08,115.12999725341797,2.42,4.32,4.87,21.21,,,,
2001-11-09,115.08999633789062,2.45,4.34,4.88,22.23,,,,
2001-11-12,115.33999633789062,,,,21.26,,,,
2001-11-13,116.4000015258789,2.54,4.41,4.92,21.56,,,,
2001-11-14,116.19999694824219,2.7,4.54,5.02,19.63,,,,
2001-11-15,116.51000213623047,2.98,4.79,5.22,17.5,,,,
2001-11-16,116.41000366210938,3.09,4.91,5.3,18.09,,,,
2001-11-19,116.93000030517578,2.92,4.8,5.22,17.74,,,,
2001-11-20,116.62000274658203,2.96,4.88,5.3,18.71,,,,
2001-11-21,117.1500015258789,3.11,4.98,5.35,18.38,,,,
2001-11-22,117.30000305175781,,,,,,,,
2001-11-23,117.33000183105469,3.2,5.04,5.39,,,,,
2001-11-26,117.11000061035156,3.22,5.05,5.39,18.69,,,,
2001-11-27,116.88999938964844,3.11,4.98,5.37,19.57,,,,
2001-11-28,116.16999816894531,3.12,4.98,5.36,19.37,,,,
2001-11-29,116.12999725341797,2.87,4.79,5.24,18.55,,,,
2001-11-30,116.12999725341797,2.84,4.78,5.27,19.46,,,,
2001-12-01,,,,,,177.4,-0.05633802816901179,1.603665521191311,5.7
2001-12-03,115.95999908447266,2.82,4.75,5.26,20.27,,,,
2001-12-04,116.08000183105469,2.81,4.7,5.22,19.71,,,,
2001-12-05,116.41000366210938,3.07,4.92,5.35,19.62,,,,
2001-12-06,115.62999725341797,3.19,5.04,5.47,18.69,,,,
2001-12-07,116.1500015258789,3.19,5.2,5.6,19.08,,,,
2001-12-10,116.26000213623047,3.1,5.17,5.58,18.32,,,,
2001-12-11,116.05000305175781,3.03,5.13,5.55,18.04,,,,
2001-12-12,115.33000183105469,2.97,5.02,5.47,18.38,,,,
2001-12-13,115.80000305175781,3.09,5.13,5.53,18.2,,,,
2001-12-14,114.93000030517578,3.2,5.24,5.59,19.31,,,,
2001-12-17,114.93000030517578,3.21,5.26,5.61,19.28,,,,
2001-12-18,115.1500015258789,3.13,5.16,5.52,19.38,,,,
2001-12-19,115.4800033569336,3.11,5.08,5.45,19.37,,,,
2001-12-20,115.58999633789062,3.15,5.08,5.43,18.67,,,,
2001-12-21,116.9800033569336,3.17,5.12,5.45,19.3,,,,
2001-12-24,117.94000244140625,3.22,5.18,5.49,,,,,
2001-12-26,117.8499984741211,3.26,5.22,5.52,21.32,,,,
2001-12-27,117.56999969482422,3.19,5.13,5.49,21.07,,,,
2001-12-28,117.26000213623047,3.16,5.15,5.54,20.42,,,,
2001-12-31,116.75,3.07,5.07,5.48,19.96,,,,
2002-01-01,,,,,,177.7,0.16910935738443378,1.1958997722095743,5.7
2002-01-02,115.79000091552734,3.22,5.2,5.56,21.13,,,,
2002-01-03,116.11000061035156,3.19,5.16,5.54,20.65,,,,
2002-01-04,116.33000183105469,3.19,5.18,5.57,21.47,,,,
2002-01-07,116.33000183105469,3.08,5.09,5.49,21.42,,,,
2002-01-08,116.83000183105469,3.07,5.1,5.51,20.82,,,,
2002-01-09,117.01000213623047,3.03,5.1,5.51,20.32,,,,
2002-01-10,116.87999725341797,2.94,5.0,5.42,20.48,,,,
2002-01-11,116.63999938964844,2.76,4.92,5.37,19.67,,,,
2002-01-14,116.63999938964844,2.79,4.91,5.38,18.88,,,,
2002-01-15,117.29000091552734,2.79,4.88,5.34,18.99,,,,
2002-01-16,117.58999633789062,2.84,4.88,5.36,18.96,,,,
2002-01-17,117.8499984741211,2.96,4.98,5.41,18.2,,,,
2002-01-18,117.51000213623047,2.91,4.94,5.36,18.02,,,,
2002-01-21,117.66000366210938,,,,,,,,
2002-01-22,117.75,2.97,4.96,5.39,18.36,,,,
2002-01-23,118.47000122070312,3.07,5.05,5.48,19.1,,,,
2002-01-24,118.63999938964844,3.15,5.07,5.47,19.57,,,,
2002-01-25,119.8499984741211,3.17,5.1,5.47,19.8,,,,
2002-01-28,120.04000091552734,3.19,5.12,5.47,20.05,,,,
2002-01-29,119.62000274658203,3.05,5.02,5.4,19.3,,,,
2002-01-30,119.7300033569336,3.06,5.02,5.41,19.11,,,,
2002-01-31,120.23999786376953,3.16,5.07,5.44,19.71,,,,
2002-02-01,119.79000091552734,3.08,5.02,5.4,20.4,178.0,0.16882386043894915,1.1363636363636465,5.7
2002-02-04,118.9000015258789,2.99,4.94,5.35,20.02,,,,
2002-02-05,119.4000015258789,2.99,4.92,5.35,20.06,,,,
2002-02-06,119.30000305175781,2.98,4.92,5.38,19.77,,,,
2002-02-07,119.06999969482422,2.99,4.93,5.42,19.75,,,,
2002-02-08,118.9800033569336,2.95,4.9,5.39,20.25,,,,
2002-02-11,118.44000244140625,2.95,4.91,5.41,21.29,,,,
2002-02-12,118.25,3.04,4.97,5.45,20.76,,,,
2002-02-13,118.80000305175781,3.09,5.01,5.47,21.19,,,,
2002-02-14,118.43000030517578,3.07,4.95,5.42,21.19,,,,
2002-02-15,118.5999984741211,2.97,4.86,5.37,21.47,,,,
2002-02-18,118.76000213623047,,,,,,,,
2002-02-19,118.36000061035156,2.98,4.88,5.54,20.77,,,,
2002-02-20,118.93000030517578,3.0,4.88,5.53,20.31,,,,
2002-02-21,119.16000366210938,3.0,4.88,5.53,20.81,,,,
2002-02-22,118.4800033569336,2.97,4.84,5.48,20.92,,,,
2002-02-25,119.12999725341797,3.01,4.86,5.51,20.24,,,,
2002-02-26,119.81999969482422,3.08,4.93,5.53,21.37,,,,
2002-02-27,119.56999969482422,3.09,4.84,5.51,21.4,,,,
2002-02-28,119.16000366210938,3.06,4.88,5.54,21.78,,,,
2002-03-01,119.4000015258789,3.18,4.98,5.6,22.37,178.5,0.2808988764045006,1.3628620102214661,5.7
2002-03-04,118.80999755859375,3.24,5.02,5.61,22.55,,,,
2002-03-05,118.56999969482422,3.25,5.02,5.6,23.18,,,,
2002-03-06,117.95999908447266,3.26,5.06,5.67,23.32,,,,
2002-03-07,116.80000305175781,3.36,5.22,5.76,23.62,,,,
2002-03-08,117.98999786376953,3.6,5.33,5.83,23.87,,,,
2002-03-11,117.7300033569336,3.59,5.33,5.81,24.36,,,,
2002-03-12,117.80000305175781,3.56,5.32,5.84,24.55,,,,
2002-03-13,117.95999908447266,3.49,5.28,5.83,24.14,,,,
2002-03-14,117.29000091552734,3.63,5.4,5.9,24.48,,,,
2002-03-15,117.22000122070312,3.63,5.35,5.86,24.47,,,,
2002-03-18,117.5,3.67,5.32,5.83,25.03,,,,
2002-03-19,117.5,3.64,5.33,5.86,25.02,,,,
2002-03-20,117.22000122070312,3.71,5.4,5.89,24.92,,,,
2002-03-21,117.5199966430664,3.73,5.39,5.87,25.74,,,,
2002-03-22,118.05000305175781,3.77,5.4,5.89,25.56,,,,
2002-03-25,118.0999984741211,3.78,5.41,5.91,25.69,,,,
2002-03-26,118.13999938964844,3.68,5.35,5.84,25.75,,,,
2002-03-27,118.54000091552734,3.66,5.35,5.86,25.79,,,,
2002-03-28,118.62000274658203,3.72,5.42,5.91,26.21,,,,
2002-04-01,117.7699966430664,3.74,5.44,5.92,26.82,179.3,0.4481792717086819,1.643990929705219,5.9
2002-04-02,117.91999816894531,3.63,5.36,5.86,27.75,,,,
2002-04-03,117.68000030517578,3.55,5.3,5.82,27.55,,,,
2002-04-04,117.94000244140625,3.57,5.28,5.82,26.64,,,,
2002-04-05,117.69000244140625,3.49,5.22,5.79,26.21,,,,
2002-04-08,118.19999694824219,3.51,5.25,5.82,26.16,,,,
2002-04-09,117.58999633789062,3.48,5.22,5.79,25.45,,,,
2002-04-10,117.51000213623047,3.48,5.24,5.78,26.15,,,,
2002-04-11,117.37000274658203,3.47,5.22,5.78,24.93,,,,
2002-04-12,117.73999786376953,3.41,5.18,5.79,23.51,,,,
2002-04-15,117.63999938964844,3.38,5.15,5.76,24.53,,,,
2002-04-16,117.37000274658203,3.43,5.2,5.78,24.92,,,,
2002-04-17,116.5999984741211,3.41,5.24,5.85,25.94,,,,
2002-04-18,116.38999938964844,3.38,5.23,5.86,25.86,,,,
2002-04-19,116.29000091552734,3.36,5.21,5.8,26.43,,,,
2002-04-22,116.43000030517578,3.37,5.19,5.78,26.28,,,,
2002-04-23,116.56999969482422,3.39,5.18,5.78,26.28,,,,
2002-04-24,116.1500015258789,3.28,5.11,5.72,26.28,,,,
2002-04-25,115.44999694824219,3.25,5.1,5.72,26.36,,,,
2002-04-26,115.04000091552734,3.22,5.08,5.73,27.12,,,,
2002-04-29,114.88999938964844,3.26,5.13,5.75,27.45,,,,
2002-04-30,115.19000244140625,3.24,5.11,5.72,27.32,,,,
2002-05-01,114.54000091552734,3.21,5.08,5.69,26.58,179.5,0.1115448968209698,1.2408347433727984,5.8
2002-05-02,114.87000274658203,3.25,5.13,5.72,26.31,,,,
2002-05-03,113.58999633789062,3.17,5.08,5.65,26.75,,,,
2002-05-06,113.66000366210938,3.19,5.1,5.66,26.11,,,,
2002-05-07,113.91999816894531,3.14,5.09,5.66,26.79,,,,
2002-05-08,114.91000366210938,3.32,5.24,5.77,27.76,,,,
2002-05-09,114.5199966430664,3.27,5.2,5.78,27.78,,,,
2002-05-10,113.94999694824219,3.19,5.15,5.72,27.92,,,,
2002-05-13,114.1500015258789,3.28,5.23,5.79,28.62,,,,
2002-05-14,115.08999633789062,3.4,5.32,5.84,29.17,,,,
2002-05-15,114.12000274658203,3.37,5.28,5.82,28.17,,,,
2002-05-16,114.12999725341797,3.28,5.2,5.8,28.0,,,,
2002-05-17,113.0,3.41,5.27,5.84,28.19,,,,
2002-05-20,112.81999969482422,3.33,5.21,5.78,28.24,,,,
2002-05-21,112.80000305175781,3.28,5.18,5.79,27.35,,,,
2002-05-22,112.33000183105469,3.23,5.13,5.75,27.01,,,,
2002-05-23,112.79000091552734,3.28,5.16,5.78,26.6,,,,
2002-05-24,112.80000305175781,3.28,5.16,5.78,26.69,,,,
2002-05-27,113.0,,,,,,,,
2002-05-28,112.0999984741211,3.3,5.16,5.78,25.08,,,,
2002-05-29,111.48999786376953,3.24,5.11,5.77,25.64,,,,
2002-05-30,111.16999816894531,3.17,5.06,5.74,24.78,,,,
2002-05-31,111.80999755859375,3.22,5.08,5.75,25.37,,,,
2002-06-01,,,,,,179.6,0.055710306406675514,1.0692177827799743,5.8
2002-06-03,111.30000305175781,3.19,5.06,5.76,25.1,,,,
2002-06-04,111.08999633789062,3.13,5.04,5.75,25.32,,,,
2002-06-05,111.33999633789062,3.16,5.08,5.79,25.02,,,,
2002-06-06,110.83000183105469,3.13,5.04,5.77,24.89,,,,
2002-06-07,110.98999786376953,3.16,5.1,5.81,24.72,,,,
2002-06-10,111.0999984741211,3.15,5.07,5.76,24.24,,,,
2002-06-11,110.77999877929688,3.09,5.02,5.71,24.21,,,,
2002-06-12,111.0,3.05,4.98,5.68,24.79,,,,
2002-06-13,111.1500015258789,3.0,4.94,5.65,25.54,,,,
2002-06-14,110.76000213623047,2.92,4.83,5.59,25.9,,,,
2002-06-17,110.8499984741211,2.96,4.89,5.63,25.98,,,,
2002-06-18,110.19999694824219,2.93,4.88,5.62,25.36,,,,
2002-06-19,109.66999816894531,2.81,4.76,5.58,25.57,,,,
2002-06-20,108.94000244140625,2.93,4.85,5.64,25.62,,,,
2002-06-21,108.19000244140625,2.88,4.79,5.56,25.51,,,,
2002-06-24,108.20999908447266,2.93,4.87,5.62,26.31,,,,
2002-06-25,107.56999969482422,2.92,4.88,5.64,26.06,,,,
2002-06-26,106.55999755859375,2.77,4.75,5.6,26.67,,,,
2002-06-27,106.37000274658203,2.85,4.84,5.68,26.77,,,,
2002-06-28,106.11000061035156,2.9,4.86,5.7,26.79,,,,
2002-07-01,106.51000213623047,2.88,4.85,5.67,26.79,180.0,0.22271714922048602,1.465614430665152,5.8
2002-07-02,106.80000305175781,2.78,4.77,5.64,26.83,,,,
2002-07-03,107.05000305175781,2.78,4.78,5.62,26.82,,,,
2002-07-04,107.33999633789062,,,,,,,,
2002-07-05,107.66999816894531,2.9,4.9,5.7,,,,,
2002-07-08,106.30000305175781,2.84,4.84,5.66,26.14,,,,
2002-07-09,105.6500015258789,2.74,4.78,5.6,26.16,,,,
2002-07-10,106.01000213623047,2.61,4.66,5.53,26.73,,,,
2002-07-11,105.72000122070312,2.61,4.66,5.57,27.01,,,,
2002-07-12,105.88999938964844,2.56,4.63,5.55,27.48,,,,
2002-07-15,104.66999816894531,2.55,4.66,5.57,27.23,,,,
2002-07-16,104.48999786376953,2.66,4.75,5.63,27.68,,,,
2002-07-17,104.41999816894531,2.63,4.71,5.62,27.88,,,,
2002-07-18,104.47000122070312,2.55,4.66,5.62,27.5,,,,
2002-07-19,104.05999755859375,2.48,4.61,5.55,27.83,,,,
2002-07-22,104.75,2.4,4.51,5.5,26.61,,,,
2002-07-23,106.66000366210938,2.34,4.47,5.49,26.61,,,,
2002-07-24,105.5199966430664,2.38,4.49,5.57,26.78,,,,
2002-07-25,105.12000274658203,2.28,4.43,5.54,26.67,,,,
2002-07-26,106.61000061035156,2.2,4.43,5.52,26.55,,,,
2002-07-29,107.0999984741211,2.41,4.62,5.62,26.54,,,,
2002-07-30,106.80000305175781,2.44,4.65,5.59,27.43,,,,
2002-07-31,107.41000366210938,2.23,4.51,5.51,27.02,,,,
2002-08-01,107.0199966430664,2.15,4.47,5.51,26.51,180.5,0.2777777777777768,1.747463359639223,5.7
2002-08-02,106.66999816894531,1.99,4.33,5.44,26.87,,,,
2002-08-05,107.2699966430664,1.93,4.29,5.41,26.55,,,,
2002-08-06,108.69000244140625,2.11,4.42,5.45,27.18,,,,
2002-08-07,107.8499984741211,1.98,4.35,5.44,26.58,,,,
2002-08-08,108.66000366210938,2.1,4.4,5.44,26.67,,,,
2002-08-09,108.20999908447266,2.1,4.27,5.35,26.87,,,,
2002-08-12,107.41000366210938,2.1,4.22,5.29,27.84,,,,
2002-08-13,107.11000061035156,2.0,4.12,5.22,28.35,,,,
2002-08-14,106.79000091552734,2.12,4.06,5.08,28.19,,,,
2002-08-15,106.72000122070312,2.22,4.17,5.17,28.99,,,,
2002-08-16,106.72000122070312,2.28,4.32,5.24,29.24,,,,
2002-08-19,107.5199966430664,2.25,4.29,5.21,29.86,,,,
2002-08-20,107.30999755859375,2.12,4.17,5.14,30.12,,,,
2002-08-21,107.13999938964844,2.12,4.2,5.19,30.37,,,,
2002-08-22,108.12999725341797,2.22,4.3,5.27,30.11,,,,
2002-08-23,107.97000122070312,2.19,4.25,5.25,29.99,,,,
2002-08-26,107.86000061035156,2.19,4.22,5.22,29.23,,,,
2002-08-27,106.7699966430664,2.26,4.29,5.25,28.84,,,,
2002-08-28,107.08000183105469,2.23,4.22,5.21,28.31,,,,
2002-08-29,106.69999694824219,2.14,4.16,5.18,28.83,,,,
2002-08-30,106.9800033569336,2.14,4.14,5.11,28.97,,,,
2002-09-01,,,,,,180.8,0.16620498614958734,1.516002245929271,5.7
2002-09-03,105.56999969482422,2.01,3.98,5.02,27.76,,,,
2002-09-04,106.0999984741211,2.02,3.96,4.98,28.28,,,,
2002-09-05,105.9800033569336,1.95,3.91,4.98,29.06,,,,
2002-09-06,106.83999633789062,2.08,4.05,5.07,29.51,,,,
2002-09-09,107.0999984741211,2.13,4.05,5.04,29.8,,,,
2002-09-10,107.5199966430664,2.12,4.0,5.03,29.62,,,,
2002-09-11,107.62000274658203,2.18,4.07,5.08,29.77,,,,
2002-09-12,107.16000366210938,2.12,3.98,5.03,28.95,,,,
2002-09-13,108.05999755859375,2.07,3.92,4.97,29.83,,,,
2002-09-16,108.23999786376953,2.07,3.9,4.95,29.14,,,,
2002-09-17,108.33000183105469,2.06,3.87,4.96,29.08,,,,
2002-09-18,107.76000213623047,2.04,3.86,4.95,29.57,,,,
2002-09-19,107.0,1.93,3.79,4.9,29.49,,,,
2002-09-20,107.52999877929688,1.94,3.79,4.95,29.65,,,,
2002-09-23,107.86000061035156,1.93,3.7,4.88,30.85,,,,
2002-09-24,107.5199966430664,1.93,3.69,4.84,30.79,,,,
2002-09-25,107.79000091552734,2.0,3.77,4.91,30.69,,,,
2002-09-26,107.68000030517578,1.97,3.79,4.93,30.31,,,,
2002-09-27,107.52999877929688,1.82,3.69,4.91,30.53,,,,
2002-09-30,106.87000274658203,1.72,3.63,4.88,30.59,,,,
2002-10-01,107.06999969482422,1.8,3.72,5.01,30.71,181.2,0.22123893805308104,2.0270270270270174,5.7
2002-10-02,107.16000366210938,1.75,3.71,4.98,30.59,,,,
2002-10-03,106.97000122070312,1.75,3.7,4.99,29.73,,,,
2002-10-04,107.5999984741211,1.78,3.69,5.0,29.65,,,,
2002-10-07,107.55000305175781,1.77,3.64,4.98,29.65,,,,
2002-10-08,108.06999969482422,1.8,3.65,4.99,29.56,,,,
2002-10-09,106.94000244140625,1.72,3.61,4.95,29.31,,,,
2002-10-10,107.19999694824219,1.75,3.68,4.98,28.96,,,,
2002-10-11,107.25,1.85,3.83,5.06,29.36,,,,
2002-10-14,107.1500015258789,,,,30.06,,,,
2002-10-15,107.77999877929688,2.08,4.07,5.22,29.73,,,,
2002-10-16,107.62999725341797,2.02,4.06,5.23,29.28,,,,
2002-10-17,108.37000274658203,2.1,4.16,5.31,29.61,,,,
2002-10-18,108.5199966430664,2.09,4.14,5.32,29.56,,,,
2002-10-21,108.2300033569336,2.23,4.24,5.36,28.31,,,,
2002-10-22,107.94000244140625,2.21,4.27,5.36,27.93,,,,
2002-10-23,108.0,2.2,4.26,5.39,28.19,,,,
2002-10-24,107.91000366210938,2.09,4.16,5.35,27.87,,,,
2002-10-25,107.91999816894531,1.98,4.12,5.31,27.09,,,,
2002-10-28,107.16000366210938,1.88,4.1,5.35,27.25,,,,
2002-10-29,107.06999969482422,1.79,3.97,5.28,26.81,,,,
2002-10-30,107.06999969482422,1.74,3.99,5.3,26.85,,,,
2002-10-31,106.63999938964844,1.68,3.93,5.28,27.18,,,,
2002-11-01,106.08000183105469,1.76,4.01,5.3,27.04,181.5,0.16556291390728006,2.2535211267605604,5.9
2002-11-04,106.12000274658203,1.79,4.07,5.31,26.89,,,,
2002-11-05,105.87000274658203,1.82,4.1,5.33,26.06,,,,
2002-11-06,105.5999984741211,1.87,4.09,5.35,25.72,,,,
2002-11-07,104.97000122070312,1.86,3.88,5.17,25.36,,,,
2002-11-08,104.5,1.87,3.85,5.05,25.83,,,,
2002-11-11,104.56999969482422,,,,26.02,,,,
2002-11-12,104.66000366210938,1.79,3.84,5.05,26.19,,,,
2002-11-13,105.0999984741211,1.76,3.84,5.01,25.28,,,,
2002-11-14,105.20999908447266,1.89,4.03,5.16,25.4,,,,
2002-11-15,105.04000091552734,1.91,4.05,5.12,25.5,,,,
2002-11-18,105.19999694824219,1.91,4.02,5.1,26.71,,,,
2002-11-19,105.66999816894531,1.91,3.99,5.06,26.41,,,,
2002-11-20,105.87000274658203,1.98,4.08,5.14,27.0,,,,
2002-11-21,105.80999755859375,2.05,4.14,5.2,27.07,,,,
2002-11-22,106.12000274658203,2.1,4.18,5.22,27.73,,,,
2002-11-25,106.54000091552734,2.09,4.19,5.23,27.01,,,,
2002-11-26,106.52999877929688,1.97,4.08,5.15,26.6,,,,
2002-11-27,106.7699966430664,2.13,4.26,5.28,26.87,,,,
2002-11-28,106.54000091552734,,,,,,,,
2002-11-29,106.41000366210938,2.08,4.22,5.23,,,,,
2002-12-01,,,,,,181.8,0.16528925619836432,2.4802705749718212,6.0
2002-12-02,106.3499984741211,2.07,4.22,5.22,27.27,,,,
2002-12-03,106.37000274658203,2.08,4.24,5.23,27.34,,,,
2002-12-04,106.13999938964844,2.02,4.18,5.19,26.8,,,,
2002-12-05,106.0999984741211,1.97,4.13,5.16,27.27,,,,
2002-12-06,105.36000061035156,1.89,4.09,5.15,27.03,,,,
2002-12-09,105.23999786376953,1.88,4.06,5.12,27.29,,,,
2002-12-10,105.37000274658203,1.9,4.06,5.09,27.73,,,,
2002-12-11,105.3499984741211,1.85,4.01,5.04,27.49,,,,
2002-12-12,104.51000213623047,1.85,4.01,5.07,28.2,,,,
2002-12-13,103.9800033569336,1.87,4.07,5.15,28.39,,,,
2002-12-16,104.05999755859375,1.94,4.15,5.21,30.15,,,,
2002-12-17,103.51000213623047,1.89,4.13,5.24,30.04,,,,
2002-12-18,103.62999725341797,1.81,4.06,5.2,30.41,,,,
2002-12-19,103.4800033569336,1.74,3.96,5.15,30.57,,,,
2002-12-20,103.45999908447266,1.76,3.97,5.12,30.57,,,,
2002-12-23,103.63999938964844,1.79,3.98,5.13,32.09,,,,
2002-12-24,103.25,1.73,3.95,5.11,32.13,,,,
2002-12-26,102.81999969482422,1.7,3.93,5.11,32.61,,,,
2002-12-27,102.41000366210938,1.6,3.83,5.06,32.68,,,,
2002-12-30,102.01000213623047,1.61,3.82,5.02,31.41,,,,
2002-12-31,101.8499984741211,1.61,3.83,5.03,31.21,,,,
2003-01-01,,,,,,182.6,0.44004400440043057,2.757456387169399,5.8
2003-01-02,102.9800033569336,1.8,4.07,5.18,31.97,,,,
2003-01-03,102.47000122070312,1.79,4.05,5.18,33.26,,,,
2003-01-06,101.97000122070312,1.84,4.09,5.2,32.29,,,,
2003-01-07,102.56999969482422,1.77,4.04,5.18,31.2,,,,
2003-01-08,101.87000274658203,1.71,4.0,5.13,30.66,,,,
2003-01-09,101.94000244140625,1.87,4.19,5.27,31.95,,,,
2003-01-10,101.2300033569336,1.79,4.16,5.24,31.59,,,,
2003-01-13,101.47000122070312,1.81,4.15,5.23,32.08,,,,
2003-01-14,101.20999908447266,1.76,4.1,5.19,32.42,,,,
2003-01-15,101.33999633789062,1.75,4.1,5.17,33.23,,,,
2003-01-16,100.79000091552734,1.75,4.1,5.16,33.58,,,,
2003-01-17,100.55000305175781,1.7,4.05,5.13,33.88,,,,
2003-01-21,100.2300033569336,1.67,4.01,5.11,34.62,,,,
2003-01-22,100.2300033569336,1.66,3.95,5.07,34.32,,,,
2003-01-23,99.86000061035156,1.69,3.98,5.08,33.9,,,,
2003-01-24,99.22000122070312,1.66,3.94,5.05,34.98,,,,
2003-01-27,99.26000213623047,1.7,3.98,5.06,32.43,,,,
2003-01-28,99.4800033569336,1.7,4.0,5.06,32.7,,,,
2003-01-29,99.27999877929688,1.77,4.06,5.11,33.54,,,,
2003-01-30,99.5199966430664,1.7,4.0,5.06,33.78,,,,
2003-01-31,99.91000366210938,1.72,4.0,5.03,33.51,,,,
2003-02-01,,,,,,183.6,0.5476451259583737,3.146067415730336,5.9
2003-02-03,99.9000015258789,1.72,4.01,5.01,32.84,,,,
2003-02-04,99.13999938964844,1.68,3.96,4.99,33.61,,,,
2003-02-05,99.6500015258789,1.73,4.02,5.02,33.91,,,,
2003-02-06,99.45999908447266,1.68,3.97,4.99,34.36,,,,
2003-02-07,99.56999969482422,1.63,3.96,4.98,35.05,,,,
2003-02-10,100.2699966430664,1.68,3.99,5.04,34.46,,,,
2003-02-11,100.38999938964844,1.65,3.98,5.06,35.43,,,,
2003-02-12,100.51000213623047,1.62,3.93,5.08,35.83,,,,
2003-02-13,99.58999633789062,1.57,3.89,5.04,36.63,,,,
2003-02-14,100.04000091552734,1.62,3.95,5.09,36.61,,,,
2003-02-18,100.52999877929688,1.66,3.94,5.1,36.88,,,,
2003-02-19,100.0,1.61,3.88,5.04,37.02,,,,
2003-02-20,99.55000305175781,1.59,3.85,5.04,36.45,,,,
2003-02-21,100.08999633789062,1.63,3.9,5.08,36.76,,,,
2003-02-24,99.66000366210938,1.6,3.86,5.05,37.29,,,,
2003-02-25,99.83000183105469,1.58,3.81,5.01,36.06,,,,
2003-02-26,99.62000274658203,1.57,3.78,4.97,37.96,,,,
2003-02-27,99.80999755859375,1.58,3.76,4.98,36.83,,,,
2003-02-28,99.70999908447266,1.53,3.71,4.9,36.76,,,,
2003-03-01,,,,,,183.9,0.16339869281045694,3.025210084033625,5.9
2003-03-03,99.0999984741211,1.52,3.68,4.92,36.1,,,,
2003-03-04,99.12999725341797,1.49,3.65,4.91,36.95,,,,
2003-03-05,98.27999877929688,1.46,3.63,4.9,36.86,,,,
2003-03-06,98.30999755859375,1.47,3.67,4.93,37.21,,,,
2003-03-07,98.04000091552734,1.39,3.63,4.9,37.76,,,,
2003-03-10,97.8499984741211,1.35,3.59,4.9,37.18,,,,
2003-03-11,97.98999786376953,1.38,3.6,4.9,36.81,,,,
2003-03-12,98.16000366210938,1.45,3.6,4.85,37.87,,,,
2003-03-13,99.55000305175781,1.59,3.74,4.95,36.05,,,,
2003-03-14,99.98999786376953,1.56,3.72,4.93,35.41,,,,
2003-03-17,100.73999786376953,1.63,3.82,5.0,34.92,,,,
2003-03-18,100.86000061035156,1.72,3.91,5.07,31.55,,,,
2003-03-19,101.58000183105469,1.72,3.98,5.14,30.01,,,,
2003-03-20,101.1500015258789,1.75,4.01,5.17,28.62,,,,
2003-03-21,101.91999816894531,1.8,4.11,5.23,27.18,,,,
2003-03-24,100.9800033569336,1.71,3.98,5.15,29.51,,,,
2003-03-25,100.87000274658203,1.69,3.97,5.15,33.42,,,,
2003-03-26,100.61000061035156,1.68,3.96,5.17,28.71,,,,
2003-03-27,100.63999938964844,1.62,3.95,5.17,30.31,,,,
2003-03-28,99.95999908447266,1.56,3.92,5.16,30.21,,,,
2003-03-31,99.05999755859375,1.51,3.83,5.07,31.14,,,,
2003-04-01,99.1500015258789,1.5,3.84,5.06,29.48,183.2,-0.38064165307233333,2.175125488008911,6.0
2003-04-02,100.08000183105469,1.6,3.94,5.15,28.55,,,,
2003-04-03,100.33999633789062,1.55,3.93,5.16,29.05,,,,
2003-04-04,100.44999694824219,1.55,3.96,5.2,28.41,,,,
2003-04-07,101.04000091552734,1.65,4.03,5.24,27.76,,,,
2003-04-08,100.52999877929688,1.59,3.95,5.16,27.97,,,,
2003-04-09,100.16000366210938,1.55,3.93,5.15,28.93,,,,
2003-04-10,99.81999969482422,1.6,3.95,5.17,27.2,,,,
2003-04-11,100.18000030517578,1.65,4.0,5.19,28.28,,,,
2003-04-14,99.95999908447266,1.74,4.04,5.2,28.41,,,,
2003-04-15,99.76000213623047,1.69,3.98,5.19,29.46,,,,
2003-04-16,99.05999755859375,1.67,3.96,5.13,29.16,,,,
2003-04-17,99.30000305175781,1.71,3.98,5.12,30.1,,,,
2003-04-21,99.58999633789062,1.71,4.0,5.13,30.76,,,,
2003-04-22,98.7300033569336,1.7,4.01,5.12,29.92,,,,
2003-04-23,98.77999877929688,1.7,4.02,5.1,28.04,,,,
2003-04-24,98.33000183105469,1.62,3.93,5.05,27.52,,,,
2003-04-25,98.36000061035156,1.57,3.91,5.04,25.92,,,,
2003-04-28,98.66999816894531,1.59,3.92,5.04,25.25,,,,
2003-04-29,98.0199966430664,1.62,3.96,5.07,25.32,,,,
2003-04-30,97.19000244140625,1.51,3.89,5.0,26.09,,,,
2003-05-01,96.69999694824219,1.5,3.88,5.01,26.05,182.9,-0.16375545851528006,1.8941504178273005,6.1
2003-05-02,96.76000213623047,1.56,3.94,5.05,25.74,,,,
2003-05-05,96.37000274658203,1.55,3.92,5.03,26.43,,,,
2003-05-06,95.33999633789062,1.45,3.84,5.02,25.65,,,,
2003-05-07,95.58000183105469,1.45,3.72,4.96,26.24,,,,
2003-05-08,94.93000030517578,1.49,3.7,4.96,26.94,,,,
2003-05-09,94.9800033569336,1.45,3.69,4.95,27.65,,,,
2003-05-12,94.55000305175781,1.46,3.64,4.91,27.34,,,,
2003-05-13,94.72000122070312,1.47,3.63,4.92,28.51,,,,
2003-05-14,94.58000183105469,1.41,3.53,4.76,29.21,,,,
2003-05-15,95.22000122070312,1.46,3.53,4.69,28.57,,,,
2003-05-16,94.08000183105469,1.38,3.46,4.67,29.07,,,,
2003-05-19,93.77999877929688,1.35,3.46,4.67,28.84,,,,
2003-05-20,93.26000213623047,1.31,3.38,4.59,29.29,,,,
2003-05-21,93.54000091552734,1.38,3.39,4.54,29.51,,,,
2003-05-22,93.55999755859375,1.36,3.34,4.5,29.09,,,,
2003-05-23,93.05000305175781,1.38,3.34,4.44,29.74,,,,
2003-05-27,92.72000122070312,1.33,3.41,4.57,29.24,,,,
2003-05-28,93.44999694824219,1.35,3.44,4.63,28.46,,,,
2003-05-29,92.70999908447266,1.3,3.34,4.56,29.15,,,,
2003-05-30,93.2699966430664,1.33,3.37,4.59,29.56,,,,
2003-06-01,,,,,,183.1,0.10934937124111865,1.948775055679297,6.3
2003-06-02,93.33999633789062,1.33,3.43,4.64,30.72,,,,
2003-06-03,93.52999877929688,1.2,3.34,4.59,30.78,,,,
2003-06-04,93.7300033569336,1.2,3.3,4.58,29.81,,,,
2003-06-05,92.5199966430664,1.25,3.34,4.63,30.84,,,,
2003-06-06,93.4800033569336,1.27,3.37,4.66,31.26,,,,
2003-06-09,93.30000305175781,1.19,3.29,4.6,31.36,,,,
2003-06-10,93.55999755859375,1.13,3.2,4.51,31.72,,,,
2003-06-11,92.97000122070312,1.16,3.21,4.49,32.17,,,,
2003-06-12,92.9000015258789,1.13,3.18,4.47,31.41,,,,
2003-06-13,92.22000122070312,1.1,3.13,4.42,30.63,,,,
2003-06-16,92.4000015258789,1.18,3.18,4.47,31.14,,,,
2003-06-17,92.61000061035156,1.25,3.27,4.55,31.08,,,,
2003-06-18,93.16999816894531,1.27,3.37,4.64,30.28,,,,
2003-06-19,93.16000366210938,1.17,3.35,4.66,29.86,,,,
2003-06-20,94.04000091552734,1.22,3.4,4.7,30.63,,,,
2003-06-23,94.08000183105469,1.17,3.32,4.64,30.22,,,,
2003-06-24,94.38999938964844,1.14,3.29,4.6,30.05,,,,
2003-06-25,94.12000274658203,1.3,3.38,4.69,31.65,,,,
2003-06-26,94.97000122070312,1.41,3.55,4.81,28.97,,,,
2003-06-27,95.1500015258789,1.38,3.58,4.83,29.18,,,,
2003-06-30,94.7300033569336,1.32,3.54,4.81,30.15,,,,
2003-07-01,94.30000305175781,1.3,3.56,4.86,30.41,183.7,0.3276897870016393,2.055555555555544,6.2
2003-07-02,94.12000274658203,1.3,3.56,4.83,30.29,,,,
2003-07-03,94.41000366210938,1.32,3.67,4.93,30.39,,,,
2003-07-04,94.55000305175781,,,,,,,,
2003-07-07,95.51000213623047,1.36,3.74,4.98,30.08,,,,
2003-07-08,95.81999969482422,1.39,3.75,4.95,30.32,,,,
2003-07-09,95.58999633789062,1.37,3.73,4.93,30.87,,,,
2003-07-10,95.38999938964844,1.33,3.7,4.94,31.04,,,,
2003-07-11,95.80000305175781,1.29,3.66,4.94,31.33,,,,
2003-07-14,96.06999969482422,1.35,3.74,4.98,31.2,,,,
2003-07-15,96.06999969482422,1.45,3.94,5.12,31.6,,,,
2003-07-16,96.72000122070312,1.49,3.97,5.1,31.2,,,,
2003-07-17,96.86000061035156,1.47,3.98,5.08,31.44,,,,
2003-07-18,96.86000061035156,1.51,4.0,5.09,31.96,,,,
2003-07-21,96.11000061035156,1.61,4.19,5.25,31.67,,,,
2003-07-22,96.37999725341797,1.57,4.17,5.23,30.2,,,,
2003-07-23,95.44000244140625,1.54,4.12,5.2,30.13,,,,
2003-07-24,95.33999633789062,1.54,4.2,5.25,30.72,,,,
2003-07-25,94.95999908447266,1.52,4.22,5.31,30.31,,,,
2003-07-28,95.05999755859375,1.61,4.31,5.39,29.98,,,,
2003-07-29,95.33000183105469,1.67,4.42,5.46,30.21,,,,
2003-07-30,96.06999969482422,1.64,4.34,5.43,30.69,,,,
2003-07-31,96.88999938964844,1.8,4.49,5.56,30.56,,,,
2003-08-01,96.66000366210938,1.85,4.44,5.47,32.23,184.5,0.4354926510615087,2.216066481994461,6.1
2003-08-04,96.18000030517578,1.71,4.35,5.47,31.8,,,,
2003-08-05,96.16000366210938,1.88,4.47,5.51,32.34,,,,
2003-08-06,96.2300033569336,1.78,4.32,5.42,31.77,,,,
2003-08-07,95.83000183105469,1.74,4.3,5.4,32.41,,,,
2003-08-08,96.36000061035156,1.72,4.27,5.4,32.23,,,,
2003-08-11,95.87000274658203,1.81,4.38,5.47,31.91,,,,
2003-08-12,96.1500015258789,1.71,4.37,5.49,31.91,,,,
2003-08-13,96.18000030517578,1.86,4.58,5.6,30.85,,,,
2003-08-14,96.68000030517578,1.86,4.55,5.57,30.85,,,,
2003-08-15,96.6500015258789,1.85,4.55,5.57,31.01,,,,
2003-08-18,97.3499984741211,1.87,4.49,5.5,30.81,,,,
2003-08-19,97.30999755859375,1.81,4.38,5.41,30.76,,,,
2003-08-20,97.37000274658203,1.84,4.45,5.42,30.96,,,,
2003-08-21,98.61000061035156,1.98,4.53,5.43,31.78,,,,
2003-08-22,98.83000183105469,1.97,4.48,5.4,31.64,,,,
2003-08-25,98.83000183105469,2.02,4.53,5.4,31.43,,,,
2003-08-26,98.76000213623047,1.96,4.5,5.39,32.01,,,,
2003-08-27,98.86000061035156,2.05,4.54,5.4,31.18,,,,
2003-08-28,98.83000183105469,1.93,4.42,5.34,31.41,,,,
2003-08-29,98.0999984741211,1.95,4.45,5.3,31.76,,,,
2003-09-01,98.0,,,,,185.1,0.3252032520325132,2.378318584070782,6.1
2003-09-02,98.94999694824219,2.04,4.61,5.38,29.57,,,,
2003-09-03,98.70999908447266,2.02,4.6,5.41,29.43,,,,
2003-09-04,98.19999694824219,1.91,4.52,5.4,28.87,,,,
2003-09-05,97.08999633789062,1.72,4.35,5.32,28.93,,,,
2003-09-08,97.16000366210938,1.75,4.41,5.36,28.85,,,,
2003-09-09,96.44000244140625,1.71,4.37,5.36,29.22,,,,
2003-09-10,96.5,1.64,4.28,5.3,29.41,,,,
2003-09-11,96.55999755859375,1.71,4.35,5.35,28.86,,,,
2003-09-12,96.01000213623047,1.66,4.27,5.33,28.26,,,,
2003-09-15,95.9800033569336,1.63,4.28,5.35,28.15,,,,
2003-09-16,96.66999816894531,1.63,4.29,5.34,27.6,,,,
2003-09-17,95.73999786376953,1.63,4.2,5.26,27.0,,,,
2003-09-18,95.94999694824219,1.68,4.19,5.23,27.26,,,,
2003-09-19,94.95999908447266,1.7,4.17,5.2,26.93,,,,
2003-09-22,93.8499984741211,1.7,4.26,5.28,26.97,,,,
2003-09-23,93.98999786376953,1.68,4.24,5.24,27.0,,,,
2003-09-24,93.69999694824219,1.66,4.16,5.17,28.19,,,,
2003-09-25,93.76000213623047,1.65,4.12,5.17,28.29,,,,
2003-09-26,93.87000274658203,1.6,4.04,5.11,28.21,,,,
2003-09-29,93.08000183105469,1.61,4.09,5.16,28.35,,,,
2003-09-30,92.8499984741211,1.5,3.96,5.07,29.19,,,,
2003-10-01,92.38999938964844,1.47,3.96,5.05,29.43,184.9,-0.10804970286331095,2.041942604856528,6.0
2003-10-02,92.41999816894531,1.48,4.03,5.1,29.83,,,,
2003-10-03,93.2300033569336,1.65,4.21,5.23,30.37,,,,
2003-10-06,92.41000366210938,1.6,4.17,5.21,30.4,,,,
2003-10-07,91.88999938964844,1.67,4.27,5.29,30.48,,,,
2003-10-08,91.7300033569336,1.65,4.27,5.33,29.6,,,,
2003-10-09,91.98999786376953,1.69,4.32,5.35,30.97,,,,
2003-10-10,91.5199966430664,1.65,4.29,5.34,32.01,,,,
2003-10-13,91.88999938964844,,,,31.91,,,,
2003-10-14,91.83000183105469,1.73,4.37,5.4,31.68,,,,
2003-10-15,92.41999816894531,1.79,4.43,5.41,31.74,,,,
2003-10-16,92.61000061035156,1.96,4.47,5.41,31.51,,,,
2003-10-17,92.29000091552734,1.9,4.41,5.37,30.61,,,,
2003-10-20,92.43000030517578,1.88,4.41,5.35,30.37,,,,
2003-10-21,92.37000274658203,1.89,4.38,5.33,30.19,,,,
2003-10-22,91.2699966430664,1.8,4.29,5.3,30.0,,,,
2003-10-23,91.51000213623047,1.84,4.34,5.36,30.31,,,,
2003-10-24,91.27999877929688,1.76,4.24,5.27,29.99,,,,
2003-10-27,91.61000061035156,1.83,4.3,5.3,29.95,,,,
2003-10-28,91.86000061035156,1.71,4.23,5.27,29.57,,,,
2003-10-29,91.86000061035156,1.79,4.31,5.32,28.95,,,,
2003-10-30,92.20999908447266,1.86,4.36,5.33,28.67,,,,
2003-10-31,92.7300033569336,1.85,4.33,5.28,29.24,,,,
2003-11-01,,,,,,185.0,0.05408328826392861,1.9283746556473913,5.8
2003-11-03,93.66000366210938,1.9,4.4,5.3,28.81,,,,
2003-11-04,93.2300033569336,1.86,4.33,5.27,28.86,,,,
2003-11-05,93.62999725341797,1.94,4.38,5.32,30.29,,,,
2003-11-06,93.88999938964844,2.01,4.45,5.37,30.25,,,,
2003-11-07,93.0199966430664,2.04,4.48,5.38,30.73,,,,
2003-11-10,93.05000305175781,2.06,4.49,5.39,31.01,,,,
2003-11-11,93.0999984741211,,,,31.21,,,,
2003-11-12,92.30999755859375,2.05,4.44,5.34,31.37,,,,
2003-11-13,91.61000061035156,1.92,4.3,5.24,31.89,,,,
2003-11-14,91.44000244140625,1.84,4.22,5.21,32.31,,,,
2003-11-17,91.52999877929688,1.8,4.18,5.17,31.75,,,,
2003-11-18,90.33000183105469,1.83,4.17,5.15,33.16,,,,
2003-11-19,90.9000015258789,1.9,4.24,5.22,32.84,,,,
2003-11-20,90.66000366210938,1.83,4.16,5.16,32.87,,,,
2003-11-21,90.5999984741211,1.84,4.15,5.13,32.26,,,,
2003-11-24,91.58999633789062,1.94,4.23,5.19,29.99,,,,
2003-11-25,91.45999908447266,1.89,4.19,5.17,30.02,,,,
2003-11-26,90.5999984741211,1.97,4.25,5.2,30.33,,,,
2003-11-28,90.20999908447266,2.06,4.34,5.23,,,,,
2003-12-01,90.3499984741211,2.12,4.4,5.28,29.89,185.5,0.2702702702702675,2.0352035203520247,5.7
2003-12-02,89.63999938964844,2.07,4.38,5.25,30.74,,,,
2003-12-03,89.5,2.09,4.41,5.28,30.61,,,,
2003-12-04,89.5999984741211,2.06,4.38,5.27,31.24,,,,
2003-12-05,89.13999938964844,1.88,4.23,5.2,30.68,,,,
2003-12-08,88.75,1.94,4.29,5.26,32.08,,,,
2003-12-09,88.61000061035156,1.97,4.32,5.26,31.72,,,,
2003-12-10,88.8499984741211,1.94,4.3,5.28,31.92,,,,
2003-12-11,88.87999725341797,1.83,4.27,5.27,32.01,,,,
2003-12-12,88.48999786376953,1.84,4.26,5.23,33.06,,,,
2003-12-15,88.45999908447266,1.88,4.28,5.24,33.17,,,,
2003-12-16,88.30999755859375,1.83,4.24,5.23,32.94,,,,
2003-12-17,87.94000244140625,1.83,4.19,5.16,33.36,,,,
2003-12-18,87.8499984741211,1.85,4.16,5.1,33.72,,,,
2003-12-19,88.11000061035156,1.82,4.15,5.11,32.81,,,,
2003-12-22,87.98999786376953,1.84,4.18,5.13,31.71,,,,
2003-12-23,87.98999786376953,1.96,4.28,5.2,32.03,,,,
2003-12-24,87.54000091552734,1.83,4.2,5.15,32.99,,,,
2003-12-26,87.62999725341797,1.82,4.17,5.15,,,,,
2003-12-29,87.3499984741211,1.86,4.24,5.18,32.51,,,,
2003-12-30,87.0,1.86,4.29,5.23,33.01,,,,
2003-12-31,86.91999816894531,1.84,4.27,5.23,32.51,,,,
2004-01-01,,,,,,186.3,0.43126684636118906,2.026286966046009,5.7
2004-01-02,86.91999816894531,1.94,4.38,5.3,,,,,
2004-01-05,86.06999969482422,1.95,4.41,5.28,33.71,,,,
2004-01-06,85.62999725341797,1.84,4.29,5.26,33.54,,,,
2004-01-07,86.19999694824219,1.84,4.27,5.22,33.57,,,,
2004-01-08,85.56999969482422,1.85,4.27,5.2,34.27,,,,
2004-01-09,85.11000061035156,1.68,4.11,5.14,34.38,,,,
2004-01-12,85.55000305175781,1.68,4.11,5.12,34.92,,,,
2004-01-13,85.51000213623047,1.63,4.05,5.11,34.26,,,,
2004-01-14,86.02999877929688,1.65,4.01,5.06,34.62,,,,
2004-01-15,86.55999755859375,1.67,3.99,5.03,33.61,,,,
2004-01-16,87.7300033569336,1.7,4.04,5.04,35.16,,,,
2004-01-19,87.66000366210938,,,,,,,,
2004-01-20,86.70999908447266,1.69,4.08,5.09,36.21,,,,
2004-01-21,86.36000061035156,1.69,4.05,5.06,35.53,,,,
2004-01-22,85.81999969482422,1.66,3.99,5.02,35.12,,,,
2004-01-23,86.55999755859375,1.71,4.09,5.08,34.94,,,,
2004-01-26,87.25,1.75,4.16,5.14,34.41,,,,
2004-01-27,86.27999877929688,1.7,4.11,5.09,33.99,,,,
2004-01-28,86.97000122070312,1.87,4.22,5.14,33.63,,,,
2004-01-29,87.58000183105469,1.88,4.22,5.13,32.86,,,,
2004-01-30,87.19999694824219,1.84,4.16,5.11,33.16,,,,
2004-02-01,,,,,,186.7,0.21470746108425143,1.688453159041381,5.6
2004-02-02,87.52999877929688,1.83,4.18,5.13,34.02,,,,
2004-02-03,86.79000091552734,1.78,4.13,5.11,34.2,,,,
2004-02-04,86.83999633789062,1.8,4.15,5.11,33.06,,,,
2004-02-05,86.9000015258789,1.85,4.2,5.13,33.26,,,,
2004-02-06,86.0199966430664,1.77,4.12,5.08,32.49,,,,
2004-02-09,86.0,1.76,4.09,5.06,32.91,,,,
2004-02-10,85.83999633789062,1.82,4.13,5.08,34.03,,,,
2004-02-11,85.19999694824219,1.73,4.05,5.06,33.93,,,,
2004-02-12,85.29000091552734,1.75,4.1,5.1,34.03,,,,
2004-02-13,85.55999755859375,1.7,4.05,5.08,34.51,,,,
2004-02-16,85.47000122070312,,,,,,,,
2004-02-17,85.0199966430664,1.7,4.05,5.07,35.13,,,,
2004-02-18,85.87999725341797,1.72,4.05,5.07,35.42,,,,
2004-02-19,85.94999694824219,1.7,4.05,5.04,35.81,,,,
2004-02-20,87.23999786376953,1.75,4.1,5.09,35.8,,,,
2004-02-23,87.04000091552734,1.69,4.05,5.11,35.75,,,,
2004-02-24,86.13999938964844,1.69,4.04,5.06,35.85,,,,
2004-02-25,87.25,1.67,4.02,5.02,37.28,,,,
2004-02-26,87.68000030517578,1.69,4.05,5.05,35.45,,,,
2004-02-27,87.30999755859375,1.66,3.99,5.01,36.08,,,,
2004-03-01,87.5199966430664,1.67,4.0,4.99,36.85,187.1,0.2142474558114671,1.7400761283306032,5.8
2004-03-02,88.83000183105469,1.74,4.05,5.06,36.6,,,,
2004-03-03,89.02999877929688,1.74,4.07,5.02,35.8,,,,
2004-03-04,89.13999938964844,1.73,4.04,4.99,36.81,,,,
2004-03-05,88.18000030517578,1.57,3.85,4.91,37.31,,,,
2004-03-08,88.0,1.52,3.78,4.87,36.53,,,,
2004-03-09,88.29000091552734,1.51,3.73,4.85,36.29,,,,
2004-03-10,88.94999694824219,1.54,3.74,4.83,36.21,,,,
2004-03-11,88.51000213623047,1.52,3.74,4.87,36.95,,,,
2004-03-12,89.12000274658203,1.54,3.78,4.89,36.21,,,,
2004-03-15,88.80999755859375,1.56,3.78,4.88,37.44,,,,
2004-03-16,88.58999633789062,1.51,3.7,4.82,37.36,,,,
2004-03-17,88.6500015258789,1.53,3.71,4.83,38.21,,,,
2004-03-18,87.69999694824219,1.55,3.76,4.87,37.81,,,,
2004-03-19,88.16000366210938,1.56,3.8,4.89,38.09,,,,
2004-03-22,87.80999755859375,1.52,3.74,4.84,37.12,,,,
2004-03-23,87.8499984741211,1.52,3.73,4.83,37.81,,,,
2004-03-24,88.93000030517578,1.5,3.73,4.83,37.06,,,,
2004-03-25,88.9000015258789,1.51,3.75,4.86,35.67,,,,
2004-03-26,88.88999938964844,1.59,3.85,4.91,35.61,,,,
2004-03-29,88.62999725341797,1.63,3.91,4.96,35.41,,,,
2004-03-30,88.43000030517578,1.63,3.91,4.96,36.15,,,,
2004-03-31,87.61000061035156,1.6,3.86,4.93,35.75,,,,
2004-04-01,87.20999908447266,1.65,3.91,5.01,34.47,187.4,0.16034206306787535,2.2925764192139875,5.6
2004-04-02,88.51000213623047,1.86,4.15,5.13,34.39,,,,
2004-04-05,89.22000122070312,1.91,4.24,5.18,34.29,,,,
2004-04-06,88.75,1.86,4.19,5.17,35.09,,,,
2004-04-07,88.2699966430664,1.87,4.19,5.18,36.28,,,,
2004-04-08,89.0199966430664,1.88,4.21,5.17,37.14,,,,
2004-04-12,88.94999694824219,1.91,4.25,5.19,37.79,,,,
2004-04-13,89.83000183105469,2.01,4.35,5.25,37.09,,,,
2004-04-14,90.23999786376953,2.13,4.4,5.26,36.62,,,,
2004-04-15,90.05999755859375,2.1,4.42,5.33,37.74,,,,
2004-04-16,89.94000244140625,2.03,4.37,5.31,37.7,,,,
2004-04-19,89.80000305175781,2.07,4.39,5.33,37.46,,,,
2004-04-20,90.48999786376953,2.11,4.43,5.35,37.61,,,,
2004-04-21,91.12000274658203,2.22,4.45,5.36,36.61,,,,
2004-04-22,90.81999969482422,2.15,4.4,5.33,37.7,,,,
2004-04-23,91.08000183105469,2.29,4.48,5.38,37.22,,,,
2004-04-26,90.62000274658203,2.28,4.46,5.36,37.02,,,,
2004-04-27,90.41000366210938,2.21,4.43,5.35,37.49,,,,
2004-04-28,91.16999816894531,2.3,4.5,5.39,37.23,,,,
2004-04-29,90.56999969482422,2.34,4.55,5.41,37.5,,,,
2004-04-30,90.4800033569336,2.31,4.53,5.39,37.31,,,,
2004-05-01,,,,,,188.2,0.4268943436499306,2.8977583378895444,5.6
2004-05-03,90.76000213623047,2.34,4.53,5.41,38.26,,,,
2004-05-04,89.80999755859375,2.32,4.56,5.45,38.86,,,,
2004-05-05,89.30999755859375,2.34,4.61,5.46,39.69,,,,
2004-05-06,89.87999725341797,2.39,4.63,5.46,39.41,,,,
2004-05-07,91.12999725341797,2.64,4.79,5.53,39.98,,,,
2004-05-10,91.55999755859375,2.61,4.81,5.54,38.9,,,,
2004-05-11,91.66000366210938,2.61,4.79,5.53,40.3,,,,
2004-05-12,91.29000091552734,2.62,4.83,5.57,40.3,,,,
2004-05-13,91.95999908447266,2.67,4.85,5.61,40.94,,,,
2004-05-14,91.66000366210938,2.59,4.79,5.59,41.42,,,,
2004-05-17,91.0,2.51,4.7,5.52,41.53,,,,
2004-05-18,91.25,2.58,4.74,5.56,40.32,,,,
2004-05-19,90.52999877929688,2.61,4.79,5.57,41.61,,,,
2004-05-20,91.02999877929688,2.55,4.72,5.52,40.92,,,,
2004-05-21,90.48999786376953,2.6,4.76,5.53,39.83,,,,
2004-05-24,90.4800033569336,2.59,4.75,5.53,42.03,,,,
2004-05-25,89.83999633789062,2.58,4.73,5.5,41.45,,,,
2004-05-26,89.72000122070312,2.52,4.67,5.46,40.6,,,,
2004-05-27,88.66999816894531,2.46,4.6,5.45,39.25,,,,
2004-05-28,88.94999694824219,2.54,4.66,5.42,39.9,,,,
2004-06-01,88.87999725341797,2.6,4.71,5.48,42.33,188.9,0.37194473963868546,3.1676679410158393,5.6
2004-06-02,88.83999633789062,2.65,4.74,5.5,39.96,,,,
2004-06-03,88.94999694824219,2.63,4.71,5.49,39.29,,,,
2004-06-04,88.54000091552734,2.7,4.78,5.54,38.44,,,,
2004-06-07,88.25,2.67,4.78,5.5,38.72,,,,
2004-06-08,88.51000213623047,2.73,4.78,5.53,37.18,,,,
2004-06-09,89.7300033569336,2.79,4.82,5.53,37.6,,,,
2004-06-10,89.25,2.81,4.81,5.51,38.45,,,,
2004-06-11,90.01000213623047,,,,,,,,
2004-06-14,89.94000244140625,2.97,4.89,5.58,37.58,,,,
2004-06-15,89.08999633789062,2.77,4.69,5.45,37.18,,,,
2004-06-16,90.04000091552734,2.84,4.74,5.45,37.33,,,,
2004-06-17,89.5999984741211,2.81,4.71,5.41,38.51,,,,
2004-06-18,89.08000183105469,2.81,4.72,5.46,38.68,,,,
2004-06-21,89.29000091552734,2.8,4.7,5.45,37.69,,,,
2004-06-22,89.43000030517578,2.8,4.72,5.47,38.11,,,,
2004-06-23,89.41999816894531,2.78,4.71,5.45,37.56,,,,
2004-06-24,88.75,2.74,4.66,5.44,37.81,,,,
2004-06-25,88.87999725341797,2.74,4.66,5.41,37.34,,,,
2004-06-28,88.72000122070312,2.86,4.76,5.49,36.25,,,,
2004-06-29,89.41000366210938,2.83,4.7,5.44,35.6,,,,
2004-06-30,88.80000305175781,2.7,4.62,5.41,36.92,,,,
2004-07-01,88.79000091552734,2.64,4.57,5.35,38.56,189.1,0.10587612493382359,2.939575394665228,5.5
2004-07-02,87.97000122070312,2.54,4.48,5.3,38.37,,,,
2004-07-05,88.2300033569336,,,,,,,,
2004-07-06,88.12000274658203,2.56,4.49,5.32,39.56,,,,
2004-07-07,87.6500015258789,2.56,4.5,5.32,39.18,,,,
2004-07-08,87.54000091552734,2.55,4.49,5.32,40.27,,,,
2004-07-09,87.41999816894531,2.55,4.49,5.31,39.9,,,,
2004-07-12,87.38999938964844,2.53,4.46,5.26,39.3,,,,
2004-07-13,87.81999969482422,2.58,4.5,5.29,39.55,,,,
2004-07-14,87.58000183105469,2.62,4.5,5.32,40.98,,,,
2004-07-15,87.98999786376953,2.64,4.5,5.28,40.7,,,,
2004-07-16,87.13999938964844,2.54,4.38,5.22,41.1,,,,
2004-07-19,87.18000030517578,2.56,4.38,5.22,41.55,,,,
2004-07-20,87.83000183105469,2.67,4.47,5.25,40.86,,,,
2004-07-21,88.55999755859375,2.71,4.5,5.31,40.63,,,,
2004-07-22,88.44999694824219,2.69,4.48,5.3,41.51,,,,
2004-07-23,89.26000213623047,2.69,4.45,5.27,41.82,,,,
2004-07-26,89.02999877929688,2.75,4.49,5.27,41.45,,,,
2004-07-27,89.79000091552734,2.82,4.62,5.42,41.83,,,,
2004-07-28,89.75,2.78,4.61,5.42,42.81,,,,
2004-07-29,89.94999694824219,2.75,4.6,5.37,42.69,,,,
2004-07-30,89.95999908447266,2.68,4.5,5.31,43.72,,,,
2004-08-01,,,,,,189.2,0.052882072977267214,2.5474254742547275,5.4
2004-08-02,89.75,2.66,4.48,5.26,43.83,,,,
2004-08-03,89.56999969482422,2.66,4.45,5.24,44.13,,,,
2004-08-04,89.68000030517578,2.66,4.45,5.24,42.73,,,,
2004-08-05,89.63999938964844,2.64,4.43,5.22,44.39,,,,
2004-08-06,88.36000061035156,2.4,4.24,5.13,43.95,,,,
2004-08-09,88.38999938964844,2.45,4.28,5.15,44.86,,,,
2004-08-10,88.79000091552734,2.55,4.32,5.17,44.51,,,,
2004-08-11,88.8499984741211,2.54,4.3,5.16,44.72,,,,
2004-08-12,88.69000244140625,2.52,4.27,5.17,45.52,,,,
2004-08-13,87.9000015258789,2.47,4.22,5.11,46.61,,,,
2004-08-16,87.95999908447266,2.51,4.26,5.13,46.02,,,,
2004-08-17,88.05999755859375,2.44,4.21,5.13,46.75,,,,
2004-08-18,88.08000183105469,2.44,4.23,5.11,47.36,,,,
2004-08-19,87.79000091552734,2.43,4.22,5.14,48.66,,,,
2004-08-20,88.12000274658203,2.46,4.24,5.14,47.6,,,,
2004-08-23,89.05999755859375,2.5,4.28,5.15,46.0,,,,
2004-08-24,89.45999908447266,2.5,4.28,5.15,45.68,,,,
2004-08-25,89.41999816894531,2.51,4.26,5.13,43.83,,,,
2004-08-26,89.30000305175781,2.48,4.22,5.1,43.06,,,,
2004-08-27,89.7699966430664,2.48,4.23,5.1,43.11,,,,
2004-08-30,89.69000244140625,2.47,4.19,5.07,42.32,,,,
2004-08-31,88.94000244140625,2.41,4.13,5.01,42.23,,,,
2004-09-01,88.87000274658203,2.41,4.13,5.01,43.89,189.8,0.3171247357294016,2.5391680172879516,5.4
2004-09-02,88.9800033569336,2.46,4.2,5.07,44.04,,,,
2004-09-03,89.62999725341797,2.61,4.3,5.14,43.94,,,,
2004-09-06,89.52999877929688,,,,,,,,
2004-09-07,89.2300033569336,2.58,4.26,5.1,43.18,,,,
2004-09-08,88.7699966430664,2.5,4.18,5.04,42.77,,,,
2004-09-09,88.83000183105469,2.5,4.22,5.07,44.53,,,,
2004-09-10,88.38999938964844,2.5,4.19,5.05,42.84,,,,
2004-09-13,88.55000305175781,2.5,4.16,5.02,43.86,,,,
2004-09-14,88.45999908447266,2.47,4.15,5.01,44.62,,,,
2004-09-15,89.1500015258789,2.51,4.18,5.04,43.83,,,,
2004-09-16,88.79000091552734,2.44,4.08,4.95,44.03,,,,
2004-09-17,88.91000366210938,2.53,4.14,4.99,45.63,,,,
2004-09-20,88.98999786376953,2.46,4.07,4.94,46.33,,,,
2004-09-21,88.12999725341797,2.49,4.05,4.94,47.11,,,,
2004-09-22,88.51000213623047,2.5,4.0,4.88,48.41,,,,
2004-09-23,88.44000244140625,2.57,4.02,4.86,48.37,,,,
2004-09-24,88.4000015258789,2.62,4.04,4.87,48.86,,,,
2004-09-27,88.29000091552734,2.59,4.01,4.84,49.56,,,,
2004-09-28,88.11000061035156,2.55,4.02,4.9,49.76,,,,
2004-09-29,88.0999984741211,2.61,4.1,4.97,49.53,,,,
2004-09-30,87.36000061035156,2.63,4.14,4.97,49.56,,,,
2004-10-01,87.62999725341797,2.63,4.21,5.06,50.16,190.8,0.5268703898840821,3.1909140075716547,5.5
2004-10-04,88.37999725341797,2.65,4.19,5.04,49.85,,,,
2004-10-05,88.16999816894531,2.65,4.18,5.04,51.08,,,,
2004-10-06,88.4800033569336,2.7,4.23,5.04,51.98,,,,
2004-10-07,88.33999633789062,2.72,4.26,5.08,52.56,,,,
2004-10-08,87.44999694824219,2.61,4.15,4.98,53.4,,,,
2004-10-11,87.54000091552734,,,,53.65,,,,
2004-10-12,88.0199966430664,2.56,4.12,4.95,53.49,,,,
2004-10-13,87.87999725341797,2.53,4.09,4.98,53.86,,,,
2004-10-14,87.55000305175781,2.48,4.03,4.93,54.69,,,,
2004-10-15,87.08999633789062,2.53,4.07,4.92,54.89,,,,
2004-10-18,87.0199966430664,2.55,4.07,4.92,53.59,,,,
2004-10-19,86.83999633789062,2.57,4.07,4.91,53.28,,,,
2004-10-20,86.3499984741211,2.53,4.01,4.85,54.93,,,,
2004-10-21,86.0199966430664,2.57,4.01,4.84,54.51,,,,
2004-10-22,85.87000274658203,2.55,4.0,4.87,55.83,,,,
2004-10-25,84.97000122070312,2.54,3.99,4.86,55.52,,,,
2004-10-26,85.20999908447266,2.54,4.01,4.87,56.37,,,,
2004-10-27,85.44000244140625,2.63,4.11,4.96,52.52,,,,
2004-10-28,85.27999877929688,2.59,4.09,4.91,50.95,,,,
2004-10-29,84.91000366210938,2.56,4.05,4.87,51.78,,,,
2004-11-01,85.19999694824219,2.61,4.11,4.92,50.1,191.7,0.4716981132075304,3.621621621621607,5.4
2004-11-02,85.47000122070312,2.6,4.1,4.91,49.6,,,,
2004-11-03,84.69999694824219,2.6,4.09,4.9,50.9,,,,
2004-11-04,84.54000091552734,2.63,4.1,4.89,48.8,,,,
2004-11-05,84.01000213623047,2.8,4.21,4.99,49.65,,,,
2004-11-08,84.08999633789062,2.8,4.22,4.98,49.1,,,,
2004-11-09,84.29000091552734,2.8,4.22,5.02,47.4,,,,
2004-11-10,84.43000030517578,2.82,4.25,5.05,48.7,,,,
2004-11-11,84.37000274658203,,,,47.5,,,,
2004-11-12,83.69000244140625,2.86,4.2,4.96,47.3,,,,
2004-11-15,84.0,2.89,4.2,4.98,46.95,,,,
2004-11-16,83.80000305175781,2.91,4.21,4.96,46.1,,,,
2004-11-17,83.29000091552734,2.85,4.14,4.89,46.85,,,,
2004-11-18,83.69000244140625,2.86,4.12,4.86,46.3,,,,
2004-11-19,83.30999755859375,2.95,4.2,4.93,48.9,,,,
2004-11-22,83.19000244140625,2.95,4.18,4.89,48.48,,,,
2004-11-23,82.97000122070312,2.98,4.19,4.89,48.74,,,,
2004-11-24,82.41000366210938,3.01,4.2,4.89,49.14,,,,
2004-11-25,82.18000030517578,,,,,,,,
2004-11-26,81.77999877929688,3.03,4.24,4.94,,,,,
2004-11-29,81.93000030517578,3.07,4.34,5.03,49.71,,,,
2004-11-30,81.81999969482422,3.02,4.36,5.07,49.16,,,,
2004-12-01,81.55999755859375,3.01,4.38,5.08,45.56,191.7,0.0,3.3423180592991875,5.4
2004-12-02,81.94999694824219,3.04,4.4,5.11,43.31,,,,
2004-12-03,80.9800033569336,2.94,4.27,4.99,42.56,,,,
2004-12-06,81.27999877929688,2.93,4.24,4.96,42.96,,,,
2004-12-07,81.23999786376953,2.95,4.23,4.95,41.51,,,,
2004-12-08,81.9000015258789,2.91,4.14,4.84,41.96,,,,
2004-12-09,82.02999877929688,2.93,4.19,4.88,42.41,,,,
2004-12-10,82.55000305175781,2.95,4.16,4.87,40.71,,,,
2004-12-13,82.0999984741211,2.98,4.16,4.85,41.06,,,,
2004-12-14,82.31999969482422,2.99,4.14,4.83,41.76,,,,
2004-12-15,81.62999725341797,2.97,4.09,4.76,44.21,,,,
2004-12-16,82.5,3.01,4.19,4.88,44.16,,,,
2004-12-17,82.16000366210938,3.03,4.21,4.89,46.31,,,,
2004-12-20,81.66999816894531,3.06,4.21,4.88,45.57,,,,
2004-12-21,81.94000244140625,3.05,4.18,4.83,45.76,,,,
2004-12-22,81.93000030517578,3.04,4.21,4.86,44.05,,,,
2004-12-23,81.33999633789062,3.02,4.23,4.9,42.19,,,,
2004-12-24,81.22000122070312,,,,,,,,
2004-12-27,80.72000122070312,3.07,4.3,4.97,41.26,,,,
2004-12-28,80.72000122070312,3.08,4.31,4.95,41.78,,,,
2004-12-29,80.97000122070312,3.12,4.33,4.97,43.69,,,,
2004-12-30,80.52999877929688,3.1,4.27,4.94,43.36,,,,
2004-12-31,80.8499984741211,3.08,4.24,4.86,,,,,
2005-01-01,,,,,,191.6,-0.052164840897228615,2.8448738593666034,5.3
2005-01-03,81.30000305175781,3.1,4.23,4.85,42.16,,,,
2005-01-04,82.56999969482422,3.2,4.29,4.91,43.96,,,,
2005-01-05,82.54000091552734,3.22,4.29,4.88,43.41,,,,
2005-01-06,83.1500015258789,3.18,4.29,4.89,45.51,,,,
2005-01-07,83.61000061035156,3.2,4.29,4.88,45.32,,,,
2005-01-10,83.29000091552734,3.23,4.29,4.86,45.31,,,,
2005-01-11,83.0199966430664,3.24,4.26,4.84,45.66,,,,
2005-01-12,82.13999938964844,3.22,4.25,4.8,46.46,,,,
2005-01-13,82.51000213623047,3.21,4.2,4.77,48.11,,,,
2005-01-14,83.05999755859375,3.24,4.23,4.78,48.41,,,,
2005-01-17,83.05999755859375,,,,,,,,
2005-01-18,83.36000061035156,3.26,4.21,4.72,48.46,,,,
2005-01-19,83.5999984741211,3.26,4.2,4.7,47.61,,,,
2005-01-20,83.83999633789062,3.21,4.17,4.71,47.01,,,,
2005-01-21,83.26000213623047,3.16,4.16,4.7,48.31,,,,
2005-01-24,83.23999786376953,3.2,4.14,4.63,48.61,,,,
2005-01-25,83.98999786376953,3.23,4.2,4.71,49.43,,,,
2005-01-26,83.30000305175781,3.27,4.21,4.7,48.8,,,,
2005-01-27,83.43000030517578,3.28,4.22,4.71,48.8,,,,
2005-01-28,83.4800033569336,3.25,4.16,4.64,47.15,,,,
2005-01-31,83.5999984741211,3.29,4.14,4.62,48.25,,,,
2005-02-01,83.44999694824219,3.29,4.15,4.63,47.1,192.4,0.41753653444676075,3.0530262453133394,5.4
2005-02-02,83.5199966430664,3.32,4.15,4.61,46.65,,,,
2005-02-03,83.97000122070312,3.34,4.18,4.58,46.4,,,,
2005-02-04,84.38999938964844,3.29,4.09,4.48,46.45,,,,
2005-02-07,85.04000091552734,3.31,4.07,4.43,45.35,,,,
2005-02-08,85.0999984741211,3.33,4.05,4.39,45.4,,,,
2005-02-09,85.0199966430664,3.24,4.0,4.4,45.45,,,,
2005-02-10,84.54000091552734,3.29,4.07,4.5,47.05,,,,
2005-02-11,84.56999969482422,3.34,4.1,4.52,47.15,,,,
2005-02-14,83.95999908447266,3.38,4.08,4.45,47.5,,,,
2005-02-15,83.58999633789062,3.37,4.1,4.48,47.3,,,,
2005-02-16,83.66999816894531,3.41,4.16,4.53,48.35,,,,
2005-02-17,83.47000122070312,3.38,4.19,4.58,47.5,,,,
2005-02-18,83.48999786376953,3.45,4.27,4.65,48.45,,,,
2005-02-21,83.55000305175781,,,,,,,,
2005-02-22,82.41000366210938,3.46,4.29,4.71,51.0,,,,
2005-02-23,82.68000030517578,3.46,4.27,4.69,51.73,,,,
2005-02-24,82.87999725341797,3.52,4.29,4.67,52.05,,,,
2005-02-25,82.66000366210938,3.54,4.27,4.61,52.2,,,,
2005-02-28,82.51000213623047,3.59,4.36,4.71,51.75,,,,
2005-03-01,82.7699966430664,3.59,4.38,4.69,51.67,193.1,0.36382536382535413,3.2068412613575736,5.2
2005-03-02,83.08000183105469,3.57,4.38,4.71,53.0,,,,
2005-03-03,83.27999877929688,3.59,4.39,4.71,53.6,,,,
2005-03-04,82.54000091552734,3.57,4.32,4.66,53.7,,,,
2005-03-07,82.79000091552734,3.61,4.31,4.63,53.9,,,,
2005-03-08,81.9800033569336,3.62,4.38,4.67,54.55,,,,
2005-03-09,81.62999725341797,3.66,4.52,4.84,54.75,,,,
2005-03-10,81.56999969482422,3.68,4.48,4.74,53.52,,,,
2005-03-11,81.41999816894531,3.73,4.56,4.8,54.4,,,,
2005-03-14,81.97000122070312,3.75,4.52,4.77,54.9,,,,
2005-03-15,82.12000274658203,3.75,4.54,4.8,55.05,,,,
2005-03-16,81.62000274658203,3.72,4.52,4.78,56.5,,,,
2005-03-17,81.83999633789062,3.7,4.47,4.75,56.4,,,,
2005-03-18,82.12999725341797,3.72,4.51,4.8,56.8,,,,
2005-03-21,82.87999725341797,3.72,4.53,4.85,56.7,,,,
2005-03-22,83.36000061035156,3.86,4.63,4.88,55.95,,,,
2005-03-23,84.0,3.84,4.61,4.86,49.43,,,,
2005-03-24,84.12999725341797,3.88,4.6,4.84,49.7,,,,
2005-03-28,84.62000274658203,3.9,4.64,4.88,54.06,,,,
2005-03-29,84.31999969482422,3.87,4.6,4.85,54.26,,,,
2005-03-30,84.29000091552734,3.86,4.56,4.77,53.96,,,,
2005-03-31,84.05999755859375,3.8,4.5,4.76,55.31,,,,
2005-04-01,84.43000030517578,3.75,4.46,4.72,57.26,193.7,0.31071983428274663,3.3617929562433257,5.2
2005-04-04,84.77999877929688,3.74,4.47,4.73,56.86,,,,
2005-04-05,84.66000366210938,3.75,4.48,4.75,55.83,,,,
2005-04-06,84.68000030517578,3.7,4.44,4.73,55.88,,,,
2005-04-07,84.87000274658203,3.72,4.49,4.78,54.16,,,,
2005-04-08,84.47000122070312,3.77,4.5,4.77,53.46,,,,
2005-04-11,84.16000366210938,3.75,4.45,4.73,53.71,,,,
2005-04-12,84.41999816894531,3.71,4.38,4.66,51.54,,,,
2005-04-13,84.41999816894531,3.66,4.38,4.68,50.21,,,,
2005-04-14,85.0,3.6,4.37,4.73,51.11,,,,
2005-04-15,84.55999755859375,3.54,4.27,4.66,50.61,,,,
2005-04-18,84.0,3.55,4.27,4.62,50.52,,,,
2005-04-19,83.76000213623047,3.5,4.21,4.53,52.33,,,,
2005-04-20,83.5199966430664,3.52,4.22,4.59,52.45,,,,
2005-04-21,83.69999694824219,3.65,4.32,4.62,52.49,,,,
2005-04-22,83.5,3.62,4.26,4.6,54.16,,,,
2005-04-25,83.81999969482422,3.64,4.26,4.54,53.16,,,,
2005-04-26,83.95999908447266,3.67,4.28,4.59,54.33,,,,
2005-04-27,84.12000274658203,3.64,4.25,4.57,51.37,,,,
2005-04-28,84.3499984741211,3.59,4.19,4.52,51.92,,,,
2005-04-29,84.43000030517578,3.66,4.21,4.53,49.2,,,,
2005-05-01,,,,,,193.6,-0.05162622612286949,2.869287991498415,5.1
2005-05-02,84.48999786376953,3.64,4.21,4.53,50.94,,,,
2005-05-03,84.51000213623047,3.68,4.21,4.49,49.6,,,,
2005-05-04,84.0,3.63,4.2,4.6,50.22,,,,
2005-05-05,83.94000244140625,3.58,4.19,4.6,51.12,,,,
2005-05-06,84.61000061035156,3.73,4.28,4.62,51.3,,,,
2005-05-09,84.63999938964844,3.76,4.29,4.64,52.04,,,,
2005-05-10,84.44999694824219,3.69,4.23,4.6,51.76,,,,
2005-05-11,84.94000244140625,3.68,4.21,4.54,50.39,,,,
2005-05-12,85.48999786376953,3.66,4.18,4.54,48.83,,,,
2005-05-13,86.0999984741211,3.61,4.12,4.48,48.65,,,,
2005-05-16,86.12000274658203,3.61,4.13,4.49,48.64,,,,
2005-05-17,86.20999908447266,3.61,4.12,4.47,48.97,,,,
2005-05-18,85.81999969482422,3.56,4.07,4.42,46.99,,,,
2005-05-19,86.08999633789062,3.64,4.11,4.44,47.0,,,,
2005-05-20,86.62999725341797,3.69,4.13,4.44,47.25,,,,
2005-05-23,86.4000015258789,3.65,4.07,4.38,48.68,,,,
2005-05-24,86.37000274658203,3.61,4.04,4.35,49.14,,,,
2005-05-25,86.3499984741211,3.61,4.08,4.4,50.37,,,,
2005-05-26,86.8499984741211,3.64,4.08,4.45,50.89,,,,
2005-05-27,86.41999816894531,3.64,4.08,4.45,51.65,,,,
2005-05-31,87.76000213623047,3.6,4.0,4.36,52.08,,,,
2005-06-01,88.11000061035156,3.5,3.91,4.27,54.4,193.7,0.05165289256197081,2.541026998411855,5.0
2005-06-02,87.75,3.52,3.89,4.2,53.46,,,,
2005-06-03,88.04000091552734,3.57,3.98,4.26,55.08,,,,
2005-06-06,87.5999984741211,3.59,3.96,4.23,54.46,,,,
2005-06-07,87.48999786376953,3.57,3.92,4.18,53.84,,,,
2005-06-08,87.87999725341797,3.6,3.95,4.24,52.51,,,,
2005-06-09,88.06999969482422,3.64,3.98,4.23,54.36,,,,
2005-06-10,88.69000244140625,3.71,4.05,4.3,53.55,,,,
2005-06-13,88.94999694824219,3.71,4.09,4.39,55.47,,,,
2005-06-14,89.26000213623047,3.71,4.13,4.41,55.03,,,,
2005-06-15,88.6500015258789,3.72,4.12,4.44,55.53,,,,
2005-06-16,88.72000122070312,3.7,4.09,4.36,56.48,,,,
2005-06-17,87.7300033569336,3.72,4.09,4.35,58.4,,,,
2005-06-20,88.48999786376953,3.72,4.11,4.34,59.19,,,,
2005-06-21,88.18000030517578,3.71,4.06,4.32,58.9,,,,
2005-06-22,88.55999755859375,3.62,3.95,4.23,58.27,,,,
2005-06-23,89.12000274658203,3.63,3.96,4.27,59.23,,,,
2005-06-24,88.77999877929688,3.59,3.92,4.23,59.63,,,,
2005-06-27,88.44999694824219,3.6,3.9,4.25,59.78,,,,
2005-06-28,88.98999786376953,3.65,3.97,4.22,58.32,,,,
2005-06-29,89.11000061035156,3.65,3.99,4.24,57.23,,,,
2005-06-30,89.11000061035156,3.66,3.94,4.19,56.63,,,,
2005-07-01,90.12999725341797,3.76,4.06,4.28,59.11,194.9,0.6195147134744561,3.067160232681121,5.0
2005-07-04,90.43000030517578,,,,,,,,
2005-07-05,90.44000244140625,3.79,4.11,4.34,59.71,,,,
2005-07-06,90.37999725341797,3.77,4.08,4.31,61.24,,,,
2005-07-07,90.27999877929688,3.71,4.05,4.28,60.76,,,,
2005-07-08,90.25,3.78,4.11,4.33,59.71,,,,
2005-07-11,89.45999908447266,3.81,4.11,4.3,59.23,,,,
2005-07-12,88.41000366210938,3.82,4.15,4.36,60.49,,,,
2005-07-13,89.30999755859375,3.84,4.17,4.38,60.0,,,,
2005-07-14,89.4000015258789,3.86,4.19,4.4,57.83,,,,
2005-07-15,89.72000122070312,3.86,4.18,4.39,58.36,,,,
2005-07-18,89.63999938964844,3.89,4.22,4.44,57.12,,,,
2005-07-19,89.8499984741211,3.88,4.2,4.41,57.61,,,,
2005-07-20,89.33999633789062,3.9,4.17,4.37,56.73,,,,
2005-07-21,88.93000030517578,3.96,4.28,4.48,57.31,,,,
2005-07-22,89.63999938964844,3.92,4.23,4.39,57.75,,,,
2005-07-25,89.5999984741211,3.95,4.25,4.44,58.16,,,,
2005-07-26,90.0,3.95,4.24,4.44,59.05,,,,
2005-07-27,89.7300033569336,3.99,4.27,4.42,59.12,,,,
2005-07-28,89.33999633789062,3.96,4.2,4.38,59.91,,,,
2005-07-29,89.3499984741211,4.02,4.28,4.42,60.71,,,,
2005-08-01,88.80000305175781,4.04,4.32,4.46,61.51,196.1,0.6157003591585442,3.6469344608879517,4.9
2005-08-02,88.76000213623047,4.06,4.34,4.52,61.87,,,,
2005-08-03,87.98999786376953,4.02,4.3,4.48,60.76,,,,
2005-08-04,87.80000305175781,4.04,4.32,4.5,61.6,,,,
2005-08-05,88.05999755859375,4.11,4.4,4.56,62.44,,,,
2005-08-08,87.91999816894531,4.16,4.42,4.58,63.92,,,,
2005-08-09,87.88999938964844,4.13,4.41,4.56,63.13,,,,
2005-08-10,87.61000061035156,4.13,4.4,4.56,64.8,,,,
2005-08-11,87.0999984741211,4.1,4.32,4.51,65.67,,,,
2005-08-12,86.9800033569336,4.05,4.24,4.42,66.71,,,,
2005-08-15,87.31999969482422,4.08,4.27,4.45,66.21,,,,
2005-08-16,87.43000030517578,4.03,4.23,4.41,66.11,,,,
2005-08-17,88.0,4.07,4.28,4.49,63.29,,,,
2005-08-18,88.58999633789062,4.01,4.21,4.4,63.47,,,,
2005-08-19,88.58000183105469,4.03,4.21,4.4,65.51,,,,
2005-08-22,88.13999938964844,4.03,4.22,4.4,65.46,,,,
2005-08-23,88.08000183105469,4.01,4.2,4.39,65.81,,,,
2005-08-24,87.91000366210938,3.99,4.19,4.38,67.1,,,,
2005-08-25,87.63999938964844,4.0,4.18,4.37,67.29,,,,
2005-08-26,87.86000061035156,4.06,4.2,4.38,66.05,,,,
2005-08-29,88.25,4.06,4.2,4.37,67.41,,,,
2005-08-30,88.3499984741211,3.97,4.16,4.34,69.91,,,,
2005-08-31,87.58000183105469,3.84,4.02,4.23,68.63,,,,
2005-09-01,86.55000305175781,3.72,4.02,4.28,69.5,198.8,1.37684854665987,4.741833508956805,5.0
2005-09-02,86.30000305175781,3.75,4.03,4.26,66.91,,,,
2005-09-06,86.56999969482422,3.8,4.09,4.36,65.83,,,,
2005-09-07,86.97000122070312,3.87,4.15,4.43,64.38,,,,
2005-09-08,87.04000091552734,3.87,4.15,4.43,64.8,,,,
2005-09-09,86.88999938964844,3.88,4.14,4.36,64.21,,,,
2005-09-12,87.70999908447266,3.92,4.18,4.45,63.29,,,,
2005-09-13,87.75,3.88,4.14,4.38,63.18,,,,
2005-09-14,87.66999816894531,3.9,4.17,4.41,65.2,,,,
2005-09-15,88.12999725341797,3.9,4.22,4.51,64.64,,,,
2005-09-16,88.05000305175781,3.97,4.26,4.56,62.91,,,,
2005-09-19,88.44000244140625,3.93,4.25,4.55,67.21,,,,
2005-09-20,88.5999984741211,4.0,4.26,4.49,66.24,,,,
2005-09-21,88.13999938964844,3.96,4.19,4.47,66.96,,,,
2005-09-22,88.55999755859375,3.95,4.19,4.47,67.07,,,,
2005-09-23,89.20999908447266,4.02,4.25,4.47,64.67,,,,
2005-09-26,89.11000061035156,4.07,4.3,4.56,65.98,,,,
2005-09-27,89.5999984741211,4.08,4.3,4.56,64.94,,,,
2005-09-28,89.47000122070312,4.09,4.26,4.46,66.36,,,,
2005-09-29,89.4000015258789,4.13,4.29,4.5,66.83,,,,
2005-09-30,89.5199966430664,4.18,4.34,4.53,66.21,,,,
2005-10-01,,,,,,199.1,0.15090543259557165,4.350104821802936,5.0
2005-10-03,90.12999725341797,4.21,4.39,4.58,65.36,,,,
2005-10-04,90.0999984741211,4.22,4.38,4.61,63.74,,,,
2005-10-05,89.9800033569336,4.21,4.36,4.54,62.56,,,,
2005-10-06,88.66000366210938,4.2,4.37,4.55,61.81,,,,
2005-10-07,89.16999816894531,4.18,4.35,4.53,61.81,,,,
2005-10-10,89.45999908447266,,,,60.71,,,,
2005-10-11,89.97000122070312,4.22,4.39,4.56,63.84,,,,
2005-10-12,89.62999725341797,4.24,4.45,4.62,64.13,,,,
2005-10-13,89.80999755859375,4.24,4.48,4.66,63.05,,,,
2005-10-14,89.3499984741211,4.27,4.48,4.67,62.61,,,,
2005-10-17,89.80000305175781,4.29,4.5,4.68,64.26,,,,
2005-10-18,90.29000091552734,4.27,4.49,4.64,62.94,,,,
2005-10-19,89.98999786376953,4.25,4.47,4.66,62.11,,,,
2005-10-20,89.91000366210938,4.27,4.46,4.62,61.04,,,,
2005-10-21,90.30999755859375,4.22,4.39,4.58,61.05,,,,
2005-10-24,90.11000061035156,4.25,4.45,4.63,60.63,,,,
2005-10-25,89.23999786376953,4.34,4.54,4.7,62.83,,,,
2005-10-26,89.48999786376953,4.38,4.6,4.77,60.85,,,,
2005-10-27,89.0999984741211,4.36,4.57,4.74,61.03,,,,
2005-10-28,89.58999633789062,4.4,4.58,4.74,61.3,,,,
2005-10-31,90.06999969482422,4.4,4.57,4.73,59.8,,,,
2005-11-01,90.08000183105469,4.42,4.58,4.74,59.85,198.1,-0.5022601707684538,3.3385498174230532,5.0
2005-11-02,89.72000122070312,4.43,4.61,4.74,59.75,,,,
2005-11-03,90.44000244140625,4.47,4.65,4.79,61.7,,,,
2005-11-04,91.26000213623047,4.47,4.66,4.84,60.6,,,,
2005-11-07,91.29000091552734,4.47,4.65,4.82,59.4,,,,
2005-11-08,91.37000274658203,4.43,4.57,4.75,59.7,,,,
2005-11-09,91.5,4.49,4.64,4.78,59.65,,,,
2005-11-10,92.08000183105469,4.44,4.55,4.74,57.8,,,,
2005-11-11,91.9800033569336,,,,57.45,,,,
2005-11-14,92.12999725341797,4.5,4.61,4.75,57.6,,,,
2005-11-15,92.08999633789062,4.47,4.56,4.7,57.05,,,,
2005-11-16,92.33000183105469,4.42,4.49,4.63,57.85,,,,
2005-11-17,91.87999725341797,4.37,4.46,4.6,56.2,,,,
2005-11-18,91.93000030517578,4.4,4.5,4.68,56.3,,,,
2005-11-21,92.02999877929688,4.39,4.46,4.62,57.75,,,,
2005-11-22,91.5,4.32,4.43,4.65,58.3,,,,
2005-11-23,91.51000213623047,4.36,4.47,4.7,58.35,,,,
2005-11-25,92.04000091552734,4.33,4.43,4.66,,,,,
2005-11-28,90.9800033569336,4.33,4.41,4.58,57.36,,,,
2005-11-29,91.62000274658203,4.4,4.48,4.65,56.46,,,,
2005-11-30,91.56999969482422,4.42,4.49,4.66,57.33,,,,
2005-12-01,91.81999969482422,4.45,4.52,4.68,58.46,198.1,0.0,3.3385498174230532,4.9
2005-12-02,91.94999694824219,4.43,4.52,4.68,59.31,,,,
2005-12-05,91.4800033569336,4.47,4.57,4.72,59.91,,,,
2005-12-06,91.44000244140625,4.42,4.49,4.68,59.96,,,,
2005-12-07,91.88999938964844,4.42,4.52,4.67,59.21,,,,
2005-12-08,91.26000213623047,4.37,4.47,4.62,60.66,,,,
2005-12-09,91.25,4.43,4.54,4.72,59.41,,,,
2005-12-12,90.3499984741211,4.45,4.56,4.69,61.36,,,,
2005-12-13,90.37999725341797,4.43,4.54,4.68,61.36,,,,
2005-12-14,89.83000183105469,4.37,4.45,4.63,60.86,,,,
2005-12-15,90.0199966430664,4.37,4.47,4.62,60.01,,,,
2005-12-16,89.69999694824219,4.37,4.45,4.63,58.01,,,,
2005-12-19,89.87000274658203,4.38,4.45,4.62,57.31,,,,
2005-12-20,90.77999877929688,4.42,4.47,4.63,57.81,,,,
2005-12-21,90.94000244140625,4.43,4.49,4.65,58.56,,,,
2005-12-22,90.72000122070312,4.4,4.44,4.59,58.08,,,,
2005-12-23,90.83999633789062,4.37,4.38,4.52,58.08,,,,
2005-12-27,91.19000244140625,4.35,4.34,4.48,58.16,,,,
2005-12-28,91.26000213623047,4.37,4.38,4.51,59.81,,,,
2005-12-29,91.0999984741211,4.38,4.37,4.49,60.26,,,,
2005-12-30,91.16999816894531,4.41,4.39,4.51,61.06,,,,
2006-01-01,,,,,,199.3,0.6057546693589266,4.018789144050117,4.7
2006-01-03,89.83999633789062,4.34,4.37,4.52,63.11,,,,
2006-01-04,89.13999938964844,4.31,4.36,4.55,63.41,,,,
2006-01-05,89.33000183105469,4.32,4.36,4.51,62.81,,,,
2006-01-06,88.8499984741211,4.36,4.38,4.53,64.21,,,,
2006-01-09,89.25,4.36,4.38,4.53,63.56,,,,
2006-01-10,89.33000183105469,4.41,4.43,4.62,63.41,,,,
2006-01-11,88.98999786376953,4.44,4.46,4.61,63.91,,,,
2006-01-12,89.44000244140625,4.39,4.42,4.56,63.96,,,,
2006-01-13,88.88999938964844,4.34,4.36,4.49,63.86,,,,
2006-01-17,89.30000305175781,4.33,4.34,4.52,66.36,,,,
2006-01-18,89.26000213623047,4.33,4.34,4.53,65.76,,,,
2006-01-19,89.38999938964844,4.37,4.38,4.51,66.86,,,,
2006-01-20,88.94999694824219,4.37,4.37,4.54,68.16,,,,
2006-01-23,87.94999694824219,4.35,4.36,4.54,68.06,,,,
2006-01-24,88.05999755859375,4.37,4.4,4.53,66.83,,,,
2006-01-25,88.33000183105469,4.46,4.49,4.62,65.6,,,,
2006-01-26,88.62000274658203,4.49,4.53,4.66,65.8,,,,
2006-01-27,89.31999969482422,4.51,4.52,4.7,67.81,,,,
2006-01-30,89.41999816894531,4.52,4.54,4.67,68.36,,,,
2006-01-31,88.95999908447266,4.54,4.53,4.69,67.86,,,,
2006-02-01,89.51000213623047,4.59,4.57,4.69,66.61,199.4,0.050175614651282174,3.63825363825363,4.8
2006-02-02,89.37000274658203,4.59,4.57,4.68,64.71,,,,
2006-02-03,89.88999938964844,4.59,4.54,4.64,65.41,,,,
2006-02-06,90.29000091552734,4.62,4.55,4.61,65.11,,,,
2006-02-07,90.23999786376953,4.61,4.57,4.64,63.01,,,,
2006-02-08,90.43000030517578,4.64,4.56,4.67,62.51,,,,
2006-02-09,90.29000091552734,4.66,4.54,4.51,62.66,,,,
2006-02-10,90.55000305175781,4.69,4.59,4.55,62.01,,,,
2006-02-13,90.54000091552734,4.68,4.58,4.56,61.26,,,,
2006-02-14,90.54000091552734,4.69,4.62,4.6,59.61,,,,
2006-02-15,90.72000122070312,4.71,4.61,4.58,57.61,,,,
2006-02-16,90.7300033569336,4.69,4.59,4.57,58.61,,,,
2006-02-17,90.63999938964844,4.66,4.54,4.51,59.76,,,,
2006-02-21,90.55000305175781,4.71,4.57,4.53,61.21,,,,
2006-02-22,90.66999816894531,4.68,4.53,4.48,59.03,,,,
2006-02-23,90.38999938964844,4.72,4.56,4.51,58.03,,,,
2006-02-24,90.61000061035156,4.74,4.58,4.52,61.46,,,,
2006-02-27,90.62999725341797,4.74,4.59,4.55,61.01,,,,
2006-02-28,90.11000061035156,4.69,4.55,4.51,61.37,,,,
2006-03-01,90.22000122070312,4.71,4.59,4.56,62.01,199.7,0.15045135406217547,3.4179181771103018,4.7
2006-03-02,89.55999755859375,4.72,4.64,4.62,63.36,,,,
2006-03-03,89.66000366210938,4.76,4.68,4.66,63.61,,,,
2006-03-06,89.88999938964844,4.77,4.74,4.72,62.46,,,,
2006-03-07,90.7699966430664,4.77,4.74,4.72,61.51,,,,
2006-03-08,90.62000274658203,4.72,4.73,4.72,60.06,,,,
2006-03-09,90.75,4.72,4.74,4.72,60.51,,,,
2006-03-10,90.8499984741211,4.74,4.76,4.74,59.91,,,,
2006-03-13,90.54000091552734,4.74,4.77,4.77,61.81,,,,
2006-03-14,90.0,4.66,4.71,4.71,63.01,,,,
2006-03-15,89.69999694824219,4.69,4.73,4.75,62.11,,,,
2006-03-16,89.06999969482422,4.62,4.65,4.7,63.46,,,,
2006-03-17,88.91999816894531,4.65,4.68,4.72,62.81,,,,
2006-03-20,89.12999725341797,4.65,4.66,4.7,60.31,,,,
2006-03-21,89.62000274658203,4.72,4.71,4.74,60.41,,,,
2006-03-22,89.72000122070312,4.74,4.7,4.73,60.03,,,,
2006-03-23,90.45999908447266,4.77,4.73,4.75,62.13,,,,
2006-03-24,90.06999969482422,4.72,4.67,4.7,63.9,,,,
2006-03-27,90.06999969482422,4.72,4.7,4.73,63.75,,,,
2006-03-28,90.25,4.81,4.79,4.8,65.65,,,,
2006-03-29,90.25,4.82,4.81,4.84,66.0,,,,
2006-03-30,89.38999938964844,4.84,4.86,4.89,66.7,,,,
2006-03-31,89.7300033569336,4.82,4.86,4.9,66.25,,,,
2006-04-01,,,,,,200.7,0.5007511266900355,3.613835828600931,4.7
2006-04-03,89.62999725341797,4.86,4.88,4.9,66.07,,,,
2006-04-04,88.83000183105469,4.84,4.87,4.91,65.75,,,,
2006-04-05,88.62999725341797,4.81,4.84,4.9,66.76,,,,
2006-04-06,88.95999908447266,4.84,4.9,4.96,67.22,,,,
2006-04-07,89.62999725341797,4.89,4.97,5.04,67.02,,,,
2006-04-10,89.72000122070312,4.89,4.97,5.04,68.29,,,,
2006-04-11,89.44000244140625,4.88,4.93,5.0,69.03,,,,
2006-04-12,89.62000274658203,4.91,4.98,5.05,68.53,,,,
2006-04-13,89.62000274658203,4.96,5.05,5.11,69.53,,,,
2006-04-17,88.63999938964844,4.91,5.01,5.08,70.3,,,,
2006-04-18,88.23999786376953,4.84,4.99,5.07,71.28,,,,
2006-04-19,87.79000091552734,4.86,5.04,5.13,72.07,,,,
2006-04-20,88.25,4.89,5.04,5.14,71.96,,,,
2006-04-21,88.05000305175781,4.9,5.01,5.1,73.73,,,,
2006-04-24,87.44999694824219,4.89,4.99,5.07,70.19,,,,
2006-04-25,87.31999969482422,4.95,5.07,5.16,67.43,,,,
2006-04-26,87.22000122070312,4.99,5.12,5.18,71.71,,,,
2006-04-27,86.62999725341797,4.91,5.09,5.18,70.76,,,,
2006-04-28,86.11000061035156,4.87,5.07,5.17,71.8,,,,
2006-05-01,85.97000122070312,4.94,5.14,5.23,73.75,201.3,0.2989536621823774,3.9772727272727293,4.6
2006-05-02,85.79000091552734,4.92,5.12,5.2,74.62,,,,
2006-05-03,85.83999633789062,4.94,5.15,5.24,72.26,,,,
2006-05-04,85.83999633789062,4.97,5.16,5.23,69.98,,,,
2006-05-05,85.12000274658203,4.94,5.12,5.2,70.09,,,,
2006-05-08,85.2300033569336,4.97,5.12,5.19,69.75,,,,
2006-05-09,84.83000183105469,4.97,5.13,5.2,70.71,,,,
2006-05-10,84.5,5.01,5.13,5.19,72.15,,,,
2006-05-11,84.2699966430664,4.99,5.14,5.23,73.0,,,,
2006-05-12,83.95999908447266,5.01,5.19,5.29,71.87,,,,
2006-05-15,84.54000091552734,4.99,5.15,5.26,69.25,,,,
2006-05-16,84.16999816894531,4.96,5.1,5.22,69.4,,,,
2006-05-17,84.8499984741211,4.97,5.16,5.28,68.65,,,,
2006-05-18,84.51000213623047,4.94,5.08,5.18,69.63,,,,
2006-05-19,84.87999725341797,4.96,5.05,5.14,68.44,,,,
2006-05-22,84.3499984741211,4.94,5.04,5.13,69.23,,,,
2006-05-23,84.3499984741211,4.97,5.07,5.16,70.78,,,,
2006-05-24,84.94999694824219,4.94,5.03,5.13,69.47,,,,
2006-05-25,84.6500015258789,4.98,5.07,5.17,70.92,,,,
2006-05-26,85.26000213623047,4.96,5.06,5.16,71.35,,,,
2006-05-30,84.27999877929688,4.99,5.09,5.19,71.85,,,,
2006-05-31,84.72000122070312,5.04,5.12,5.21,71.42,,,,
2006-06-01,84.79000091552734,5.04,5.11,5.2,70.11,201.8,0.24838549428713996,4.1817243159525175,4.6
2006-06-02,84.05000305175781,4.92,5.0,5.1,72.73,,,,
2006-06-05,84.13999938964844,4.99,5.02,5.1,72.5,,,,
2006-06-06,84.7300033569336,4.99,5.01,5.08,72.43,,,,
2006-06-07,84.98999786376953,5.02,5.02,5.09,70.9,,,,
2006-06-08,85.91000366210938,5.01,5.0,5.06,70.25,,,,
2006-06-09,85.72000122070312,5.01,4.98,5.03,71.62,,,,
2006-06-12,85.8499984741211,5.02,4.99,5.03,70.28,,,,
2006-06-13,86.43000030517578,5.02,4.97,5.01,68.48,,,,
2006-06-14,86.13999938964844,5.11,5.05,5.09,69.12,,,,
2006-06-15,86.0199966430664,5.14,5.1,5.13,69.78,,,,
2006-06-16,85.91999816894531,5.16,5.13,5.17,69.75,,,,
2006-06-19,86.30999755859375,5.19,5.14,5.18,69.21,,,,
2006-06-20,86.18000030517578,5.19,5.15,5.19,69.3,,,,
2006-06-21,85.77999877929688,5.2,5.16,5.19,70.07,,,,
2006-06-22,86.38999938964844,5.23,5.2,5.23,70.62,,,,
2006-06-23,86.81999969482422,5.27,5.23,5.26,70.5,,,,
2006-06-26,86.48999786376953,5.27,5.25,5.28,71.63,,,,
2006-06-27,86.47000122070312,5.24,5.21,5.24,72.05,,,,
2006-06-28,86.62999725341797,5.29,5.25,5.28,72.15,,,,
2006-06-29,85.87000274658203,5.21,5.22,5.26,73.5,,,,
2006-06-30,85.22000122070312,5.16,5.15,5.19,73.94,,,,
2006-07-01,,,,,,202.9,0.5450941526263575,4.104669061056954,4.7
2006-07-03,85.18000030517578,5.17,5.15,5.2,,,,,
2006-07-05,85.5999984741211,5.24,5.23,5.27,75.2,,,,
2006-07-06,85.3499984741211,5.22,5.19,5.23,75.0,,,,
2006-07-07,84.9800033569336,5.17,5.14,5.18,73.76,,,,
2006-07-10,85.5,5.17,5.13,5.17,73.5,,,,
2006-07-11,85.36000061035156,5.17,5.1,5.14,74.05,,,,
2006-07-12,85.91000366210938,5.17,5.1,5.14,74.99,,,,
2006-07-13,85.79000091552734,5.12,5.08,5.12,76.7,,,,
2006-07-14,86.08999633789062,5.08,5.07,5.11,76.8,,,,
2006-07-17,86.95999908447266,5.12,5.07,5.1,75.7,,,,
2006-07-18,87.01000213623047,5.19,5.13,5.16,73.87,,,,
2006-07-19,86.45999908447266,5.12,5.06,5.1,72.79,,,,
2006-07-20,86.22000122070312,5.06,5.03,5.08,74.0,,,,
2006-07-21,85.93000030517578,5.08,5.05,5.1,73.52,,,,
2006-07-24,86.33999633789062,5.1,5.05,5.11,74.29,,,,
2006-07-25,86.63999938964844,5.11,5.07,5.13,73.46,,,,
2006-07-26,85.93000030517578,5.06,5.04,5.1,73.82,,,,
2006-07-27,85.87000274658203,5.07,5.07,5.11,74.5,,,,
2006-07-28,85.44000244140625,4.98,5.0,5.07,73.3,,,,
2006-07-31,85.30000305175781,4.97,4.99,5.07,74.56,,,,
2006-08-01,85.05000305175781,4.97,4.99,5.07,74.93,203.8,0.44356826022671214,3.926568077511483,4.7
2006-08-02,85.05000305175781,4.97,4.96,5.05,76.16,,,,
2006-08-03,85.0199966430664,4.98,4.96,5.04,75.59,,,,
2006-08-04,84.56999969482422,4.91,4.91,5.0,74.78,,,,
2006-08-07,84.75,4.96,4.93,5.0,77.05,,,,
2006-08-08,84.66000366210938,4.91,4.93,5.02,76.29,,,,
2006-08-09,84.70999908447266,4.91,4.92,5.05,76.28,,,,
2006-08-10,85.08000183105469,4.93,4.93,5.06,74.17,,,,
2006-08-11,85.5199966430664,4.96,4.97,5.09,74.38,,,,
2006-08-14,85.63999938964844,5.01,5.0,5.12,73.33,,,,
2006-08-15,85.22000122070312,4.94,4.93,5.05,72.95,,,,
2006-08-16,84.87999725341797,4.87,4.87,5.0,71.64,,,,
2006-08-17,85.04000091552734,4.89,4.87,5.0,70.12,,,,
2006-08-18,85.08999633789062,4.87,4.84,4.97,70.93,,,,
2006-08-21,84.62999725341797,4.85,4.82,4.96,72.45,,,,
2006-08-22,85.18000030517578,4.87,4.82,4.95,72.55,,,,
2006-08-23,85.12999725341797,4.87,4.82,4.95,71.45,,,,
2006-08-24,85.27999877929688,4.88,4.81,4.94,72.02,,,,
2006-08-25,85.37999725341797,4.86,4.79,4.93,72.13,,,,
2006-08-28,85.2300033569336,4.88,4.8,4.94,70.47,,,,
2006-08-29,84.91000366210938,4.87,4.79,4.93,69.74,,,,
2006-08-30,84.97000122070312,4.83,4.76,4.91,70.2,,,,
2006-08-31,85.05000305175781,4.79,4.74,4.88,70.38,,,,
2006-09-01,84.94000244140625,4.77,4.73,4.87,69.24,202.8,-0.4906771344455385,2.012072434607637,4.5
2006-09-05,85.0,4.8,4.78,4.93,68.7,,,,
2006-09-06,85.0999984741211,4.82,4.8,4.95,67.75,,,,
2006-09-07,85.52999877929688,4.82,4.8,4.94,67.37,,,,
2006-09-08,85.94999694824219,4.8,4.78,4.92,66.3,,,,
2006-09-11,85.91999816894531,4.83,4.8,4.95,65.42,,,,
2006-09-12,85.91999816894531,4.82,4.78,4.91,63.81,,,,
2006-09-13,85.87000274658203,4.8,4.77,4.9,64.09,,,,
2006-09-14,85.66000366210938,4.83,4.79,4.92,63.27,,,,
2006-09-15,85.98999786376953,4.87,4.8,4.92,63.3,,,,
2006-09-18,85.80999755859375,4.88,4.81,4.93,63.84,,,,
2006-09-19,85.94000244140625,4.79,4.74,4.86,61.77,,,,
2006-09-20,85.80999755859375,4.81,4.73,4.85,60.0,,,,
2006-09-21,85.18000030517578,4.71,4.65,4.78,61.62,,,,
2006-09-22,85.19999694824219,4.67,4.6,4.74,59.79,,,,
2006-09-25,85.29000091552734,4.63,4.56,4.7,60.74,,,,
2006-09-26,85.62999725341797,4.68,4.59,4.71,60.63,,,,
2006-09-27,85.66000366210938,4.66,4.6,4.73,62.96,,,,
2006-09-28,85.72000122070312,4.68,4.63,4.76,62.46,,,,
2006-09-29,85.97000122070312,4.71,4.64,4.77,62.9,,,,
2006-10-01,,,,,,201.9,-0.4437869822485285,1.4063284781516971,4.4
2006-10-02,85.58999633789062,4.66,4.62,4.76,60.96,,,,
2006-10-03,85.70999908447266,4.67,4.62,4.76,58.64,,,,
2006-10-04,85.83999633789062,4.6,4.57,4.72,59.53,,,,
2006-10-05,85.91999816894531,4.65,4.61,4.76,60.02,,,,
2006-10-06,86.44000244140625,4.74,4.7,4.84,59.68,,,,
2006-10-09,86.5199966430664,,,,59.93,,,,
2006-10-10,87.0199966430664,4.82,4.75,4.88,58.5,,,,
2006-10-11,87.12000274658203,4.85,4.78,4.91,57.56,,,,
2006-10-12,86.91999816894531,4.85,4.79,4.91,58.23,,,,
2006-10-13,87.12000274658203,4.87,4.81,4.94,58.69,,,,
2006-10-16,87.0,4.85,4.79,4.92,59.91,,,,
2006-10-17,86.87000274658203,4.83,4.78,4.91,58.91,,,,
2006-10-18,86.87999725341797,4.85,4.77,4.89,57.66,,,,
2006-10-19,86.23999786376953,4.85,4.79,4.91,58.55,,,,
2006-10-20,86.2699966430664,4.87,4.79,4.91,57.35,,,,
2006-10-23,86.70999908447266,4.9,4.83,4.95,56.74,,,,
2006-10-24,86.62999725341797,4.91,4.83,4.95,57.55,,,,
2006-10-25,86.37999725341797,4.88,4.78,4.89,59.09,,,,
2006-10-26,85.88999938964844,4.81,4.73,4.84,60.27,,,,
2006-10-27,85.55999755859375,4.76,4.68,4.8,60.75,,,,
2006-10-30,85.58999633789062,4.78,4.68,4.78,58.41,,,,
2006-10-31,85.31999969482422,4.71,4.61,4.72,58.72,,,,
2006-11-01,85.31999969482422,4.66,4.57,4.68,58.64,202.0,0.04952947003467045,1.9687026754164672,4.5
2006-11-02,85.33999633789062,4.67,4.6,4.72,57.87,,,,
2006-11-03,85.70999908447266,4.82,4.72,4.81,59.13,,,,
2006-11-06,85.75,4.82,4.71,4.79,60.11,,,,
2006-11-07,85.43000030517578,4.77,4.66,4.76,58.94,,,,
2006-11-08,85.41000366210938,4.75,4.64,4.73,59.93,,,,
2006-11-09,85.18000030517578,4.75,4.62,4.73,61.18,,,,
2006-11-10,85.05000305175781,4.73,4.59,4.69,59.66,,,,
2006-11-13,85.36000061035156,4.76,4.61,4.71,58.59,,,,
2006-11-14,85.23999786376953,4.74,4.57,4.66,58.28,,,,
2006-11-15,85.33999633789062,4.8,4.61,4.69,58.79,,,,
2006-11-16,85.5,4.85,4.66,4.74,56.23,,,,
2006-11-17,85.37000274658203,4.76,4.61,4.69,55.9,,,,
2006-11-20,85.41999816894531,4.76,4.6,4.68,56.42,,,,
2006-11-21,85.23999786376953,4.75,4.58,4.66,58.01,,,,
2006-11-22,84.6500015258789,4.74,4.57,4.65,57.28,,,,
2006-11-23,84.4800033569336,,,,,,,,
2006-11-24,83.70999908447266,4.73,4.55,4.63,,,,,
2006-11-27,83.51000213623047,4.71,4.54,4.62,60.3,,,,
2006-11-28,83.20999908447266,4.67,4.51,4.59,60.97,,,,
2006-11-29,83.44000244140625,4.69,4.52,4.61,62.45,,,,
2006-11-30,82.91999816894531,4.62,4.46,4.56,62.97,,,,
2006-12-01,82.4800033569336,4.52,4.43,4.54,63.43,203.1,0.544554455445545,2.5239777889954462,4.4
2006-12-04,82.48999786376953,4.52,4.43,4.55,62.39,,,,
2006-12-05,82.44999694824219,4.52,4.45,4.57,62.4,,,,
2006-12-06,82.7699966430664,4.59,4.48,4.6,62.2,,,,
2006-12-07,82.80000305175781,4.58,4.49,4.6,62.54,,,,
2006-12-08,83.33000183105469,4.68,4.56,4.66,62.06,,,,
2006-12-11,83.12000274658203,4.67,4.52,4.63,61.26,,,,
2006-12-12,82.97000122070312,4.61,4.49,4.6,61.06,,,,
2006-12-13,82.97000122070312,4.7,4.58,4.69,61.34,,,,
2006-12-14,83.6500015258789,4.73,4.6,4.72,62.48,,,,
2006-12-15,84.05999755859375,4.73,4.6,4.72,63.4,,,,
2006-12-18,83.9800033569336,4.71,4.6,4.72,62.19,,,,
2006-12-19,83.45999908447266,4.71,4.6,4.73,62.87,,,,
2006-12-20,83.5199966430664,4.71,4.6,4.73,63.08,,,,
2006-12-21,83.56999969482422,4.66,4.55,4.7,62.05,,,,
2006-12-22,83.94000244140625,4.71,4.63,4.76,61.81,,,,
2006-12-26,84.06999969482422,4.71,4.61,4.73,61.07,,,,
2006-12-27,83.94000244140625,4.77,4.66,4.78,60.31,,,,
2006-12-28,83.81999969482422,4.82,4.7,4.81,60.39,,,,
2006-12-29,83.72000122070312,4.82,4.71,4.81,60.85,,,,
2007-01-01,,,,,,203.437,0.1659281142294633,2.075765178123423,4.6
2007-01-02,83.19999694824219,4.8,4.68,4.79,60.77,,,,
2007-01-03,83.91999816894531,4.76,4.67,4.77,58.31,,,,
2007-01-04,84.31999969482422,4.71,4.62,4.72,55.65,,,,
2007-01-05,84.62999725341797,4.76,4.65,4.74,56.29,,,,
2007-01-08,84.5999984741211,4.78,4.66,4.74,56.08,,,,
2007-01-09,84.73999786376953,4.79,4.66,4.74,55.65,,,,
2007-01-10,85.08000183105469,4.81,4.69,4.77,53.95,,,,
2007-01-11,85.30999755859375,4.86,4.74,4.82,51.91,,,,
2007-01-12,85.02999877929688,4.88,4.77,4.86,52.96,,,,
2007-01-16,85.05000305175781,4.86,4.75,4.85,51.23,,,,
2007-01-17,84.9800033569336,4.91,4.79,4.88,52.3,,,,
2007-01-18,84.91000366210938,4.89,4.75,4.85,50.51,,,,
2007-01-19,84.86000061035156,4.93,4.78,4.87,51.98,,,,
2007-01-22,85.0199966430664,4.91,4.76,4.84,51.11,,,,
2007-01-23,84.66999816894531,4.94,4.81,4.9,53.61,,,,
2007-01-24,84.94000244140625,4.93,4.81,4.91,54.24,,,,
2007-01-25,85.11000061035156,4.98,4.87,4.96,53.49,,,,
2007-01-26,85.27999877929688,4.99,4.88,4.98,55.38,,,,
2007-01-29,85.0999984741211,4.99,4.9,4.99,54.01,,,,
2007-01-30,85.02999877929688,4.98,4.88,4.98,57.03,,,,
2007-01-31,84.61000061035156,4.94,4.83,4.93,58.17,,,,
2007-02-01,84.62999725341797,4.96,4.84,4.93,57.35,204.226,0.3878350545869269,2.420260782347028,4.5
2007-02-02,84.95999908447266,4.94,4.83,4.93,59.01,,,,
2007-02-05,85.08000183105469,4.92,4.81,4.91,58.69,,,,
2007-02-06,84.77999877929688,4.9,4.77,4.87,58.91,,,,
2007-02-07,84.75,4.87,4.74,4.86,57.75,,,,
2007-02-08,84.69999694824219,4.87,4.73,4.81,59.76,,,,
2007-02-09,84.87000274658203,4.92,4.79,4.87,59.86,,,,
2007-02-12,85.1500015258789,4.94,4.8,4.88,57.76,,,,
2007-02-13,84.7300033569336,4.95,4.82,4.9,58.98,,,,
2007-02-14,84.19999694824219,4.87,4.74,4.83,58.0,,,,
2007-02-15,84.01000213623047,4.83,4.7,4.81,57.92,,,,
2007-02-16,84.08999633789062,4.83,4.69,4.79,59.38,,,,
2007-02-20,84.19000244140625,4.81,4.68,4.78,58.32,,,,
2007-02-21,84.20999908447266,4.82,4.69,4.79,59.4,,,,
2007-02-22,84.31999969482422,4.87,4.73,4.83,60.28,,,,
2007-02-23,84.06999969482422,4.82,4.68,4.79,60.28,,,,
2007-02-26,83.93000030517578,4.77,4.63,4.73,61.41,,,,
2007-02-27,83.4800033569336,4.59,4.5,4.62,61.46,,,,
2007-02-28,83.56999969482422,4.65,4.56,4.68,61.78,,,,
2007-03-01,83.68000030517578,4.63,4.56,4.68,61.97,205.288,0.5200121434097538,2.798197295943927,4.4
2007-03-02,83.73999786376953,4.56,4.52,4.65,61.58,,,,
2007-03-05,84.1500015258789,4.53,4.51,4.64,60.05,,,,
2007-03-06,84.06999969482422,4.58,4.53,4.66,60.66,,,,
2007-03-07,83.77999877929688,4.54,4.5,4.64,61.85,,,,
2007-03-08,84.0999984741211,4.56,4.51,4.65,61.63,,,,
2007-03-09,84.23999786376953,4.66,4.59,4.72,60.06,,,,
2007-03-12,83.86000061035156,4.62,4.56,4.69,58.94,,,,
2007-03-13,83.7300033569336,4.52,4.5,4.66,58.03,,,,
2007-03-14,83.61000061035156,4.54,4.53,4.69,58.15,,,,
2007-03-15,83.68000030517578,4.57,4.54,4.69,57.52,,,,
2007-03-16,83.2300033569336,4.58,4.55,4.7,57.06,,,,
2007-03-19,83.38999938964844,4.61,4.58,4.72,56.65,,,,
2007-03-20,83.11000061035156,4.6,4.56,4.71,56.41,,,,
2007-03-21,82.7699966430664,4.51,4.53,4.7,56.98,,,,
2007-03-22,83.08999633789062,4.58,4.6,4.78,60.21,,,,
2007-03-23,83.27999877929688,4.6,4.62,4.8,61.07,,,,
2007-03-26,83.08000183105469,4.56,4.6,4.79,61.77,,,,
2007-03-27,83.01000213623047,4.58,4.62,4.81,62.98,,,,
2007-03-28,83.02999877929688,4.53,4.62,4.83,64.11,,,,
2007-03-29,83.08999633789062,4.58,4.64,4.83,66.1,,,,
2007-03-30,82.93000030517578,4.58,4.65,4.84,65.94,,,,
2007-04-01,,,,,,205.904,0.3000662483924943,2.5929247633283525,4.5
2007-04-02,82.87000274658203,4.6,4.65,4.84,66.03,,,,
2007-04-03,83.1500015258789,4.63,4.67,4.85,64.59,,,,
2007-04-04,82.95999908447266,4.61,4.66,4.85,64.4,,,,
2007-04-05,82.68000030517578,4.63,4.68,4.87,64.26,,,,
2007-04-06,,4.75,4.76,4.92,,,,,
2007-04-09,83.0999984741211,4.73,4.75,4.92,61.51,,,,
2007-04-10,82.69999694824219,4.71,4.73,4.91,61.92,,,,
2007-04-11,82.66999816894531,4.73,4.74,4.92,61.98,,,,
2007-04-12,82.37000274658203,4.73,4.74,4.91,63.87,,,,
2007-04-13,82.12999725341797,4.76,4.76,4.93,63.63,,,,
2007-04-16,82.06999969482422,4.74,4.74,4.89,63.63,,,,
2007-04-17,81.83000183105469,4.68,4.69,4.85,63.14,,,,
2007-04-18,81.73999786376953,4.64,4.66,4.81,63.14,,,,
2007-04-19,81.63999938964844,4.64,4.68,4.84,61.81,,,,
2007-04-20,81.63999938964844,4.64,4.68,4.85,63.56,,,,
2007-04-23,81.73999786376953,4.62,4.66,4.83,65.33,,,,
2007-04-24,81.55000305175781,4.58,4.63,4.8,64.1,,,,
2007-04-25,81.43000030517578,4.63,4.66,4.83,65.33,,,,
2007-04-26,81.75,4.67,4.69,4.87,65.08,,,,
2007-04-27,81.52999877929688,4.67,4.71,4.89,66.45,,,,
2007-04-30,81.44999694824219,4.6,4.63,4.81,65.78,,,,
2007-05-01,81.5999984741211,4.63,4.64,4.81,64.43,206.755,0.41329940166290324,2.709885742672613,4.4
2007-05-02,81.73999786376953,4.65,4.65,4.82,63.78,,,,
2007-05-03,81.94999694824219,4.71,4.68,4.84,63.23,,,,
2007-05-04,81.73999786376953,4.68,4.65,4.8,61.89,,,,
2007-05-07,81.68000030517578,4.68,4.64,4.79,61.48,,,,
2007-05-08,81.94000244140625,4.68,4.63,4.8,62.26,,,,
2007-05-09,82.0199966430664,4.73,4.67,4.83,61.54,,,,
2007-05-10,82.29000091552734,4.7,4.65,4.83,61.85,,,,
2007-05-11,82.12000274658203,4.71,4.67,4.85,62.35,,,,
2007-05-14,82.06999969482422,4.73,4.69,4.86,62.55,,,,
2007-05-15,81.75,4.75,4.71,4.88,63.16,,,,
2007-05-16,82.16000366210938,4.73,4.71,4.88,62.57,,,,
2007-05-17,82.31999969482422,4.78,4.76,4.91,64.83,,,,
2007-05-18,82.19999694824219,4.82,4.81,4.96,64.93,,,,
2007-05-21,82.36000061035156,4.81,4.79,4.94,66.25,,,,
2007-05-22,82.38999938964844,4.83,4.83,4.98,64.91,,,,
2007-05-23,82.30999755859375,4.85,4.86,5.01,65.1,,,,
2007-05-24,82.41000366210938,4.85,4.86,5.0,63.62,,,,
2007-05-25,82.33000183105469,4.85,4.86,5.01,64.59,,,,
2007-05-29,82.30999755859375,4.88,4.88,5.01,63.19,,,,
2007-05-30,82.43000030517578,4.89,4.88,5.01,63.47,,,,
2007-05-31,82.30000305175781,4.92,4.9,5.01,64.02,,,,
2007-06-01,82.31999969482422,4.97,4.95,5.06,65.09,207.234,0.23167517109623503,2.692765113974227,4.6
2007-06-04,82.05999755859375,4.97,4.93,5.02,66.17,,,,
2007-06-05,81.88999938964844,4.99,4.98,5.07,65.63,,,,
2007-06-06,81.9000015258789,4.97,4.97,5.08,65.97,,,,
2007-06-07,82.29000091552734,5.03,5.11,5.2,66.93,,,,
2007-06-08,82.69000244140625,5.01,5.12,5.22,64.78,,,,
2007-06-11,82.70999908447266,5.01,5.14,5.24,65.93,,,,
2007-06-12,82.88999938964844,5.08,5.26,5.35,65.36,,,,
2007-06-13,83.04000091552734,5.08,5.2,5.28,66.17,,,,
2007-06-14,83.12999725341797,5.1,5.23,5.3,67.62,,,,
2007-06-15,82.8499984741211,5.05,5.16,5.26,68.04,,,,
2007-06-18,82.70999908447266,5.01,5.15,5.26,69.06,,,,
2007-06-19,82.54000091552734,4.94,5.09,5.2,69.15,,,,
2007-06-20,82.5199966430664,4.97,5.14,5.24,68.5,,,,
2007-06-21,82.7300033569336,4.98,5.16,5.28,68.35,,,,
2007-06-22,82.33999633789062,4.92,5.14,5.25,68.85,,,,
2007-06-25,82.31999969482422,4.87,5.09,5.2,68.83,,,,
2007-06-26,82.29000091552734,4.9,5.1,5.22,67.78,,,,
2007-06-27,82.31999969482422,4.91,5.09,5.2,68.98,,,,
2007-06-28,82.33000183105469,4.96,5.12,5.22,69.61,,,,
2007-06-29,81.91999816894531,4.87,5.03,5.12,70.47,,,,
2007-07-01,,,,,,207.603,0.17805958481715844,2.3178905864958077,4.7
2007-07-02,81.38999938964844,4.86,5.0,5.09,71.11,,,,
2007-07-03,81.43000030517578,4.89,5.05,5.14,71.41,,,,
2007-07-05,81.54000091552734,4.99,5.16,5.24,71.81,,,,
2007-07-06,81.45999908447266,4.99,5.19,5.28,72.8,,,,
2007-07-09,81.43000030517578,4.97,5.16,5.25,72.14,,,,
2007-07-10,80.86000061035156,4.85,5.03,5.14,72.8,,,,
2007-07-11,80.7300033569336,4.89,5.09,5.18,72.58,,,,
2007-07-12,80.63999938964844,4.94,5.13,5.22,72.55,,,,
2007-07-13,80.58000183105469,4.94,5.11,5.19,73.89,,,,
2007-07-16,80.5199966430664,4.89,5.05,5.14,74.11,,,,
2007-07-17,80.54000091552734,4.91,5.08,5.16,74.03,,,,
2007-07-18,80.41999816894531,4.84,5.02,5.1,75.03,,,,
2007-07-19,80.41999816894531,4.87,5.04,5.12,75.9,,,,
2007-07-20,80.29000091552734,4.79,4.96,5.07,75.53,,,,
2007-07-23,80.3499984741211,4.8,4.97,5.07,74.65,,,,
2007-07-24,80.08000183105469,4.77,4.94,5.05,73.38,,,,
2007-07-25,80.6500015258789,4.74,4.92,5.04,75.74,,,,
2007-07-26,80.44999694824219,4.56,4.79,4.95,74.96,,,,
2007-07-27,80.94999694824219,4.56,4.8,4.95,77.03,,,,
2007-07-30,80.8499984741211,4.59,4.82,4.97,76.82,,,,
2007-07-31,80.7699966430664,4.56,4.78,4.92,78.2,,,,
2007-08-01,80.87000274658203,4.56,4.76,4.9,76.49,207.667,0.030828070885302594,1.897448478900876,4.6
2007-08-02,80.70999908447266,4.59,4.77,4.91,76.84,,,,
2007-08-03,80.18000030517578,4.46,4.71,4.87,75.41,,,,
2007-08-06,80.25,4.46,4.72,4.89,72.03,,,,
2007-08-07,80.4800033569336,4.56,4.77,4.92,72.25,,,,
2007-08-08,80.33999633789062,4.64,4.84,5.01,72.23,,,,
2007-08-09,80.73999786376953,4.49,4.79,5.02,71.62,,,,
2007-08-10,80.68000030517578,4.47,4.81,5.03,71.49,,,,
2007-08-13,81.05000305175781,4.46,4.78,5.01,71.6,,,,
2007-08-14,81.48999786376953,4.39,4.73,4.99,72.4,,,,
2007-08-15,81.81999969482422,4.27,4.69,5.0,73.36,,,,
2007-08-16,81.7300033569336,4.08,4.6,4.92,70.99,,,,
2007-08-17,81.43000030517578,4.18,4.68,5.0,71.9,,,,
2007-08-20,81.4000015258789,4.11,4.64,4.98,71.12,,,,
2007-08-21,81.48999786376953,4.05,4.6,4.95,69.49,,,,
2007-08-22,81.25,4.15,4.63,4.96,69.3,,,,
2007-08-23,81.13999938964844,4.2,4.62,4.93,69.86,,,,
2007-08-24,80.66999816894531,4.3,4.63,4.88,71.17,,,,
2007-08-27,80.73999786376953,4.28,4.6,4.87,71.98,,,,
2007-08-28,80.76000213623047,4.13,4.53,4.86,71.79,,,,
2007-08-29,80.69999694824219,4.14,4.57,4.88,73.52,,,,
2007-08-30,80.79000091552734,4.08,4.51,4.83,73.37,,,,
2007-08-31,80.79000091552734,4.15,4.54,4.83,73.98,,,,
2007-09-01,,,,,,208.547,0.42375533907650365,2.8338264299802685,4.7
2007-09-04,80.87999725341797,4.13,4.56,4.84,75.07,,,,
2007-09-05,80.62000274658203,4.03,4.48,4.78,75.74,,,,
2007-09-06,80.47000122070312,4.08,4.51,4.79,76.34,,,,
2007-09-07,79.95999908447266,3.9,4.38,4.7,76.7,,,,
2007-09-10,79.81999969482422,3.87,4.34,4.65,77.53,,,,
2007-09-11,79.69999694824219,3.95,4.37,4.65,78.16,,,,
2007-09-12,79.36000061035156,3.95,4.41,4.68,79.85,,,,
2007-09-13,79.51000213623047,4.08,4.49,4.75,80.05,,,,
2007-09-14,79.62000274658203,4.05,4.47,4.72,79.14,,,,
2007-09-17,79.72000122070312,4.08,4.48,4.72,80.55,,,,
2007-09-18,79.20999908447266,4.0,4.5,4.77,81.51,,,,
2007-09-19,79.30000305175781,4.0,4.53,4.83,81.99,,,,
2007-09-20,78.58000183105469,4.1,4.69,4.96,83.85,,,,
2007-09-21,78.5999984741211,4.06,4.64,4.89,83.38,,,,
2007-09-24,78.52999877929688,4.05,4.63,4.88,82.51,,,,
2007-09-25,78.30999755859375,4.0,4.63,4.89,81.2,,,,
2007-09-26,78.48999786376953,3.97,4.63,4.9,80.31,,,,
2007-09-27,78.33999633789062,3.95,4.58,4.84,82.86,,,,
2007-09-28,77.72000122070312,3.97,4.59,4.83,81.64,,,,
2007-10-01,77.9000015258789,4.02,4.56,4.79,80.31,209.19,0.3083237831280172,3.610698365527476,4.7
2007-10-02,78.30000305175781,3.98,4.54,4.77,80.0,,,,
2007-10-03,78.56999969482422,4.02,4.55,4.79,79.97,,,,
2007-10-04,78.4800033569336,4.0,4.54,4.77,81.48,,,,
2007-10-05,78.30999755859375,4.08,4.65,4.87,81.2,,,,
2007-10-08,78.66999816894531,,,,78.97,,,,
2007-10-09,78.52999877929688,4.15,4.67,4.87,80.23,,,,
2007-10-10,78.37999725341797,4.15,4.65,4.86,81.3,,,,
2007-10-11,78.08000183105469,4.13,4.66,4.87,83.05,,,,
2007-10-12,78.22000122070312,4.23,4.7,4.91,83.73,,,,
2007-10-15,78.08999633789062,4.22,4.69,4.91,86.19,,,,
2007-10-16,78.25,4.12,4.66,4.9,87.58,,,,
2007-10-17,78.12000274658203,4.0,4.57,4.82,87.19,,,,
2007-10-18,77.58999633789062,3.93,4.52,4.78,89.48,,,,
2007-10-19,77.41000366210938,3.8,4.41,4.68,88.58,,,,
2007-10-22,78.05999755859375,3.85,4.42,4.68,87.6,,,,
2007-10-23,77.58999633789062,3.81,4.41,4.69,86.45,,,,
2007-10-24,77.55000305175781,3.74,4.36,4.64,88.3,,,,
2007-10-25,77.27999877929688,3.74,4.37,4.66,92.09,,,,
2007-10-26,77.02999877929688,3.77,4.41,4.68,91.73,,,,
2007-10-29,76.83999633789062,3.79,4.39,4.66,93.45,,,,
2007-10-30,76.7699966430664,3.82,4.4,4.68,90.33,,,,
2007-10-31,76.4800033569336,3.94,4.48,4.74,94.16,,,,
2007-11-01,76.58999633789062,3.77,4.36,4.64,93.53,210.834,0.7858884267890387,4.373267326732666,4.7
2007-11-02,76.33999633789062,3.66,4.31,4.61,95.81,,,,
2007-11-05,76.43000030517578,3.69,4.35,4.63,94.06,,,,
2007-11-06,76.04000091552734,3.7,4.38,4.66,96.65,,,,
2007-11-07,75.41000366210938,3.61,4.34,4.67,96.46,,,,
2007-11-08,75.45999908447266,3.47,4.28,4.67,95.51,,,,
2007-11-09,75.4000015258789,3.42,4.23,4.61,96.36,,,,
2007-11-12,75.9000015258789,,,,94.4,,,,
2007-11-13,75.87999725341797,3.54,4.26,4.61,91.18,,,,
2007-11-14,75.80999755859375,3.57,4.28,4.61,94.02,,,,
2007-11-15,76.06999969482422,3.35,4.17,4.54,93.37,,,,
2007-11-16,75.83000183105469,3.33,4.15,4.52,94.81,,,,
2007-11-19,75.77999877929688,3.18,4.07,4.47,95.75,,,,
2007-11-20,75.20999908447266,3.14,4.06,4.49,99.16,,,,
2007-11-21,75.06999969482422,2.99,4.0,4.46,98.57,,,,
2007-11-23,75.05000305175781,3.07,4.01,4.43,98.24,,,,
2007-11-26,74.86000061035156,2.92,3.83,4.26,97.66,,,,
2007-11-27,75.0999984741211,3.05,3.95,4.36,94.39,,,,
2007-11-28,75.08000183105469,3.17,4.03,4.41,90.71,,,,
2007-11-29,75.58999633789062,3.06,3.94,4.35,90.98,,,,
2007-11-30,76.1500015258789,3.04,3.97,4.4,88.6,,,,
2007-12-01,,,,,,211.445,0.2898014551732553,4.108813392417532,5.0
2007-12-03,75.93000030517578,2.9,3.89,4.34,89.29,,,,
2007-12-04,75.69000244140625,2.9,3.89,4.34,88.31,,,,
2007-12-05,76.41000366210938,2.9,3.92,4.39,87.45,,,,
2007-12-06,76.37999725341797,3.03,4.02,4.49,90.25,,,,
2007-12-07,76.29000091552734,3.12,4.12,4.58,88.23,,,,
2007-12-10,76.05999755859375,3.17,4.15,4.6,87.72,,,,
2007-12-11,76.22000122070312,2.94,3.98,4.47,90.12,,,,
2007-12-12,76.13999938964844,3.07,4.05,4.51,94.41,,,,
2007-12-13,76.55999755859375,3.21,4.18,4.61,92.35,,,,
2007-12-14,77.44000244140625,3.31,4.24,4.66,91.31,,,,
2007-12-17,77.4000015258789,3.24,4.2,4.62,90.69,,,,
2007-12-18,77.41000366210938,3.19,4.14,4.55,89.93,,,,
2007-12-19,77.58999633789062,3.12,4.06,4.47,91.11,,,,
2007-12-20,77.79000091552734,3.09,4.04,4.46,90.88,,,,
2007-12-21,77.72000122070312,3.19,4.18,4.58,93.19,,,,
2007-12-24,77.56999969482422,3.24,4.23,4.62,94.0,,,,
2007-12-26,77.1500015258789,3.31,4.3,4.68,95.89,,,,
2007-12-27,76.61000061035156,3.24,4.21,4.61,96.63,,,,
2007-12-28,76.22000122070312,3.12,4.11,4.51,96.03,,,,
2007-12-31,76.69999694824219,3.05,4.04,4.45,95.95,,,,
2008-01-01,,,,,,212.174,0.3447705076970342,4.294695655165981,5.0
2008-01-02,75.97000122070312,2.88,3.91,4.35,99.64,,,,
2008-01-03,75.88999938964844,2.83,3.91,4.37,99.17,,,,
2008-01-04,75.79000091552734,2.74,3.88,4.36,97.9,,,,
2008-01-07,76.16999816894531,2.76,3.86,4.34,95.08,,,,
2008-01-08,76.11000061035156,2.76,3.86,4.35,96.43,,,,
2008-01-09,76.41999816894531,2.69,3.82,4.32,95.64,,,,
2008-01-10,75.93000030517578,2.71,3.91,4.44,93.92,,,,
2008-01-11,75.9800033569336,2.59,3.82,4.39,92.74,,,,
2008-01-14,75.61000061035156,2.58,3.81,4.37,94.23,,,,
2008-01-15,75.56999969482422,2.53,3.72,4.28,91.87,,,,
2008-01-16,76.26000213623047,2.51,3.74,4.32,90.8,,,,
2008-01-17,76.16999816894531,2.44,3.66,4.25,90.11,,,,
2008-01-18,76.37999725341797,2.36,3.66,4.28,90.55,,,,
2008-01-22,76.3499984741211,2.08,3.52,4.23,89.64,,,,
2008-01-23,76.4000015258789,2.09,3.51,4.23,87.65,,,,
2008-01-24,75.69000244140625,2.25,3.68,4.36,89.98,,,,
2008-01-25,75.97000122070312,2.23,3.61,4.28,90.37,,,,
2008-01-28,75.58000183105469,2.2,3.61,4.29,90.99,,,,
2008-01-29,75.54000091552734,2.29,3.69,4.34,91.66,,,,
2008-01-30,75.02999877929688,2.3,3.78,4.44,92.34,,,,
2008-01-31,75.18000030517578,2.17,3.67,4.35,91.67,,,,
2008-02-01,75.44999694824219,2.09,3.62,4.32,89.03,212.687,0.24178268779397882,4.142959270611968,4.9
2008-02-04,75.37000274658203,2.08,3.68,4.37,90.07,,,,
2008-02-05,76.12000274658203,1.93,3.61,4.33,88.32,,,,
2008-02-06,76.13999938964844,1.96,3.61,4.37,87.16,,,,
2008-02-07,76.94000244140625,1.99,3.74,4.51,88.07,,,,
2008-02-08,76.66999816894531,1.93,3.64,4.43,91.77,,,,
2008-02-11,76.58000183105469,1.93,3.62,4.41,93.56,,,,
2008-02-12,76.31999969482422,1.94,3.66,4.46,92.82,,,,
2008-02-13,76.4000015258789,1.91,3.7,4.52,93.28,,,,
2008-02-14,76.1500015258789,1.93,3.85,4.67,95.42,,,,
2008-02-15,76.0999984741211,1.91,3.76,4.58,95.57,,,,
2008-02-19,76.0,2.06,3.89,4.66,99.99,,,,
2008-02-20,76.12000274658203,2.14,3.93,4.65,100.86,,,,
2008-02-21,75.5999984741211,1.98,3.77,4.54,98.57,,,,
2008-02-22,75.5199966430664,1.98,3.79,4.58,99.03,,,,
2008-02-25,75.52999877929688,2.13,3.91,4.67,99.4,,,,
2008-02-26,74.76000213623047,2.04,3.88,4.66,100.83,,,,
2008-02-27,74.20999908447266,2.01,3.85,4.65,99.59,,,,
2008-02-28,73.72000122070312,1.87,3.71,4.55,102.6,,,,
2008-02-29,73.70999908447266,1.65,3.53,4.41,101.78,,,,
2008-03-01,,,,,,213.448,0.3578027806118822,3.9749035501344343,5.1
2008-03-03,73.69999694824219,1.61,3.54,4.42,102.42,,,,
2008-03-04,73.66000366210938,1.65,3.63,4.52,99.72,,,,
2008-03-05,73.4800033569336,1.66,3.7,4.6,104.45,,,,
2008-03-06,73.0,1.53,3.62,4.57,105.51,,,,
2008-03-07,73.02999877929688,1.53,3.56,4.55,105.12,,,,
2008-03-10,72.98999786376953,1.47,3.46,4.45,107.9,,,,
2008-03-11,73.27999877929688,1.74,3.6,4.53,108.73,,,,
2008-03-12,72.4000015258789,1.63,3.49,4.4,109.86,,,,
2008-03-13,72.06999969482422,1.63,3.56,4.47,110.21,,,,
2008-03-14,71.66000366210938,1.47,3.44,4.35,110.03,,,,
2008-03-17,71.45999908447266,1.35,3.34,4.29,105.74,,,,
2008-03-18,71.56999969482422,1.58,3.48,4.35,109.57,,,,
2008-03-19,72.13999938964844,1.54,3.38,4.22,103.25,,,,
2008-03-20,72.75,1.59,3.34,4.17,102.57,,,,
2008-03-24,72.94999694824219,1.84,3.56,4.33,101.7,,,,
2008-03-25,72.27999877929688,1.79,3.51,4.3,101.78,,,,
2008-03-26,71.51000213623047,1.71,3.51,4.33,105.83,,,,
2008-03-27,71.66000366210938,1.73,3.56,4.38,107.56,,,,
2008-03-28,71.68000030517578,1.67,3.47,4.33,105.59,,,,
2008-03-31,71.80000305175781,1.62,3.45,4.3,101.54,,,,
2008-04-01,72.55999755859375,1.8,3.57,4.4,100.92,213.942,0.2314381020201539,3.9037609759888126,5.0
2008-04-02,72.26000213623047,1.88,3.6,4.38,104.83,,,,
2008-04-03,72.22000122070312,1.91,3.61,4.4,103.92,,,,
2008-04-04,72.0199966430664,1.83,3.5,4.32,106.09,,,,
2008-04-07,72.19999694824219,1.95,3.57,4.36,108.91,,,,
2008-04-08,72.2300033569336,1.87,3.58,4.37,108.54,,,,
2008-04-09,71.83000183105469,1.77,3.49,4.31,110.89,,,,
2008-04-10,72.12000274658203,1.84,3.55,4.34,110.07,,,,
2008-04-11,71.80999755859375,1.76,3.49,4.3,110.14,,,,
2008-04-14,71.87999725341797,1.78,3.53,4.35,111.71,,,,
2008-04-15,72.0199966430664,1.84,3.6,4.42,113.77,,,,
2008-04-16,71.41000366210938,1.98,3.72,4.54,114.8,,,,
2008-04-17,71.68000030517578,2.13,3.75,4.54,114.8,,,,
2008-04-18,72.01000213623047,2.19,3.77,4.51,116.56,,,,
2008-04-21,71.6500015258789,2.2,3.75,4.48,117.48,,,,
2008-04-22,71.33000183105469,2.24,3.74,4.46,119.17,,,,
2008-04-23,71.81999969482422,2.22,3.77,4.49,119.28,,,,
2008-04-24,72.54000091552734,2.41,3.87,4.56,117.1,,,,
2008-04-25,72.79000091552734,2.44,3.91,4.61,119.64,,,,
2008-04-28,72.79000091552734,2.36,3.86,4.57,118.78,,,,
2008-04-29,72.88999938964844,2.35,3.85,4.55,115.67,,,,
2008-04-30,72.51000213623047,2.29,3.77,4.49,113.7,,,,
2008-05-01,73.27999877929688,2.37,3.78,4.49,112.6,215.208,0.5917491656617146,4.088413823123993,5.4
2008-05-02,73.5,2.47,3.89,4.57,116.36,,,,
2008-05-05,73.19000244140625,2.42,3.88,4.58,119.94,,,,
2008-05-06,73.0,2.38,3.93,4.64,121.82,,,,
2008-05-07,73.51000213623047,2.31,3.87,4.61,123.56,,,,
2008-05-08,73.4800033569336,2.25,3.79,4.5,123.77,,,,
2008-05-09,73.05000305175781,2.25,3.77,4.53,125.94,,,,
2008-05-12,72.94999694824219,2.3,3.78,4.53,124.02,,,,
2008-05-13,73.2699966430664,2.47,3.9,4.62,125.83,,,,
2008-05-14,73.4000015258789,2.53,3.92,4.63,124.21,,,,
2008-05-15,73.3499984741211,2.45,3.83,4.56,124.25,,,,
2008-05-16,72.83999633789062,2.47,3.85,4.58,126.5,,,,
2008-05-19,73.04000091552734,2.42,3.83,4.56,127.15,,,,
2008-05-20,72.4000015258789,2.34,3.78,4.53,128.93,,,,
2008-05-21,71.94000244140625,2.41,3.81,4.55,132.99,,,,
2008-05-22,72.27999877929688,2.56,3.92,4.63,130.04,,,,
2008-05-23,71.88999938964844,2.46,3.85,4.57,131.58,,,,
2008-05-27,72.33999633789062,2.55,3.93,4.65,128.81,,,,
2008-05-28,72.55000305175781,2.62,4.03,4.71,131.0,,,,
2008-05-29,73.0199966430664,2.67,4.08,4.76,126.7,,,,
2008-05-30,72.87999725341797,2.66,4.06,4.72,127.35,,,,
2008-06-01,,,,,,217.463,1.04782350098509,4.935966105947864,5.6
2008-06-02,72.93000030517578,2.51,3.98,4.68,127.75,,,,
2008-06-03,73.23999786376953,2.45,3.92,4.63,124.33,,,,
2008-06-04,73.41999816894531,2.47,3.98,4.71,122.3,,,,
2008-06-05,73.04000091552734,2.52,4.06,4.75,127.93,,,,
2008-06-06,72.38999938964844,2.4,3.94,4.65,138.51,,,,
2008-06-09,72.8499984741211,2.73,4.02,4.64,134.44,,,,
2008-06-10,73.69999694824219,2.91,4.11,4.7,131.38,,,,
2008-06-11,73.20999908447266,2.83,4.1,4.72,136.43,,,,
2008-06-12,73.86000061035156,3.03,4.23,4.77,136.91,,,,
2008-06-13,74.1500015258789,3.05,4.27,4.79,134.84,,,,
2008-06-16,73.61000061035156,3.02,4.25,4.77,134.52,,,,
2008-06-17,73.51000213623047,2.94,4.23,4.78,133.99,,,,
2008-06-18,73.44000244140625,2.89,4.16,4.72,136.54,,,,
2008-06-19,73.4800033569336,2.99,4.22,4.76,131.88,,,,
2008-06-20,73.02999877929688,2.88,4.16,4.71,134.78,,,,
2008-06-23,73.43000030517578,2.98,4.19,4.71,135.98,,,,
2008-06-24,73.23999786376953,2.87,4.1,4.65,136.49,,,,
2008-06-25,72.93000030517578,2.82,4.12,4.65,133.92,,,,
2008-06-26,72.48999786376953,2.68,4.07,4.62,138.91,,,,
2008-06-27,72.36000061035156,2.65,3.99,4.53,139.69,,,,
2008-06-30,72.45999908447266,2.63,3.99,4.53,139.96,,,,
2008-07-01,72.37000274658203,2.63,4.01,4.55,141.06,219.016,0.7141444751521009,5.497512078341837,5.8
2008-07-02,72.02999877929688,2.6,3.99,4.51,143.74,,,,
2008-07-03,72.73999786376953,2.54,3.99,4.53,145.31,,,,
2008-07-07,72.66999816894531,2.47,3.95,4.51,141.38,,,,
2008-07-08,73.01000213623047,2.47,3.91,4.46,136.06,,,,
2008-07-09,72.58000183105469,2.41,3.85,4.42,135.88,,,,
2008-07-10,72.48999786376953,2.44,3.83,4.42,141.47,,,,
2008-07-11,72.0999984741211,2.59,3.96,4.52,144.96,,,,
2008-07-14,71.91999816894531,2.47,3.9,4.47,145.16,,,,
2008-07-15,71.87000274658203,2.39,3.87,4.48,138.68,,,,
2008-07-16,72.05999755859375,2.44,3.97,4.59,134.63,,,,
2008-07-17,72.23999786376953,2.58,4.07,4.65,129.43,,,,
2008-07-18,72.19000244140625,2.66,4.11,4.66,128.94,,,,
2008-07-21,71.98999786376953,2.66,4.09,4.64,131.43,,,,
2008-07-22,72.44999694824219,2.74,4.14,4.67,127.25,,,,
2008-07-23,72.80999755859375,2.81,4.16,4.69,123.73,,,,
2008-07-24,72.93000030517578,2.61,4.03,4.6,124.62,,,,
2008-07-25,72.86000061035156,2.7,4.13,4.69,122.59,,,,
2008-07-28,72.6500015258789,2.59,4.06,4.63,124.72,,,,
2008-07-29,73.30999755859375,2.65,4.09,4.64,122.21,,,,
2008-07-30,73.31999969482422,2.64,4.07,4.64,126.74,,,,
2008-07-31,73.2300033569336,2.52,3.99,4.59,124.17,,,,
2008-08-01,73.41999816894531,2.51,3.97,4.57,125.03,218.69,-0.14884757278006422,5.308017162091239,6.1
2008-08-04,73.45999908447266,2.53,3.98,4.58,121.45,,,,
2008-08-05,73.87999725341797,2.54,4.04,4.63,118.71,,,,
2008-08-06,74.23999786376953,2.56,4.06,4.68,118.57,,,,
2008-08-07,74.55000305175781,2.43,3.92,4.56,119.84,,,,
2008-08-08,75.8499984741211,2.51,3.94,4.55,115.42,,,,
2008-08-11,76.12999725341797,2.56,3.99,4.61,114.44,,,,
2008-08-12,76.1500015258789,2.45,3.91,4.55,113.1,,,,
2008-08-13,76.20999908447266,2.5,3.94,4.57,115.96,,,,
2008-08-14,76.66999816894531,2.45,3.89,4.52,115.05,,,,
2008-08-15,77.18000030517578,2.4,3.84,4.47,113.46,,,,
2008-08-18,77.12000274658203,2.35,3.82,4.44,112.92,,,,
2008-08-19,76.83999633789062,2.32,3.83,4.47,114.39,,,,
2008-08-20,76.95999908447266,2.25,3.79,4.43,115.48,,,,
2008-08-21,76.19999694824219,2.33,3.84,4.46,121.23,,,,
2008-08-22,76.80999755859375,2.42,3.87,4.46,114.48,,,,
2008-08-25,76.79000091552734,2.33,3.79,4.4,114.85,,,,
2008-08-26,77.25,2.35,3.79,4.4,116.31,,,,
2008-08-27,77.05000305175781,2.31,3.77,4.38,118.17,,,,
2008-08-28,77.1500015258789,2.37,3.79,4.38,115.58,,,,
2008-08-29,77.37999725341797,2.36,3.83,4.43,115.55,,,,
2008-09-01,,,,,,218.877,0.08550916822900323,4.953319875136075,6.1
2008-09-02,78.05999755859375,2.26,3.74,4.36,109.63,,,,
2008-09-03,78.08999633789062,2.26,3.71,4.32,109.38,,,,
2008-09-04,78.61000061035156,2.2,3.64,4.27,107.99,,,,
2008-09-05,78.93000030517578,2.23,3.66,4.27,106.47,,,,
2008-09-08,79.58999633789062,2.3,3.66,4.26,106.35,,,,
2008-09-09,79.25,2.23,3.62,4.2,103.23,,,,
2008-09-10,79.8499984741211,2.22,3.65,4.23,102.66,,,,
2008-09-11,80.1500015258789,2.18,3.64,4.2,100.95,,,,
2008-09-12,78.97000122070312,2.23,3.74,4.32,101.19,,,,
2008-09-15,78.91000366210938,1.78,3.47,4.12,95.52,,,,
2008-09-16,79.06999969482422,1.89,3.48,4.08,91.49,,,,
2008-09-17,78.0999984741211,1.64,3.41,4.08,97.39,,,,
2008-09-18,78.0199966430664,1.78,3.54,4.14,97.5,,,,
2008-09-19,77.68000030517578,2.16,3.78,4.36,104.05,,,,
2008-09-22,76.1500015258789,2.13,3.83,4.41,122.61,,,,
2008-09-23,76.47000122070312,2.11,3.85,4.43,107.85,,,,
2008-09-24,76.79000091552734,2.03,3.8,4.4,106.84,,,,
2008-09-25,76.98999786376953,2.16,3.88,4.4,111.54,,,,
2008-09-26,76.94999694824219,2.11,3.85,4.36,106.77,,,,
2008-09-29,77.47000122070312,1.7,3.61,4.13,96.29,,,,
2008-09-30,79.44999694824219,2.0,3.85,4.31,100.7,,,,
2008-10-01,79.45999908447266,1.82,3.77,4.22,98.23,216.995,-0.8598436564828615,3.7310578899565128,6.5
2008-10-02,80.44000244140625,1.62,3.66,4.16,93.84,,,,
2008-10-03,80.30999755859375,1.6,3.63,4.11,93.91,,,,
2008-10-06,81.68000030517578,1.43,3.48,3.99,88.15,,,,
2008-10-07,80.97000122070312,1.47,3.5,4.01,90.18,,,,
2008-10-08,80.91000366210938,1.65,3.72,4.09,88.94,,,,
2008-10-09,81.16000366210938,1.65,3.84,4.14,86.5,,,,
2008-10-10,83.0,1.62,3.89,4.15,77.44,,,,
2008-10-13,81.87999725341797,,,,81.17,,,,
2008-10-14,81.36000061035156,1.82,4.08,4.27,78.69,,,,
2008-10-15,82.05000305175781,1.64,4.04,4.25,74.38,,,,
2008-10-16,82.45999908447266,1.61,3.99,4.25,69.81,,,,
2008-10-17,82.41000366210938,1.64,3.98,4.32,71.9,,,,
2008-10-20,83.0999984741211,1.71,3.91,4.26,74.08,,,,
2008-10-21,83.98999786376953,1.58,3.76,4.2,71.29,,,,
2008-10-22,85.37000274658203,1.53,3.65,4.07,66.92,,,,
2008-10-23,85.36000061035156,1.54,3.63,3.99,67.17,,,,
2008-10-24,86.44000244140625,1.57,3.76,4.11,63.34,,,,
2008-10-27,86.93000030517578,1.59,3.79,4.12,61.92,,,,
2008-10-28,87.02999877929688,1.65,3.89,4.19,62.8,,,,
2008-10-29,85.06999969482422,1.58,3.93,4.26,67.45,,,,
2008-10-30,84.55999755859375,1.59,4.0,4.3,65.79,,,,
2008-10-31,85.62999725341797,1.56,4.01,4.35,68.1,,,,
2008-11-01,,,,,,213.153,-1.7705477084725474,1.0999174706166848,6.8
2008-11-03,86.3499984741211,1.45,3.96,4.33,63.93,,,,
2008-11-04,84.77999877929688,1.39,3.81,4.2,70.41,,,,
2008-11-05,84.61000061035156,1.36,3.73,4.13,65.41,,,,
2008-11-06,85.88999938964844,1.28,3.75,4.19,60.72,,,,
2008-11-07,85.91000366210938,1.33,3.83,4.25,61.06,,,,
2008-11-10,85.91000366210938,1.27,3.82,4.21,62.19,,,,
2008-11-11,87.06999969482422,,,,59.38,,,,
2008-11-12,87.47000122070312,1.19,3.75,4.17,55.95,,,,
2008-11-13,86.94000244140625,1.24,3.84,4.34,58.31,,,,
2008-11-14,86.36000061035156,1.22,3.72,4.22,57.18,,,,
2008-11-17,86.80999755859375,1.22,3.68,4.2,55.14,,,,
2008-11-18,87.37000274658203,1.15,3.53,4.14,54.42,,,,
2008-11-19,87.30999755859375,1.09,3.38,3.96,53.64,,,,
2008-11-20,87.97000122070312,1.0,3.1,3.64,48.86,,,,
2008-11-21,88.19000244140625,1.09,3.2,3.7,49.22,,,,
2008-11-24,86.08000183105469,1.31,3.35,3.78,53.63,,,,
2008-11-25,85.0,1.15,3.11,3.63,50.02,,,,
2008-11-26,85.66999816894531,1.09,2.99,3.54,54.2,,,,
2008-11-28,86.5199966430664,1.0,2.93,3.45,55.21,,,,
2008-12-01,86.72000122070312,0.9,2.72,3.22,49.34,211.398,-0.8233522399403226,-0.02222800255385904,7.3
2008-12-02,86.69999694824219,0.9,2.68,3.18,47.05,,,,
2008-12-03,87.02999877929688,0.87,2.67,3.17,46.79,,,,
2008-12-04,86.44000244140625,0.82,2.55,3.06,43.8,,,,
2008-12-05,87.12000274658203,0.93,2.67,3.11,41.01,,,,
2008-12-08,85.55999755859375,0.97,2.77,3.16,43.69,,,,
2008-12-09,85.83999633789062,0.84,2.67,3.06,42.0,,,,
2008-12-10,85.4800033569336,0.86,2.69,3.09,43.1,,,,
2008-12-11,83.83000183105469,0.79,2.64,3.07,47.77,,,,
2008-12-12,83.63999938964844,0.78,2.6,3.07,46.27,,,,
2008-12-15,82.2699966430664,0.75,2.53,2.98,44.61,,,,
2008-12-16,80.68000030517578,0.65,2.37,2.86,43.84,,,,
2008-12-17,78.91000366210938,0.73,2.2,2.66,40.17,,,,
2008-12-18,79.47000122070312,0.68,2.08,2.53,36.73,,,,
2008-12-19,81.30000305175781,0.74,2.13,2.55,33.17,,,,
2008-12-22,81.08999633789062,0.87,2.16,2.6,31.1,,,,
2008-12-23,81.23999786376953,0.9,2.18,2.63,30.28,,,,
2008-12-24,81.20999908447266,0.9,2.2,2.63,32.94,,,,
2008-12-26,80.88999938964844,0.89,2.16,2.61,37.58,,,,
2008-12-29,80.68000030517578,0.78,2.13,2.63,39.89,,,,
2008-12-30,80.9000015258789,0.75,2.11,2.58,38.95,,,,
2008-12-31,81.30999755859375,0.76,2.25,2.69,44.6,,,,
2009-01-01,,,,,,211.933,0.2530771341261451,-0.11358601902212717,7.8
2009-01-02,81.83999633789062,0.88,2.46,2.83,46.17,,,,
2009-01-05,82.63999938964844,0.78,2.49,3.0,48.61,,,,
2009-01-06,82.8499984741211,0.8,2.51,3.04,48.56,,,,
2009-01-07,82.27999877929688,0.82,2.52,3.05,42.75,,,,
2009-01-08,81.54000091552734,0.83,2.47,3.04,41.68,,,,
2009-01-09,82.66000366210938,0.75,2.43,3.04,40.69,,,,
2009-01-12,83.0199966430664,0.74,2.34,2.99,37.65,,,,
2009-01-13,84.2699966430664,0.76,2.33,3.0,37.77,,,,
2009-01-14,84.41999816894531,0.73,2.24,2.89,37.43,,,,
2009-01-15,84.44000244140625,0.73,2.23,2.86,35.41,,,,
2009-01-16,84.20999908447266,0.73,2.36,2.89,35.38,,,,
2009-01-20,86.22000122070312,0.73,2.4,2.97,38.57,,,,
2009-01-21,85.81999969482422,0.78,2.56,3.15,42.56,,,,
2009-01-22,85.5199966430664,0.75,2.62,3.25,42.33,,,,
2009-01-23,85.61000061035156,0.83,2.65,3.32,45.12,,,,
2009-01-26,84.7300033569336,0.85,2.7,3.39,46.5,,,,
2009-01-27,84.43000030517578,0.87,2.59,3.26,41.67,,,,
2009-01-28,84.66999816894531,0.89,2.71,3.44,42.04,,,,
2009-01-29,85.27999877929688,0.95,2.87,3.57,41.58,,,,
2009-01-30,86.0,0.94,2.87,3.58,41.73,,,,
2009-02-01,,,,,,212.705,0.3642660652187324,0.008463140671510772,8.3
2009-02-02,86.06999969482422,0.89,2.76,3.47,41.35,,,,
2009-02-03,85.05000305175781,0.96,2.89,3.64,40.87,,,,
2009-02-04,85.69999694824219,0.98,2.95,3.65,40.27,,,,
2009-02-05,86.05999755859375,0.98,2.95,3.63,41.15,,,,
2009-02-06,85.3499984741211,0.99,3.05,3.7,40.24,,,,
2009-02-09,84.79000091552734,1.05,3.07,3.69,39.58,,,,
2009-02-10,85.80999755859375,0.92,2.9,3.54,37.54,,,,
2009-02-11,85.77999877929688,0.93,2.78,3.45,35.93,,,,
2009-02-12,86.55000305175781,0.89,2.75,3.47,34.03,,,,
2009-02-13,86.04000091552734,0.97,2.89,3.68,37.63,,,,
2009-02-17,87.58000183105469,0.87,2.64,3.47,34.96,,,,
2009-02-18,88.01000213623047,0.97,2.74,3.54,34.67,,,,
2009-02-19,87.44000244140625,1.01,2.85,3.68,39.6,,,,
2009-02-20,86.48999786376953,0.96,2.78,3.56,39.35,,,,
2009-02-23,87.23999786376953,0.96,2.78,3.53,37.66,,,,
2009-02-24,86.88999938964844,1.03,2.8,3.49,38.86,,,,
2009-02-25,87.91000366210938,1.09,2.95,3.59,41.64,,,,
2009-02-26,87.7300033569336,1.08,2.98,3.66,43.18,,,,
2009-02-27,88.01000213623047,1.0,3.02,3.71,44.15,,,,
2009-03-01,,,,,,212.495,-0.0987282856538485,-0.4464787676623838,8.7
2009-03-02,88.94000244140625,0.89,2.91,3.64,40.07,,,,
2009-03-03,88.91000366210938,0.91,2.93,3.67,41.57,,,,
2009-03-04,88.58000183105469,0.97,3.01,3.69,45.28,,,,
2009-03-05,89.11000061035156,0.9,2.83,3.51,43.54,,,,
2009-03-06,88.51000213623047,0.91,2.83,3.5,45.43,,,,
2009-03-09,89.01000213623047,0.96,2.89,3.59,47.01,,,,
2009-03-10,88.93000030517578,1.01,2.99,3.7,45.68,,,,
2009-03-11,87.87000274658203,1.03,2.95,3.67,42.46,,,,
2009-03-12,87.66000366210938,1.03,2.89,3.63,46.91,,,,
2009-03-13,87.43000030517578,0.98,2.89,3.66,46.22,,,,
2009-03-16,86.94999694824219,1.0,2.97,3.76,47.33,,,,
2009-03-17,86.93000030517578,1.05,3.02,3.83,48.97,,,,
2009-03-18,84.5999984741211,0.82,2.51,3.57,48.12,,,,
2009-03-19,83.12999725341797,0.87,2.61,3.62,51.46,,,,
2009-03-20,83.83999633789062,0.89,2.65,3.65,51.55,,,,
2009-03-23,83.43000030517578,0.93,2.68,3.69,53.05,,,,
2009-03-24,83.86000061035156,0.93,2.68,3.6,53.36,,,,
2009-03-25,83.80999755859375,0.96,2.81,3.73,52.24,,,,
2009-03-26,84.16999816894531,0.9,2.76,3.66,53.87,,,,
2009-03-27,85.11000061035156,0.9,2.78,3.62,52.41,,,,
2009-03-30,85.87000274658203,0.84,2.73,3.6,48.49,,,,
2009-03-31,85.43000030517578,0.81,2.71,3.56,49.64,,,,
2009-04-01,85.5,0.83,2.68,3.51,48.46,212.709,0.10070825195886979,-0.5763244243767063,9.0
2009-04-02,84.44999694824219,0.88,2.77,3.57,52.61,,,,
2009-04-03,84.16999816894531,0.96,2.91,3.7,52.52,,,,
2009-04-06,84.56999969482422,0.94,2.95,3.73,51.1,,,,
2009-04-07,85.29000091552734,0.91,2.93,3.72,49.13,,,,
2009-04-08,85.36000061035156,0.93,2.86,3.66,49.37,,,,
2009-04-09,85.79000091552734,0.96,2.96,3.76,52.24,,,,
2009-04-13,84.63999938964844,0.89,2.88,3.69,50.22,,,,
2009-04-14,84.63999938964844,0.86,2.8,3.64,49.51,,,,
2009-04-15,85.08000183105469,0.86,2.82,3.66,49.26,,,,
2009-04-16,85.2300033569336,0.91,2.86,3.72,49.97,,,,
2009-04-17,85.9800033569336,0.99,2.98,3.79,50.36,,,,
2009-04-20,86.63999938964844,0.93,2.88,3.69,45.82,,,,
2009-04-21,86.58000183105469,0.96,2.94,3.74,46.65,,,,
2009-04-22,86.19000244140625,1.0,2.98,3.82,47.41,,,,
2009-04-23,85.5199966430664,0.97,2.96,3.8,48.46,,,,
2009-04-24,84.70999908447266,0.99,3.03,3.89,50.65,,,,
2009-04-27,85.69999694824219,0.9,2.95,3.84,49.29,,,,
2009-04-28,85.16000366210938,0.95,3.05,3.97,49.01,,,,
2009-04-29,84.47000122070312,0.94,3.12,4.01,50.19,,,,
2009-04-30,84.61000061035156,0.91,3.16,4.05,50.35,,,,
2009-05-01,84.55000305175781,0.92,3.21,4.09,52.18,213.022,0.14714939189219844,-1.015761495855172,9.4
2009-05-04,83.97000122070312,0.94,3.19,4.06,54.45,,,,
2009-05-05,84.16000366210938,0.98,3.2,4.06,53.81,,,,
2009-05-06,83.80000305175781,0.96,3.18,4.09,56.29,,,,
2009-05-07,83.94000244140625,1.0,3.29,4.25,56.67,,,,
2009-05-08,82.52999877929688,1.0,3.29,4.28,58.58,,,,
2009-05-11,82.68000030517578,0.92,3.17,4.18,57.79,,,,
2009-05-12,82.30999755859375,0.9,3.17,4.16,58.81,,,,
2009-05-13,82.5,0.89,3.11,4.09,58.0,,,,
2009-05-14,82.27999877929688,0.87,3.1,4.06,58.58,,,,
2009-05-15,83.0199966430664,0.88,3.14,4.09,56.52,,,,
2009-05-18,82.66999816894531,0.93,3.22,4.18,58.99,,,,
2009-05-19,81.9800033569336,0.91,3.25,4.21,59.52,,,,
2009-05-20,80.98999786376953,0.87,3.19,4.14,61.45,,,,
2009-05-21,80.55999755859375,0.89,3.35,4.3,60.49,,,,
2009-05-22,79.95999908447266,0.92,3.45,4.38,61.15,,,,
2009-05-26,80.12999725341797,0.96,3.5,4.45,62.48,,,,
2009-05-27,80.33000183105469,0.96,3.71,4.59,63.41,,,,
2009-05-28,80.43000030517578,0.97,3.67,4.54,65.09,,,,
2009-05-29,80.43000030517578,0.92,3.47,4.34,66.31,,,,
2009-06-01,79.16999816894531,0.97,3.71,4.55,68.59,214.79,0.8299612246622345,-1.2291746182109153,9.5
2009-06-02,78.4000015258789,0.96,3.65,4.5,68.58,,,,
2009-06-03,79.5,0.91,3.56,4.45,66.14,,,,
2009-06-04,79.41000366210938,0.96,3.72,4.58,68.8,,,,
2009-06-05,80.66999816894531,1.32,3.84,4.63,68.43,,,,
2009-06-08,80.91000366210938,1.42,3.91,4.65,68.05,,,,
2009-06-09,79.79000091552734,1.33,3.86,4.64,70.02,,,,
2009-06-10,80.33000183105469,1.38,3.98,4.76,71.38,,,,
2009-06-11,79.41000366210938,1.35,3.88,4.69,72.69,,,,
2009-06-12,80.13999938964844,1.3,3.81,4.65,72.13,,,,
2009-06-15,81.13999938964844,1.26,3.76,4.61,70.54,,,,
2009-06-16,80.70999908447266,1.23,3.67,4.48,70.47,,,,
2009-06-17,80.16999816894531,1.19,3.68,4.5,71.07,,,,
2009-06-18,80.61000061035156,1.28,3.86,4.63,71.42,,,,
2009-06-19,80.26000213623047,1.25,3.79,4.52,69.6,,,,
2009-06-22,80.77999877929688,1.17,3.72,4.45,67.09,,,,
2009-06-23,79.83999633789062,1.14,3.65,4.37,68.81,,,,
2009-06-24,80.55999755859375,1.19,3.72,4.44,68.14,,,,
2009-06-25,80.4000015258789,1.12,3.55,4.33,69.7,,,,
2009-06-26,79.87999725341797,1.1,3.52,4.3,69.16,,,,
2009-06-29,79.83999633789062,1.11,3.51,4.31,71.47,,,,
2009-06-30,80.12999725341797,1.11,3.53,4.32,69.82,,,,
2009-07-01,79.62999725341797,1.05,3.55,4.34,69.32,214.726,-0.029796545463012247,-1.9587610037622771,9.5
2009-07-02,80.1500015258789,0.98,3.51,4.32,66.68,,,,
2009-07-06,80.44999694824219,0.96,3.52,4.35,64.06,,,,
2009-07-07,80.62000274658203,0.98,3.47,4.31,62.88,,,,
2009-07-08,80.7699966430664,0.91,3.33,4.17,60.15,,,,
2009-07-09,79.86000061035156,0.94,3.44,4.31,60.36,,,,
2009-07-10,80.2300033569336,0.91,3.32,4.2,59.93,,,,
2009-07-13,80.12999725341797,0.92,3.38,4.25,59.69,,,,
2009-07-14,80.18000030517578,0.97,3.5,4.38,59.62,,,,
2009-07-15,79.31999969482422,1.03,3.63,4.48,61.49,,,,
2009-07-16,79.22000122070312,1.0,3.59,4.45,62.07,,,,
2009-07-17,79.3499984741211,1.02,3.67,4.53,63.56,,,,
2009-07-20,78.91000366210938,0.99,3.61,4.47,63.93,,,,
2009-07-21,78.93000030517578,0.96,3.5,4.38,64.81,,,,
2009-07-22,78.70999908447266,0.98,3.58,4.45,64.58,,,,
2009-07-23,78.80000305175781,1.08,3.72,4.58,66.1,,,,
2009-07-24,78.75,1.05,3.7,4.55,66.96,,,,
2009-07-27,78.62999725341797,1.08,3.75,4.62,68.34,,,,
2009-07-28,78.8499984741211,1.12,3.72,4.56,67.24,,,,
2009-07-29,79.62999725341797,1.17,3.69,4.5,63.42,,,,
2009-07-30,79.29000091552734,1.19,3.67,4.44,66.9,,,,
2009-07-31,78.3499984741211,1.13,3.52,4.31,69.26,,,,
2009-08-01,,,,,,215.445,0.33484533777929926,-1.4838355663267633,9.6
2009-08-03,77.63999938964844,1.18,3.66,4.42,71.59,,,,
2009-08-04,77.7699966430664,1.2,3.7,4.45,71.4,,,,
2009-08-05,77.5199966430664,1.23,3.8,4.57,71.97,,,,
2009-08-06,78.06999969482422,1.22,3.79,4.53,71.96,,,,
2009-08-07,78.97000122070312,1.32,3.89,4.61,70.97,,,,
2009-08-10,79.26000213623047,1.24,3.8,4.52,70.59,,,,
2009-08-11,79.18000030517578,1.21,3.71,4.44,69.46,,,,
2009-08-12,78.79000091552734,1.18,3.72,4.53,70.08,,,,
2009-08-13,78.48999786376953,1.12,3.59,4.44,70.57,,,,
2009-08-14,78.88999938964844,1.07,3.55,4.41,67.51,,,,
2009-08-17,79.29000091552734,1.04,3.48,4.33,66.72,,,,
2009-08-18,78.94000244140625,1.06,3.51,4.35,69.22,,,,
2009-08-19,78.47000122070312,1.01,3.45,4.28,72.54,,,,
2009-08-20,78.37999725341797,1.03,3.42,4.24,72.4,,,,
2009-08-21,78.04000091552734,1.13,3.56,4.36,73.12,,,,
2009-08-24,78.2699966430664,1.05,3.48,4.27,73.68,,,,
2009-08-25,78.23999786376953,1.05,3.45,4.22,71.6,,,,
2009-08-26,78.66000366210938,1.06,3.44,4.2,71.38,,,,
2009-08-27,78.01000213623047,1.04,3.47,4.23,72.49,,,,
2009-08-28,78.37000274658203,1.01,3.46,4.21,72.72,,,,
2009-08-31,78.16999816894531,0.97,3.4,4.18,69.97,,,,
2009-09-01,78.76000213623047,0.92,3.38,4.19,68.11,215.861,0.19308872334005134,-1.377942862886472,9.8
2009-09-02,78.37999725341797,0.89,3.29,4.09,68.03,,,,
2009-09-03,78.45999908447266,0.91,3.33,4.15,67.9,,,,
2009-09-04,78.13999938964844,0.94,3.45,4.27,67.95,,,,
2009-09-08,77.31999969482422,0.93,3.47,4.31,71.08,,,,
2009-09-09,77.08999633789062,0.93,3.48,4.33,71.27,,,,
2009-09-10,76.81999969482422,0.9,3.36,4.19,71.95,,,,
2009-09-11,76.61000061035156,0.9,3.34,4.18,69.34,,,,
2009-09-14,76.69999694824219,0.94,3.42,4.22,68.86,,,,
2009-09-15,76.54000091552734,0.96,3.47,4.27,70.81,,,,
2009-09-16,76.23999786376953,1.01,3.48,4.26,72.5,,,,
2009-09-17,76.19000244140625,0.98,3.42,4.19,72.48,,,,
2009-09-18,76.43000030517578,1.03,3.49,4.24,71.95,,,,
2009-09-21,76.77999877929688,1.02,3.49,4.23,69.74,,,,
2009-09-22,76.12000274658203,1.02,3.46,4.2,71.5,,,,
2009-09-23,76.05000305175781,0.96,3.44,4.21,68.74,,,,
2009-09-24,76.9000015258789,0.93,3.4,4.17,65.74,,,,
2009-09-25,76.80999755859375,0.98,3.34,4.1,65.91,,,,
2009-09-28,77.05000305175781,0.98,3.31,4.04,66.69,,,,
2009-09-29,77.12000274658203,1.0,3.31,4.03,66.56,,,,
2009-09-30,76.6500015258789,0.95,3.31,4.03,70.46,,,,
2009-10-01,77.19000244140625,0.87,3.21,3.97,70.67,216.509,0.3001931798703783,-0.22396829420033848,10.0
2009-10-02,77.0,0.88,3.24,4.01,69.8,,,,
2009-10-05,76.63999938964844,0.88,3.24,4.01,70.26,,,,
2009-10-06,76.33999633789062,0.91,3.27,4.07,70.71,,,,
2009-10-07,76.48999786376953,0.87,3.21,3.99,69.6,,,,
2009-10-08,75.97000122070312,0.9,3.27,4.09,71.69,,,,
2009-10-09,76.43000030517578,0.98,3.4,4.22,71.75,,,,
2009-10-12,76.12999725341797,,,,73.24,,,,
2009-10-13,75.9800033569336,0.91,3.34,4.16,74.1,,,,
2009-10-14,75.55000305175781,0.96,3.45,4.28,75.2,,,,
2009-10-15,75.4800033569336,0.97,3.49,4.31,77.55,,,,
2009-10-16,75.5999984741211,0.97,3.43,4.24,78.54,,,,
2009-10-19,75.51000213623047,0.99,3.41,4.21,79.47,,,,
2009-10-20,75.56999969482422,0.95,3.35,4.16,78.87,,,,
2009-10-21,74.97000122070312,1.0,3.42,4.22,81.03,,,,
2009-10-22,75.08999633789062,0.97,3.44,4.24,80.82,,,,
2009-10-23,75.47000122070312,1.04,3.51,4.29,80.11,,,,
2009-10-26,76.05999755859375,1.06,3.59,4.37,78.61,,,,
2009-10-27,76.13999938964844,0.99,3.49,4.29,79.45,,,,
2009-10-28,76.43000030517578,0.95,3.44,4.25,77.39,,,,
2009-10-29,75.91999816894531,0.98,3.53,4.35,79.84,,,,
2009-10-30,76.30000305175781,0.9,3.41,4.23,77.04,,,,
2009-11-01,,,,,,217.234,0.3348590589767664,1.9145871744709275,9.9
2009-11-02,76.29000091552734,0.92,3.45,4.26,78.08,,,,
2009-11-03,76.38999938964844,0.92,3.5,4.34,79.58,,,,
2009-11-04,75.63999938964844,0.91,3.57,4.41,80.3,,,,
2009-11-05,75.73999786376953,0.9,3.57,4.41,79.64,,,,
2009-11-06,75.81999969482422,0.86,3.54,4.4,77.4,,,,
2009-11-09,75.02999877929688,0.87,3.52,4.4,79.44,,,,
2009-11-10,75.0199966430664,0.85,3.5,4.41,79.01,,,,
2009-11-11,75.16000366210938,,,,79.16,,,,
2009-11-12,75.5999984741211,0.82,3.45,4.41,77.25,,,,
2009-11-13,75.33000183105469,0.82,3.43,4.36,76.34,,,,
2009-11-16,74.91000366210938,0.78,3.33,4.26,78.91,,,,
2009-11-17,75.37000274658203,0.78,3.33,4.26,79.08,,,,
2009-11-18,75.18000030517578,0.77,3.36,4.29,79.55,,,,
2009-11-19,75.29000091552734,0.73,3.35,4.29,77.47,,,,
2009-11-20,75.66000366210938,0.75,3.36,4.3,76.83,,,,
2009-11-23,75.08999633789062,0.77,3.37,4.29,76.49,,,,
2009-11-24,75.06999969482422,0.73,3.32,4.25,74.88,,,,
2009-11-25,74.2699966430664,0.73,3.28,4.23,77.25,,,,
2009-11-27,75.0,0.68,3.21,4.21,75.95,,,,
2009-11-30,74.87999725341797,0.67,3.21,4.2,77.19,,,,
2009-12-01,74.36000061035156,0.67,3.28,4.26,78.39,217.347,0.052017639964274665,2.8141231232083674,9.9
2009-12-02,74.66999816894531,0.72,3.32,4.26,76.62,,,,
2009-12-03,74.62999725341797,0.74,3.39,4.33,76.42,,,,
2009-12-04,75.91000366210938,0.84,3.48,4.4,75.41,,,,
2009-12-07,75.7699966430664,0.78,3.44,4.4,73.89,,,,
2009-12-08,76.30999755859375,0.73,3.4,4.39,72.59,,,,
2009-12-09,76.04000091552734,0.76,3.45,4.41,70.67,,,,
2009-12-10,76.04000091552734,0.78,3.49,4.5,70.54,,,,
2009-12-11,76.56999969482422,0.83,3.55,4.49,69.86,,,,
2009-12-14,76.3499984741211,0.87,3.56,4.49,69.48,,,,
2009-12-15,76.95999908447266,0.88,3.6,4.52,70.62,,,,
2009-12-16,77.0,0.85,3.61,4.52,72.64,,,,
2009-12-17,77.69000244140625,0.77,3.5,4.42,72.58,,,,
2009-12-18,77.81999969482422,0.82,3.55,4.46,73.3,,,,
2009-12-21,78.04000091552734,0.89,3.69,4.56,72.71,,,,
2009-12-22,78.25,0.95,3.76,4.6,73.48,,,,
2009-12-23,77.9000015258789,0.96,3.77,4.61,76.03,,,,
2009-12-24,77.83999633789062,1.0,3.82,4.68,76.83,,,,
2009-12-28,77.62999725341797,1.09,3.85,4.69,78.67,,,,
2009-12-29,77.83000183105469,1.09,3.82,4.64,78.87,,,,
2009-12-30,77.91000366210938,1.08,3.8,4.61,79.35,,,,
2009-12-31,77.86000061035156,1.14,3.85,4.63,79.39,,,,
2010-01-01,,,,,,217.488,0.06487322116246474,2.6211113889767157,9.8
2010-01-04,77.52999877929688,1.09,3.85,4.65,81.52,,,,
2010-01-05,77.62000274658203,1.01,3.77,4.59,81.74,,,,
2010-01-06,77.48999786376953,1.01,3.85,4.7,83.12,,,,
2010-01-07,77.91000366210938,1.03,3.85,4.69,82.6,,,,
2010-01-08,77.47000122070312,0.96,3.83,4.7,82.74,,,,
2010-01-11,77.0,0.95,3.85,4.74,82.54,,,,
2010-01-12,76.94999694824219,0.92,3.74,4.62,80.79,,,,
2010-01-13,76.8499984741211,0.97,3.8,4.71,79.66,,,,
2010-01-14,76.7300033569336,0.94,3.76,4.63,79.35,,,,
2010-01-15,77.31999969482422,0.89,3.7,4.58,77.96,,,,
2010-01-19,77.5,0.93,3.73,4.6,78.98,,,,
2010-01-20,78.33999633789062,0.92,3.68,4.54,77.42,,,,
2010-01-21,78.31999969482422,0.87,3.62,4.5,75.84,,,,
2010-01-22,78.27999877929688,0.84,3.62,4.5,74.25,,,,
2010-01-25,78.19000244140625,0.86,3.66,4.55,74.9,,,,
2010-01-26,78.43000030517578,0.87,3.65,4.56,74.67,,,,
2010-01-27,78.68000030517578,0.9,3.66,4.55,73.64,,,,
2010-01-28,78.9000015258789,0.87,3.68,4.57,73.62,,,,
2010-01-29,79.45999908447266,0.82,3.63,4.51,72.85,,,,
2010-02-01,79.23999786376953,0.86,3.68,4.56,74.41,217.281,-0.09517766497462166,2.151336357866529,9.8
2010-02-02,79.01000213623047,0.86,3.67,4.55,77.21,,,,
2010-02-03,79.37000274658203,0.88,3.73,4.62,76.96,,,,
2010-02-04,79.91999816894531,0.8,3.62,4.53,73.13,,,,
2010-02-05,80.44000244140625,0.77,3.59,4.51,71.15,,,,
2010-02-08,80.30000305175781,0.79,3.62,4.52,71.87,,,,
2010-02-09,79.86000061035156,0.84,3.67,4.58,73.71,,,,
2010-02-10,80.02999877929688,0.91,3.72,4.65,74.48,,,,
2010-02-11,79.98999786376953,0.91,3.73,4.69,75.23,,,,
2010-02-12,80.31999969482422,0.84,3.69,4.66,74.11,,,,
2010-02-16,79.69999694824219,0.82,3.66,4.63,76.98,,,,
2010-02-17,80.37999725341797,0.87,3.74,4.7,77.27,,,,
2010-02-18,80.4000015258789,0.9,3.79,4.74,78.97,,,,
2010-02-19,80.63999938964844,0.95,3.78,4.71,79.77,,,,
2010-02-22,80.51000213623047,0.91,3.8,4.73,80.04,,,,
2010-02-23,80.8499984741211,0.87,3.69,4.63,78.61,,,,
2010-02-24,80.8499984741211,0.87,3.7,4.63,79.75,,,,
2010-02-25,80.79000091552734,0.82,3.64,4.58,77.99,,,,
2010-02-26,80.36000061035156,0.81,3.61,4.55,79.72,,,,
2010-03-01,80.66000366210938,0.8,3.61,4.56,78.71,217.353,0.03313681361922782,2.2861714393279886,9.9
2010-03-02,80.5199966430664,0.8,3.62,4.57,79.62,,,,
2010-03-03,79.9800033569336,0.82,3.63,4.58,80.91,,,,
2010-03-04,80.55999755859375,0.86,3.61,4.56,80.21,,,,
2010-03-05,80.43000030517578,0.91,3.69,4.64,81.5,,,,
2010-03-08,80.43000030517578,0.9,3.72,4.68,81.85,,,,
2010-03-09,80.58999633789062,0.89,3.71,4.68,81.5,,,,
2010-03-10,80.44999694824219,0.92,3.73,4.69,82.07,,,,
2010-03-11,80.31999969482422,0.97,3.73,4.66,82.1,,,,
2010-03-12,79.83000183105469,0.97,3.71,4.62,81.26,,,,
2010-03-15,80.25,0.96,3.71,4.63,79.79,,,,
2010-03-16,79.75,0.93,3.66,4.59,81.75,,,,
2010-03-17,79.63999938964844,0.95,3.65,4.56,82.93,,,,
2010-03-18,80.22000122070312,0.98,3.68,4.59,82.16,,,,
2010-03-19,80.72000122070312,1.02,3.7,4.58,80.58,,,,
2010-03-22,80.6500015258789,1.01,3.67,4.57,81.26,,,,
2010-03-23,80.9000015258789,1.02,3.69,4.6,81.68,,,,
2010-03-24,81.83999633789062,1.08,3.84,4.72,80.29,,,,
2010-03-25,82.12000274658203,1.1,3.91,4.77,80.25,,,,
2010-03-26,81.68000030517578,1.04,3.86,4.75,79.75,,,,
2010-03-29,81.36000061035156,1.04,3.88,4.76,81.92,,,,
2010-03-30,81.47000122070312,1.06,3.88,4.75,82.14,,,,
2010-03-31,81.06999969482422,1.02,3.84,4.72,83.45,,,,
2010-04-01,80.77999877929688,1.05,3.89,4.74,84.53,217.403,0.023004053314190642,2.2067707525304403,9.9
2010-04-02,,1.11,3.96,4.81,,,,,
2010-04-05,81.08999633789062,1.18,4.01,4.85,86.36,,,,
2010-04-06,81.38999938964844,1.14,3.98,4.84,86.54,,,,
2010-04-07,81.44000244140625,1.06,3.89,4.74,85.64,,,,
2010-04-08,81.52999877929688,1.09,3.91,4.75,85.17,,,,
2010-04-09,81.08999633789062,1.08,3.9,4.74,84.6,,,,
2010-04-12,80.55999755859375,1.07,3.87,4.7,84.07,,,,
2010-04-13,80.51000213623047,1.07,3.84,4.68,83.8,,,,
2010-04-14,80.19000244140625,1.07,3.88,4.72,85.62,,,,
2010-04-15,80.4800033569336,1.04,3.86,4.72,85.25,,,,
2010-04-16,80.81999969482422,0.98,3.79,4.67,82.97,,,,
2010-04-19,81.0,1.01,3.83,4.7,81.52,,,,
2010-04-20,81.05000305175781,1.05,3.82,4.67,82.98,,,,
2010-04-21,81.16000366210938,1.03,3.77,4.61,82.78,,,,
2010-04-22,81.56999969482422,1.07,3.8,4.65,82.89,,,,
2010-04-23,81.3499984741211,1.1,3.84,4.67,84.34,,,,
2010-04-26,81.4800033569336,1.09,3.83,4.67,84.2,,,,
2010-04-27,82.1500015258789,1.03,3.71,4.56,82.43,,,,
2010-04-28,82.37999725341797,1.03,3.8,4.63,83.22,,,,
2010-04-29,82.0,1.01,3.76,4.6,85.17,,,,
2010-04-30,81.87000274658203,0.97,3.69,4.53,86.07,,,,
2010-05-01,,,,,,217.29,-0.05197720362644098,2.003548929218568,9.6
2010-05-03,82.2699966430664,1.0,3.72,4.53,86.19,,,,
2010-05-04,83.30000305175781,0.96,3.63,4.43,82.73,,,,
2010-05-05,84.08000183105469,0.88,3.58,4.39,80.0,,,,
2010-05-06,84.88999938964844,0.75,3.41,4.19,77.18,,,,
2010-05-07,84.44999694824219,0.83,3.45,4.28,75.1,,,,
2010-05-10,84.16000366210938,0.87,3.57,4.41,76.89,,,,
2010-05-11,84.47000122070312,0.85,3.56,4.42,76.37,,,,
2010-05-12,84.83000183105469,0.89,3.56,4.47,75.65,,,,
2010-05-13,85.20999908447266,0.87,3.55,4.47,74.38,,,,
2010-05-14,86.0999984741211,0.79,3.44,4.32,71.61,,,,
2010-05-17,86.20999908447266,0.81,3.47,4.35,70.08,,,,
2010-05-18,87.16000366210938,0.76,3.38,4.26,69.38,,,,
2010-05-19,86.38999938964844,0.8,3.36,4.24,69.91,,,,
2010-05-20,85.56999969482422,0.76,3.25,4.13,68.28,,,,
2010-05-21,85.37000274658203,0.76,3.2,4.07,68.03,,,,
2010-05-24,86.20999908447266,0.77,3.23,4.12,68.23,,,,
2010-05-25,86.77999877929688,0.81,3.18,4.07,64.78,,,,
2010-05-26,87.12000274658203,0.82,3.21,4.11,71.52,,,,
2010-05-27,86.18000030517578,0.87,3.34,4.24,74.56,,,,
2010-05-28,86.4800033569336,0.76,3.31,4.22,74.0,,,,
2010-06-01,86.63999938964844,0.78,3.29,4.19,72.7,217.199,-0.041879515854381655,1.1215605940686268,9.4
2010-06-02,86.79000091552734,0.82,3.35,4.24,72.88,,,,
2010-06-03,87.13999938964844,0.82,3.39,4.29,74.62,,,,
2010-06-04,88.2300033569336,0.72,3.2,4.13,71.43,,,,
2010-06-07,88.4000015258789,0.74,3.17,4.11,71.55,,,,
2010-06-08,88.38999938964844,0.74,3.18,4.1,71.88,,,,
2010-06-09,87.9000015258789,0.74,3.2,4.12,74.38,,,,
2010-06-10,87.16999816894531,0.79,3.33,4.25,75.48,,,,
2010-06-11,87.51000213623047,0.75,3.24,4.15,73.89,,,,
2010-06-14,86.51000213623047,0.77,3.28,4.2,74.99,,,,
2010-06-15,85.9800033569336,0.79,3.32,4.23,76.84,,,,
2010-06-16,86.08000183105469,0.75,3.27,4.18,77.67,,,,
2010-06-17,85.69000244140625,0.72,3.21,4.13,76.82,,,,
2010-06-18,85.69999694824219,0.74,3.24,4.15,77.18,,,,
2010-06-21,85.93000030517578,0.74,3.26,4.17,77.84,,,,
2010-06-22,86.11000061035156,0.71,3.18,4.1,77.15,,,,
2010-06-23,85.73999786376953,0.66,3.13,4.05,75.9,,,,
2010-06-24,85.7300033569336,0.67,3.14,4.09,75.96,,,,
2010-06-25,85.30999755859375,0.65,3.12,4.07,78.45,,,,
2010-06-28,85.6500015258789,0.62,3.05,4.01,78.26,,,,
2010-06-29,86.02999877929688,0.61,2.97,3.94,75.93,,,,
2010-06-30,86.0199966430664,0.61,2.97,3.91,75.59,,,,
2010-07-01,84.72000122070312,0.63,2.96,3.88,72.95,217.605,0.18692535416828804,1.3407784804821077,9.4
2010-07-02,84.43000030517578,0.63,3.0,3.94,72.06,,,,
2010-07-06,84.08000183105469,0.62,2.95,3.89,71.96,,,,
2010-07-07,83.81999969482422,0.63,3.0,3.96,74.05,,,,
2010-07-08,83.81999969482422,0.63,3.04,4.0,75.46,,,,
2010-07-09,83.94999694824219,0.63,3.07,4.04,76.08,,,,
2010-07-12,84.19999694824219,0.65,3.08,4.05,74.93,,,,
2010-07-13,83.63999938964844,0.67,3.15,4.1,77.16,,,,
2010-07-14,83.43000030517578,0.62,3.07,4.03,77.02,,,,
2010-07-15,82.55999755859375,0.61,3.0,3.97,76.67,,,,
2010-07-16,82.48999786376953,0.61,2.96,3.95,75.96,,,,
2010-07-19,82.51000213623047,0.61,2.99,3.99,76.53,,,,
2010-07-20,82.75,0.61,2.98,3.99,77.32,,,,
2010-07-21,83.38999938964844,0.58,2.9,3.89,76.27,,,,
2010-07-22,82.5999984741211,0.6,2.96,3.95,79.01,,,,
2010-07-23,82.45999908447266,0.6,3.02,4.01,78.68,,,,
2010-07-26,82.08999633789062,0.62,3.03,4.03,78.93,,,,
2010-07-27,82.18000030517578,0.65,3.08,4.08,77.46,,,,
2010-07-28,82.18000030517578,0.61,3.03,4.07,77.06,,,,
2010-07-29,81.63999938964844,0.59,3.03,4.08,78.3,,,,
2010-07-30,81.54000091552734,0.55,2.94,3.98,78.85,,,,
2010-08-01,,,,,,217.923,0.14613634796996067,1.1501775395112546,9.5
2010-08-02,80.94000244140625,0.56,2.99,4.06,81.25,,,,
2010-08-03,80.5999984741211,0.53,2.94,4.04,82.52,,,,
2010-08-04,80.88999938964844,0.56,2.98,4.07,82.49,,,,
2010-08-05,80.81999969482422,0.53,2.94,4.05,82.0,,,,
2010-08-06,80.41000366210938,0.5,2.86,4.0,80.67,,,,
2010-08-09,80.70999908447266,0.54,2.86,4.01,81.46,,,,
2010-08-10,80.80000305175781,0.52,2.79,4.0,80.24,,,,
2010-08-11,82.29000091552734,0.54,2.72,3.93,78.09,,,,
2010-08-12,82.63999938964844,0.55,2.74,3.94,75.68,,,,
2010-08-13,82.94999694824219,0.54,2.68,3.87,75.39,,,,
2010-08-16,82.52999877929688,0.51,2.58,3.72,75.17,,,,
2010-08-17,82.2300033569336,0.52,2.64,3.77,75.76,,,,
2010-08-18,82.22000122070312,0.51,2.64,3.73,75.39,,,,
2010-08-19,82.44999694824219,0.49,2.58,3.66,74.45,,,,
2010-08-20,83.05999755859375,0.49,2.62,3.67,73.45,,,,
2010-08-23,83.12000274658203,0.49,2.6,3.65,72.71,,,,
2010-08-24,83.1500015258789,0.5,2.5,3.57,71.24,,,,
2010-08-25,83.26000213623047,0.53,2.54,3.59,72.07,,,,
2010-08-26,82.93000030517578,0.51,2.5,3.53,73.36,,,,
2010-08-27,82.91999816894531,0.56,2.66,3.69,75.17,,,,
2010-08-30,83.16000366210938,0.5,2.54,3.6,74.69,,,,
2010-08-31,83.19999694824219,0.47,2.47,3.52,71.93,,,,
2010-09-01,82.5199966430664,0.5,2.58,3.65,73.97,218.275,0.1615249422961318,1.1183122472331775,9.5
2010-09-02,82.45999908447266,0.5,2.63,3.72,74.99,,,,
2010-09-03,83.0999984741211,0.52,2.72,3.79,74.52,,,,
2010-09-07,82.81999969482422,0.49,2.61,3.67,73.98,,,,
2010-09-08,82.58999633789062,0.52,2.66,3.72,74.65,,,,
2010-09-09,82.66999816894531,0.57,2.77,3.84,74.25,,,,
2010-09-10,82.69999694824219,0.58,2.81,3.88,76.4,,,,
2010-09-13,81.91000366210938,0.53,2.74,3.83,77.17,,,,
2010-09-14,81.08000183105469,0.5,2.68,3.79,76.78,,,,
2010-09-15,81.48999786376953,0.5,2.74,3.87,75.92,,,,
2010-09-16,81.23999786376953,0.48,2.77,3.92,74.58,,,,
2010-09-17,81.4000015258789,0.48,2.75,3.9,73.63,,,,
2010-09-20,81.33999633789062,0.47,2.72,3.87,74.81,,,,
2010-09-21,80.44000244140625,0.43,2.61,3.79,72.96,,,,
2010-09-22,79.83000183105469,0.44,2.56,3.74,72.98,,,,
2010-09-23,80.01000213623047,0.45,2.56,3.73,73.4,,,,
2010-09-24,79.38999938964844,0.45,2.62,3.79,74.63,,,,
2010-09-27,79.33999633789062,0.44,2.54,3.7,76.51,,,,
2010-09-28,79.01000213623047,0.37,2.48,3.66,76.15,,,,
2010-09-29,78.69000244140625,0.44,2.52,3.69,77.85,,,,
2010-09-30,78.72000122070312,0.42,2.53,3.69,79.95,,,,
2010-10-01,78.08999633789062,0.42,2.54,3.71,81.57,219.035,0.348184629481163,1.1666951489314625,9.4
2010-10-04,78.44999694824219,0.41,2.5,3.71,81.43,,,,
2010-10-05,77.75,0.41,2.5,3.74,82.83,,,,
2010-10-06,77.38999938964844,0.38,2.41,3.67,83.21,,,,
2010-10-07,77.38999938964844,0.36,2.41,3.72,81.34,,,,
2010-10-08,77.31999969482422,0.35,2.41,3.75,82.66,,,,
2010-10-11,77.44000244140625,,,,82.18,,,,
2010-10-12,77.36000061035156,0.37,2.44,3.8,81.67,,,,
2010-10-13,77.06999969482422,0.37,2.46,3.84,83.03,,,,
2010-10-14,76.6500015258789,0.38,2.52,3.91,82.71,,,,
2010-10-15,77.04000091552734,0.37,2.59,3.98,81.23,,,,
2010-10-18,76.93000030517578,0.38,2.52,3.93,83.06,,,,
2010-10-19,78.18000030517578,0.37,2.5,3.9,79.57,,,,
2010-10-20,77.16999816894531,0.35,2.51,3.89,81.93,,,,
2010-10-21,77.41999816894531,0.37,2.57,3.95,80.03,,,,
2010-10-22,77.47000122070312,0.35,2.59,3.94,81.15,,,,
2010-10-25,77.0999984741211,0.37,2.59,3.91,82.0,,,,
2010-10-26,77.70999908447266,0.4,2.67,4.0,82.6,,,,
2010-10-27,78.1500015258789,0.4,2.75,4.06,81.9,,,,
2010-10-28,77.30999755859375,0.37,2.69,4.05,82.2,,,,
2010-10-29,77.2699966430664,0.34,2.63,3.99,81.45,,,,
2010-11-01,77.30000305175781,0.34,2.66,4.01,82.94,219.59,0.25338416234848005,1.084544776600338,9.8
2010-11-02,76.72000122070312,0.34,2.63,3.93,83.91,,,,
2010-11-03,76.4800033569336,0.34,2.67,4.09,84.45,,,,
2010-11-04,75.87999725341797,0.33,2.53,4.04,86.49,,,,
2010-11-05,76.55000305175781,0.38,2.58,4.12,86.85,,,,
2010-11-08,77.02999877929688,0.41,2.6,4.12,87.07,,,,
2010-11-09,77.44000244140625,0.46,2.72,4.25,87.04,,,,
2010-11-10,77.62999725341797,0.44,2.65,4.25,87.77,,,,
2010-11-11,78.22000122070312,,,,87.77,,,,
2010-11-12,78.08000183105469,0.51,2.76,4.26,84.89,,,,
2010-11-15,78.5199966430664,0.53,2.92,4.38,84.88,,,,
2010-11-16,79.20999908447266,0.51,2.85,4.26,82.33,,,,
2010-11-17,79.08000183105469,0.5,2.89,4.31,80.43,,,,
2010-11-18,78.62000274658203,0.52,2.9,4.29,81.88,,,,
2010-11-19,78.5,0.52,2.88,4.25,81.65,,,,
2010-11-22,78.68000030517578,0.49,2.8,4.2,81.24,,,,
2010-11-23,79.68000030517578,0.45,2.77,4.18,80.79,,,,
2010-11-24,79.87000274658203,0.53,2.93,4.29,83.21,,,,
2010-11-26,80.36000061035156,0.51,2.87,4.21,83.87,,,,
2010-11-29,80.83999633789062,0.52,2.84,4.16,85.73,,,,
2010-11-30,81.19999694824219,0.45,2.81,4.12,84.12,,,,
2010-12-01,80.70999908447266,0.53,2.97,4.24,86.75,220.472,0.4016576346828282,1.437793022217937,9.3
2010-12-02,80.30000305175781,0.55,3.01,4.27,87.98,,,,
2010-12-03,79.37999725341797,0.49,3.03,4.32,89.18,,,,
2010-12-06,79.56999969482422,0.42,2.95,4.25,89.33,,,,
2010-12-07,79.86000061035156,0.54,3.15,4.39,88.69,,,,
2010-12-08,80.0,0.63,3.26,4.45,88.3,,,,
2010-12-09,80.06999969482422,0.64,3.23,4.41,88.35,,,,
2010-12-10,80.06999969482422,0.64,3.32,4.43,87.81,,,,
2010-12-13,79.27999877929688,0.61,3.29,4.39,88.62,,,,
2010-12-14,79.37000274658203,0.66,3.49,4.54,88.33,,,,
2010-12-15,80.26000213623047,0.68,3.53,4.59,88.66,,,,
2010-12-16,80.18000030517578,0.66,3.47,4.57,87.71,,,,
2010-12-17,80.37000274658203,0.61,3.33,4.41,88.02,,,,
2010-12-20,80.62999725341797,0.62,3.36,4.44,88.68,,,,
2010-12-21,80.72000122070312,0.63,3.35,4.44,89.3,,,,
2010-12-22,80.7300033569336,0.65,3.36,4.45,89.83,,,,
2010-12-23,80.5,0.67,3.41,4.47,90.84,,,,
2010-12-27,80.37000274658203,0.71,3.36,4.42,90.99,,,,
2010-12-28,80.36000061035156,0.75,3.5,4.53,91.48,,,,
2010-12-29,79.80000305175781,0.64,3.35,4.41,91.13,,,,
2010-12-30,79.5199966430664,0.66,3.38,4.43,89.85,,,,
2010-12-31,79.02999877929688,0.61,3.3,4.34,91.38,,,,
2011-01-01,,,,,,221.187,0.3243042200370194,1.7007834915029774,9.1
2011-01-03,79.12999725341797,0.61,3.36,4.39,91.59,,,,
2011-01-04,79.44000244140625,0.63,3.36,4.44,89.39,,,,
2011-01-05,80.26000213623047,0.71,3.5,4.55,90.3,,,,
2011-01-06,80.79000091552734,0.68,3.44,4.53,88.37,,,,
2011-01-07,81.01000213623047,0.6,3.34,4.48,88.07,,,,
2011-01-10,80.87999725341797,0.59,3.32,4.47,89.24,,,,
2011-01-11,80.8499984741211,0.6,3.37,4.49,91.11,,,,
2011-01-12,80.02999877929688,0.61,3.4,4.52,91.85,,,,
2011-01-13,79.19000244140625,0.59,3.34,4.5,91.39,,,,
2011-01-14,79.16000366210938,0.59,3.35,4.53,91.53,,,,
2011-01-18,78.95999908447266,0.6,3.39,4.56,91.38,,,,
2011-01-19,78.63999938964844,0.6,3.37,4.53,90.85,,,,
2011-01-20,78.81999969482422,0.65,3.47,4.6,88.56,,,,
2011-01-21,78.20999908447266,0.63,3.44,4.57,88.22,,,,
2011-01-24,78.05000305175781,0.65,3.43,4.55,86.74,,,,
2011-01-25,78.0,0.62,3.35,4.48,85.08,,,,
2011-01-26,77.9000015258789,0.62,3.45,4.59,86.15,,,,
2011-01-27,77.7300033569336,0.59,3.42,4.57,84.45,,,,
2011-01-28,78.12999725341797,0.54,3.36,4.53,88.15,,,,
2011-01-31,77.73999786376953,0.58,3.42,4.58,90.99,,,,
2011-02-01,77.06999969482422,0.61,3.48,4.62,89.54,221.898,0.321447463006419,2.124898173333145,9.0
2011-02-02,77.16000366210938,0.67,3.52,4.64,89.78,,,,
2011-02-03,77.75,0.71,3.58,4.67,89.42,,,,
2011-02-04,78.04000091552734,0.77,3.68,4.73,87.87,,,,
2011-02-07,78.02999877929688,0.78,3.68,4.71,86.3,,,,
2011-02-08,78.0,0.86,3.75,4.76,85.85,,,,
2011-02-09,77.63999938964844,0.81,3.65,4.71,85.59,,,,
2011-02-10,78.25,0.85,3.7,4.75,85.44,,,,
2011-02-11,78.45999908447266,0.85,3.64,4.71,84.39,,,,
2011-02-14,78.61000061035156,0.87,3.62,4.67,83.66,,,,
2011-02-15,78.56999969482422,0.84,3.61,4.66,83.13,,,,
2011-02-16,78.22000122070312,0.86,3.62,4.67,83.8,,,,
2011-02-17,78.0,0.8,3.58,4.66,85.05,,,,
2011-02-18,77.66000366210938,0.78,3.59,4.7,85.03,,,,
2011-02-22,77.7699966430664,0.74,3.46,4.6,92.65,,,,
2011-02-23,77.41000366210938,0.74,3.49,4.59,96.04,,,,
2011-02-24,77.05999755859375,0.73,3.46,4.54,95.83,,,,
2011-02-25,77.27999877929688,0.72,3.42,4.51,96.52,,,,
2011-02-28,76.88999938964844,0.69,3.42,4.49,97.1,,,,
2011-03-01,77.05000305175781,0.66,3.41,4.48,99.63,223.046,0.51735482068338,2.619241510354109,9.0
2011-03-02,76.66999816894531,0.69,3.46,4.54,102.27,,,,
2011-03-03,76.4800033569336,0.79,3.58,4.64,101.92,,,,
2011-03-04,76.4000015258789,0.68,3.49,4.6,104.34,,,,
2011-03-07,76.5,0.7,3.51,4.61,105.37,,,,
2011-03-08,76.80000305175781,0.73,3.56,4.66,105.06,,,,
2011-03-09,76.72000122070312,0.7,3.48,4.6,104.39,,,,
2011-03-10,77.27999877929688,0.65,3.37,4.53,102.73,,,,
2011-03-11,76.77999877929688,0.64,3.4,4.54,101.14,,,,
2011-03-14,76.3499984741211,0.61,3.36,4.52,101.2,,,,
2011-03-15,76.33000183105469,0.63,3.33,4.47,97.23,,,,
2011-03-16,76.68000030517578,0.58,3.22,4.38,97.99,,,,
2011-03-17,76.04000091552734,0.6,3.25,4.42,101.47,,,,
2011-03-18,75.72000122070312,0.61,3.28,4.43,101.06,,,,
2011-03-21,75.4000015258789,0.67,3.34,4.45,102.36,,,,
2011-03-22,75.43000030517578,0.68,3.34,4.44,104.53,,,,
2011-03-23,75.79000091552734,0.69,3.36,4.44,105.21,,,,
2011-03-24,75.66000366210938,0.72,3.42,4.48,105.04,,,,
2011-03-25,76.22000122070312,0.79,3.46,4.51,104.89,,,,
2011-03-28,76.12999725341797,0.81,3.47,4.51,103.54,,,,
2011-03-29,76.25,0.81,3.5,4.54,104.34,,,,
2011-03-30,76.12000274658203,0.8,3.47,4.52,103.8,,,,
2011-03-31,75.86000061035156,0.8,3.47,4.51,106.19,,,,
2011-04-01,75.83000183105469,0.8,3.46,4.48,107.55,224.093,0.46940989750992035,3.0772344447868694,9.1
2011-04-04,75.91000366210938,0.77,3.45,4.49,108.14,,,,
2011-04-05,75.87999725341797,0.84,3.5,4.51,107.82,,,,
2011-04-06,75.51000213623047,0.85,3.56,4.58,108.38,,,,
2011-04-07,75.58999633789062,0.81,3.58,4.63,109.82,,,,
2011-04-08,75.06999969482422,0.83,3.59,4.63,112.27,,,,
2011-04-11,75.05999755859375,0.85,3.59,4.64,109.5,,,,
2011-04-12,74.8499984741211,0.77,3.52,4.58,105.75,,,,
2011-04-13,74.9800033569336,0.75,3.49,4.55,106.6,,,,
2011-04-14,74.68000030517578,0.77,3.51,4.53,107.73,,,,
2011-04-15,74.83000183105469,0.71,3.43,4.47,109.17,,,,
2011-04-18,75.5,0.69,3.4,4.45,106.7,,,,
2011-04-19,75.02999877929688,0.68,3.39,4.43,107.18,,,,
2011-04-20,74.37000274658203,0.69,3.43,4.47,110.84,,,,
2011-04-21,74.0,0.68,3.42,4.47,111.72,,,,
2011-04-25,73.98999786376953,0.67,3.39,4.46,111.68,,,,
2011-04-26,73.83999633789062,0.65,3.34,4.39,111.72,,,,
2011-04-27,73.5199966430664,0.65,3.39,4.45,112.31,,,,
2011-04-28,73.12000274658203,0.62,3.34,4.42,112.38,,,,
2011-04-29,72.93000030517578,0.61,3.32,4.4,113.39,,,,
2011-05-01,,,,,,224.806,0.3181714734507679,3.4589718808964998,9.0
2011-05-02,72.94999694824219,0.61,3.31,4.38,113.03,,,,
2011-05-03,73.13999938964844,0.61,3.28,4.36,110.6,,,,
2011-05-04,73.02999877929688,0.6,3.25,4.33,108.79,,,,
2011-05-05,74.19000244140625,0.58,3.18,4.26,99.89,,,,
2011-05-06,74.83999633789062,0.57,3.19,4.29,96.87,,,,
2011-05-09,74.73999786376953,0.57,3.17,4.3,100.32,,,,
2011-05-10,74.61000061035156,0.59,3.23,4.34,103.39,,,,
2011-05-11,75.33000183105469,0.56,3.19,4.31,97.88,,,,
2011-05-12,75.23999786376953,0.57,3.22,4.37,98.53,,,,
2011-05-13,75.76000213623047,0.57,3.18,4.32,99.21,,,,
2011-05-16,75.47000122070312,0.54,3.15,4.28,96.91,,,,
2011-05-17,75.4000015258789,0.55,3.12,4.23,96.4,,,,
2011-05-18,75.47000122070312,0.58,3.18,4.29,99.52,,,,
2011-05-19,75.12000274658203,0.55,3.17,4.3,97.99,,,,
2011-05-20,75.43000030517578,0.55,3.15,4.3,99.15,,,,
2011-05-23,76.0999984741211,0.55,3.13,4.27,97.06,,,,
2011-05-24,75.87999725341797,0.56,3.12,4.26,99.13,,,,
2011-05-25,75.93000030517578,0.54,3.13,4.28,100.78,,,,
2011-05-26,75.55000305175781,0.48,3.07,4.23,100.18,,,,
2011-05-27,74.94999694824219,0.48,3.07,4.24,100.58,,,,
2011-05-31,74.63999938964844,0.45,3.05,4.22,102.7,,,,
2011-06-01,74.68000030517578,0.44,2.96,4.15,100.3,224.806,0.0,3.5023181506360412,9.1
2011-06-02,74.33000183105469,0.45,3.04,4.25,100.41,,,,
2011-06-03,73.77999877929688,0.42,2.99,4.22,100.28,,,,
2011-06-06,73.94999694824219,0.43,3.01,4.25,99.07,,,,
2011-06-07,73.5199966430664,0.39,3.01,4.27,99.18,,,,
2011-06-08,73.93000030517578,0.39,2.98,4.2,100.77,,,,
2011-06-09,74.19000244140625,0.43,3.01,4.22,101.95,,,,
2011-06-10,74.79000091552734,0.41,2.99,4.18,99.3,,,,
2011-06-13,74.51000213623047,0.4,3.0,4.2,97.2,,,,
2011-06-14,74.33000183105469,0.45,3.11,4.3,99.37,,,,
2011-06-15,75.5999984741211,0.38,2.98,4.19,94.83,,,,
2011-06-16,75.75,0.38,2.93,4.16,94.95,,,,
2011-06-17,74.98999786376953,0.38,2.94,4.19,93.02,,,,
2011-06-20,75.02999877929688,0.38,2.97,4.19,93.23,,,,
2011-06-21,74.54000091552734,0.4,2.99,4.21,93.7,,,,
2011-06-22,74.77999877929688,0.39,3.01,4.22,94.96,,,,
2011-06-23,75.44999694824219,0.35,2.93,4.17,90.7,,,,
2011-06-24,75.66999816894531,0.35,2.88,4.17,90.89,,,,
2011-06-27,75.38999938964844,0.41,2.95,4.28,90.65,,,,
2011-06-28,75.05999755859375,0.48,3.05,4.33,92.9,,,,
2011-06-29,74.69000244140625,0.47,3.14,4.39,94.85,,,,
2011-06-30,74.30000305175781,0.45,3.18,4.38,95.3,,,,
2011-07-01,74.3499984741211,0.5,3.22,4.4,94.81,225.395,0.26200368317570444,3.5798809769996165,9.0
2011-07-05,74.69000244140625,0.44,3.16,4.39,96.92,,,,
2011-07-06,75.12000274658203,0.43,3.12,4.35,96.67,,,,
2011-07-07,74.95999908447266,0.49,3.17,4.37,98.7,,,,
2011-07-08,75.18000030517578,0.4,3.03,4.27,96.2,,,,
2011-07-11,75.98999786376953,0.37,2.94,4.2,95.16,,,,
2011-07-12,75.80999755859375,0.37,2.92,4.19,97.41,,,,
2011-07-13,75.20999908447266,0.37,2.92,4.17,98.04,,,,
2011-07-14,75.25,0.38,2.98,4.25,95.75,,,,
2011-07-15,75.12999725341797,0.37,2.94,4.26,97.24,,,,
2011-07-18,75.4800033569336,0.37,2.94,4.29,95.94,,,,
2011-07-19,75.22000122070312,0.39,2.91,4.19,97.49,,,,
2011-07-20,74.79000091552734,0.4,2.96,4.25,98.11,,,,
2011-07-21,74.0199966430664,0.4,3.03,4.31,98.96,,,,
2011-07-22,74.19999694824219,0.4,2.99,4.26,99.53,,,,
2011-07-25,74.05999755859375,0.42,3.03,4.31,98.97,,,,
2011-07-26,73.47000122070312,0.41,2.99,4.28,99.61,,,,
2011-07-27,74.08999633789062,0.44,3.01,4.29,97.4,,,,
2011-07-28,74.22000122070312,0.42,2.98,4.26,97.48,,,,
2011-07-29,73.9000015258789,0.36,2.82,4.12,95.68,,,,
2011-08-01,74.26000213623047,0.38,2.77,4.07,94.98,226.106,0.3154462166418792,3.75499603070808,9.0
2011-08-02,74.51000213623047,0.33,2.66,3.93,93.78,,,,
2011-08-03,74.04000091552734,0.33,2.64,3.89,91.87,,,,
2011-08-04,75.12000274658203,0.27,2.47,3.7,86.75,,,,
2011-08-05,74.5999984741211,0.28,2.58,3.82,86.89,,,,
2011-08-08,74.79000091552734,0.27,2.4,3.68,81.27,,,,
2011-08-09,74.61000061035156,0.19,2.2,3.56,79.32,,,,
2011-08-10,74.63999938964844,0.19,2.17,3.54,83.05,,,,
2011-08-11,74.68000030517578,0.19,2.34,3.82,85.48,,,,
2011-08-12,74.61000061035156,0.2,2.24,3.72,85.19,,,,
2011-08-15,73.83999633789062,0.19,2.29,3.75,87.88,,,,
2011-08-16,74.01000213623047,0.2,2.23,3.67,86.65,,,,
2011-08-17,73.66999816894531,0.19,2.17,3.57,87.58,,,,
2011-08-18,74.23999786376953,0.2,2.08,3.45,82.38,,,,
2011-08-19,73.98999786376953,0.2,2.07,3.39,82.33,,,,
2011-08-22,74.06999969482422,0.22,2.1,3.42,84.42,,,,
2011-08-23,73.87000274658203,0.22,2.15,3.47,85.35,,,,
2011-08-24,74.01000213623047,0.23,2.29,3.63,84.99,,,,
2011-08-25,74.27999877929688,0.22,2.23,3.6,85.15,,,,
2011-08-26,73.80999755859375,0.2,2.19,3.54,85.37,,,,
2011-08-29,73.72000122070312,0.2,2.28,3.63,87.27,,,,
2011-08-30,73.94000244140625,0.2,2.19,3.53,88.9,,,,
2011-08-31,74.12999725341797,0.2,2.23,3.6,88.81,,,,
2011-09-01,74.4800033569336,0.19,2.15,3.51,88.93,226.597,0.21715478580843772,3.812621692818685,9.0
2011-09-02,74.75,0.2,2.02,3.32,86.45,,,,
2011-09-06,75.91999816894531,0.21,1.98,3.26,85.99,,,,
2011-09-07,75.45999908447266,0.21,2.05,3.36,89.34,,,,
2011-09-08,76.23999786376953,0.19,2.0,3.32,89.05,,,,
2011-09-09,77.19000244140625,0.17,1.93,3.26,87.24,,,,
2011-09-12,77.56999969482422,0.21,1.94,3.24,88.19,,,,
2011-09-13,76.91000366210938,0.21,2.0,3.32,90.21,,,,
2011-09-14,76.83000183105469,0.19,2.03,3.32,88.91,,,,
2011-09-15,76.23999786376953,0.21,2.09,3.36,89.4,,,,
2011-09-16,76.58000183105469,0.18,2.08,3.34,87.96,,,,
2011-09-19,77.38999938964844,0.16,1.97,3.22,85.7,,,,
2011-09-20,77.02999877929688,0.18,1.95,3.2,86.92,,,,
2011-09-21,77.33999633789062,0.21,1.88,3.03,85.77,,,,
2011-09-22,78.37999725341797,0.2,1.72,2.78,80.29,,,,
2011-09-23,78.30000305175781,0.23,1.84,2.89,79.58,,,,
2011-09-26,78.36000061035156,0.25,1.91,2.99,79.97,,,,
2011-09-27,77.51000213623047,0.25,2.0,3.08,84.18,,,,
2011-09-28,77.8499984741211,0.27,2.03,3.1,80.94,,,,
2011-09-29,77.91999816894531,0.27,1.99,3.03,81.87,,,,
2011-09-30,78.55000305175781,0.25,1.92,2.9,78.93,,,,
2011-10-01,,,,,,226.75,0.0675207527019328,3.5222681306640524,8.8
2011-10-03,79.44999694824219,0.24,1.8,2.76,77.34,,,,
2011-10-04,79.5999984741211,0.25,1.81,2.77,75.4,,,,
2011-10-05,78.91000366210938,0.25,1.92,2.87,79.41,,,,
2011-10-06,78.52999877929688,0.29,2.01,2.96,82.32,,,,
2011-10-07,78.72000122070312,0.3,2.1,3.02,82.7,,,,
2011-10-10,77.5999984741211,,,,85.14,,,,
2011-10-11,77.58000183105469,0.32,2.18,3.11,85.54,,,,
2011-10-12,76.98999786376953,0.29,2.24,3.19,85.3,,,,
2011-10-13,76.98999786376953,0.29,2.19,3.15,83.96,,,,
2011-10-14,76.62000274658203,0.28,2.26,3.22,86.8,,,,
2011-10-17,77.13999938964844,0.28,2.18,3.13,86.38,,,,
2011-10-18,77.12999725341797,0.28,2.19,3.17,88.34,,,,
2011-10-19,77.11000061035156,0.28,2.18,3.17,86.11,,,,
2011-10-20,76.97000122070312,0.28,2.2,3.19,86.07,,,,
2011-10-21,76.30000305175781,0.3,2.23,3.26,87.19,,,,
2011-10-24,76.0199966430664,0.3,2.25,3.27,91.12,,,,
2011-10-25,76.25,0.26,2.14,3.13,92.98,,,,
2011-10-26,76.19999694824219,0.28,2.23,3.22,90.2,,,,
2011-10-27,74.87000274658203,0.31,2.42,3.45,93.96,,,,
2011-10-28,75.08999633789062,0.28,2.34,3.36,93.32,,,,
2011-10-31,76.16999816894531,0.25,2.17,3.16,93.19,,,,
2011-11-01,77.26000213623047,0.23,2.01,2.99,92.19,227.169,0.18478500551268873,3.451432214581729,8.6
2011-11-02,77.01000213623047,0.23,2.03,3.03,92.51,,,,
2011-11-03,76.66999816894531,0.24,2.09,3.1,94.07,,,,
2011-11-04,76.91000366210938,0.22,2.06,3.09,94.26,,,,
2011-11-07,76.95999908447266,0.25,2.04,3.05,95.52,,,,
2011-11-08,76.66999816894531,0.25,2.1,3.13,96.8,,,,
2011-11-09,77.93000030517578,0.24,2.0,3.03,95.74,,,,
2011-11-10,77.63999938964844,0.24,2.04,3.12,97.78,,,,
2011-11-11,76.94000244140625,,,,98.99,,,,
2011-11-14,77.55999755859375,0.24,2.04,3.09,98.14,,,,
2011-11-15,77.87999725341797,0.26,2.06,3.1,99.37,,,,
2011-11-16,78.16000366210938,0.26,2.01,3.05,102.59,,,,
2011-11-17,78.29000091552734,0.27,1.96,2.98,98.82,,,,
2011-11-18,78.0199966430664,0.29,2.01,2.99,97.67,,,,
2011-11-21,78.30000305175781,0.27,1.97,2.96,96.73,,,,
2011-11-22,78.2300033569336,0.26,1.94,2.91,97.76,,,,
2011-11-23,79.0,0.26,1.89,2.82,96.16,,,,
2011-11-25,79.61000061035156,0.28,1.97,2.92,96.91,,,,
2011-11-28,79.29000091552734,0.26,1.97,2.93,98.21,,,,
2011-11-29,79.0,0.27,2.0,2.96,99.79,,,,
2011-11-30,78.38999938964844,0.25,2.08,3.06,100.36,,,,
2011-12-01,78.31999969482422,0.27,2.11,3.12,100.2,227.223,0.023770849015480877,3.062066838419386,8.5
2011-12-02,78.62999725341797,0.25,2.05,3.03,100.97,,,,
2011-12-05,78.61000061035156,0.27,2.04,3.02,100.94,,,,
2011-12-06,78.51000213623047,0.25,2.08,3.09,101.25,,,,
2011-12-07,78.4800033569336,0.24,2.02,3.04,100.45,,,,
2011-12-08,78.80999755859375,0.22,1.99,3.0,98.35,,,,
2011-12-09,78.62999725341797,0.22,2.07,3.1,99.4,,,,
2011-12-12,79.56999969482422,0.24,2.03,3.06,97.77,,,,
2011-12-13,80.25,0.24,1.96,2.98,100.24,,,,
2011-12-14,80.52999877929688,0.25,1.92,2.91,94.92,,,,
2011-12-15,80.23999786376953,0.26,1.92,2.92,93.84,,,,
2011-12-16,80.25,0.24,1.86,2.86,93.55,,,,
2011-12-19,80.25,0.24,1.82,2.79,93.86,,,,
2011-12-20,79.87999725341797,0.26,1.94,2.93,97.16,,,,
2011-12-21,80.0199966430664,0.28,1.98,3.0,98.54,,,,
2011-12-22,79.91999816894531,0.28,1.97,2.99,99.42,,,,
2011-12-23,80.01000213623047,0.28,2.03,3.05,99.72,,,,
2011-12-27,79.79000091552734,0.3,2.02,3.04,101.29,,,,
2011-12-28,80.48999786376953,0.28,1.93,2.91,99.44,,,,
2011-12-29,80.4800033569336,0.28,1.91,2.9,99.68,,,,
2011-12-30,80.16999816894531,0.25,1.89,2.89,98.83,,,,
2012-01-01,,,,,,227.842,0.27241960540966836,3.0087663379855023,8.3
2012-01-03,79.61000061035156,0.27,1.97,2.98,102.96,,,,
2012-01-04,80.08999633789062,0.25,2.0,3.03,103.22,,,,
2012-01-05,80.94000244140625,0.27,2.02,3.06,101.81,,,,
2012-01-06,81.23999786376953,0.25,1.98,3.02,101.56,,,,
2012-01-09,81.05000305175781,0.26,1.98,3.02,101.31,,,,
2012-01-10,80.80000305175781,0.24,2.0,3.04,102.24,,,,
2012-01-11,81.3499984741211,0.24,1.93,2.96,100.89,,,,
2012-01-12,80.7699966430664,0.22,1.94,2.97,99.03,,,,
2012-01-13,81.43000030517578,0.24,1.89,2.91,98.69,,,,
2012-01-17,81.18000030517578,0.21,1.87,2.89,100.7,,,,
2012-01-18,80.5999984741211,0.24,1.92,2.96,100.61,,,,
2012-01-19,80.20999908447266,0.26,2.01,3.05,100.32,,,,
2012-01-20,80.22000122070312,0.26,2.05,3.1,98.15,,,,
2012-01-23,79.69000244140625,0.26,2.09,3.15,99.47,,,,
2012-01-24,79.86000061035156,0.24,2.08,3.15,98.84,,,,
2012-01-25,79.56999969482422,0.22,2.01,3.13,99.23,,,,
2012-01-26,79.41000366210938,0.22,1.96,3.1,99.76,,,,
2012-01-27,78.9000015258789,0.22,1.93,3.07,99.47,,,,
2012-01-30,79.16000366210938,0.22,1.87,2.99,98.75,,,,
2012-01-31,79.27999877929688,0.22,1.83,2.94,98.46,,,,
2012-02-01,78.91999816894531,0.23,1.87,3.01,97.63,228.329,0.21374461249461518,2.8981784423473878,8.3
2012-02-02,78.97000122070312,0.23,1.86,3.01,96.36,,,,
2012-02-03,78.94000244140625,0.23,1.97,3.13,97.8,,,,
2012-02-06,79.08999633789062,0.24,1.93,3.08,96.89,,,,
2012-02-07,78.56999969482422,0.25,2.0,3.14,98.55,,,,
2012-02-08,78.63999938964844,0.27,2.01,3.14,98.8,,,,
2012-02-09,78.55999755859375,0.27,2.04,3.2,99.88,,,,
2012-02-10,79.11000061035156,0.27,1.96,3.11,98.68,,,,
2012-02-13,78.94000244140625,0.29,1.99,3.14,100.39,,,,
2012-02-14,79.58000183105469,0.29,1.92,3.06,100.82,,,,
2012-02-15,79.66999816894531,0.29,1.93,3.09,101.82,,,,
2012-02-16,79.33999633789062,0.29,1.99,3.14,102.33,,,,
2012-02-17,79.33000183105469,0.29,2.01,3.16,103.27,,,,
2012-02-21,79.04000091552734,0.31,2.05,3.2,105.88,,,,
2012-02-22,79.20999908447266,0.29,2.01,3.15,105.99,,,,
2012-02-23,78.80999755859375,0.31,1.99,3.13,107.44,,,,
2012-02-24,78.3499984741211,0.31,1.98,3.1,109.39,,,,
2012-02-27,78.55999755859375,0.3,1.92,3.04,108.49,,,,
2012-02-28,78.2699966430664,0.3,1.94,3.07,106.59,,,,
2012-02-29,78.7300033569336,0.3,1.98,3.08,107.08,,,,
2012-03-01,78.77999877929688,0.3,2.03,3.15,108.76,228.807,0.20934703870292282,2.5828752813320977,8.2
2012-03-02,79.4000015258789,0.28,1.99,3.11,106.68,,,,
2012-03-05,79.31999969482422,0.31,2.0,3.13,106.7,,,,
2012-03-06,79.86000061035156,0.3,1.96,3.08,104.71,,,,
2012-03-07,79.70999908447266,0.3,1.98,3.12,106.16,,,,
2012-03-08,79.16000366210938,0.32,2.03,3.18,106.65,,,,
2012-03-09,80.04000091552734,0.33,2.04,3.19,107.4,,,,
2012-03-12,79.87000274658203,0.33,2.04,3.17,106.34,,,,
2012-03-13,80.19000244140625,0.35,2.14,3.26,106.7,,,,
2012-03-14,80.55999755859375,0.4,2.29,3.43,105.49,,,,
2012-03-15,80.1500015258789,0.37,2.29,3.41,105.19,,,,
2012-03-16,79.77999877929688,0.37,2.31,3.41,107.03,,,,
2012-03-19,79.44999694824219,0.39,2.39,3.48,108.09,,,,
2012-03-20,79.58999633789062,0.41,2.38,3.46,105.68,,,,
2012-03-21,79.62999725341797,0.39,2.31,3.38,106.87,,,,
2012-03-22,79.73999786376953,0.37,2.29,3.37,104.98,,,,
2012-03-23,79.33999633789062,0.37,2.25,3.31,106.43,,,,
2012-03-26,78.93000030517578,0.36,2.26,3.33,107.07,,,,
2012-03-27,79.04000091552734,0.33,2.2,3.29,107.32,,,,
2012-03-28,79.16000366210938,0.34,2.21,3.31,105.4,,,,
2012-03-29,79.18000030517578,0.33,2.18,3.27,102.79,,,,
2012-03-30,78.93000030517578,0.33,2.23,3.35,103.03,,,,
2012-04-01,,,,,,229.187,0.16607883500068255,2.2731633741348567,8.2
2012-04-02,78.81999969482422,0.33,2.22,3.35,105.25,,,,
2012-04-03,79.4800033569336,0.36,2.3,3.41,104.02,,,,
2012-04-04,79.76000213623047,0.35,2.25,3.37,101.53,,,,
2012-04-05,80.06999969482422,0.35,2.19,3.32,103.29,,,,
2012-04-06,,0.32,2.07,3.21,,,,,
2012-04-09,79.7300033569336,0.32,2.06,3.18,102.45,,,,
2012-04-10,79.88999938964844,0.28,2.01,3.13,101.12,,,,
2012-04-11,79.77999877929688,0.3,2.05,3.18,102.66,,,,
2012-04-12,79.27999877929688,0.29,2.08,3.22,103.69,,,,
2012-04-13,79.87999725341797,0.27,2.02,3.14,102.84,,,,
2012-04-16,79.55000305175781,0.27,2.0,3.12,102.92,,,,
2012-04-17,79.47000122070312,0.27,2.03,3.15,104.23,,,,
2012-04-18,79.52999877929688,0.27,2.0,3.13,102.65,,,,
2012-04-19,79.55999755859375,0.27,1.98,3.12,102.38,,,,
2012-04-20,79.18000030517578,0.29,1.99,3.12,103.58,,,,
2012-04-23,79.41999816894531,0.27,1.96,3.08,102.68,,,,
2012-04-24,79.22000122070312,0.27,2.0,3.12,103.1,,,,
2012-04-25,79.01000213623047,0.26,2.01,3.15,103.72,,,,
2012-04-26,78.91000366210938,0.26,1.98,3.13,104.56,,,,
2012-04-27,78.69999694824219,0.26,1.96,3.12,104.86,,,,
2012-04-30,78.79000091552734,0.27,1.95,3.12,104.89,,,,
2012-05-01,78.86000061035156,0.27,1.98,3.16,106.17,228.713,-0.2068180132381081,1.7379429374660749,8.2
2012-05-02,79.12999725341797,0.27,1.96,3.11,105.25,,,,
2012-05-03,79.22000122070312,0.28,1.96,3.12,102.56,,,,
2012-05-04,79.47000122070312,0.27,1.91,3.07,98.49,,,,
2012-05-07,79.5999984741211,0.27,1.92,3.07,97.86,,,,
2012-05-08,79.7300033569336,0.27,1.88,3.03,97.13,,,,
2012-05-09,80.08000183105469,0.27,1.87,3.03,96.8,,,,
2012-05-10,80.11000061035156,0.27,1.89,3.07,97.1,,,,
2012-05-11,80.27999877929688,0.27,1.84,3.02,96.03,,,,
2012-05-14,80.5999984741211,0.29,1.78,2.95,94.75,,,,
2012-05-15,81.22000122070312,0.29,1.76,2.91,93.97,,,,
2012-05-16,81.37000274658203,0.3,1.76,2.9,92.78,,,,
2012-05-17,81.37999725341797,0.32,1.7,2.8,92.53,,,,
2012-05-18,81.29000091552734,0.32,1.71,2.8,91.51,,,,
2012-05-21,81.08000183105469,0.3,1.75,2.8,92.57,,,,
2012-05-22,81.66999816894531,0.3,1.79,2.88,91.44,,,,
2012-05-23,82.08999633789062,0.28,1.73,2.81,89.4,,,,
2012-05-24,82.29000091552734,0.29,1.77,2.86,90.36,,,,
2012-05-25,82.4000015258789,0.3,1.75,2.85,90.64,,,,
2012-05-29,82.44000244140625,0.3,1.74,2.85,90.75,,,,
2012-05-30,83.01000213623047,0.27,1.63,2.72,87.79,,,,
2012-05-31,83.04000091552734,0.27,1.59,2.67,86.52,,,,
2012-06-01,82.88999938964844,0.25,1.47,2.53,83.17,228.524,-0.08263631713106845,1.653870448297634,8.2
2012-06-04,82.55000305175781,0.25,1.53,2.56,83.95,,,,
2012-06-05,82.80000305175781,0.25,1.57,2.63,84.31,,,,
2012-06-06,82.31999969482422,0.26,1.66,2.73,85.05,,,,
2012-06-07,82.05000305175781,0.27,1.66,2.75,84.78,,,,
2012-06-08,82.51000213623047,0.28,1.65,2.77,84.08,,,,
2012-06-11,82.51000213623047,0.27,1.6,2.71,82.58,,,,
2012-06-12,82.41000366210938,0.3,1.67,2.77,83.35,,,,
2012-06-13,82.05000305175781,0.3,1.61,2.7,82.56,,,,
2012-06-14,81.9000015258789,0.3,1.64,2.73,83.83,,,,
2012-06-15,81.58999633789062,0.29,1.6,2.7,84.03,,,,
2012-06-18,81.94000244140625,0.29,1.59,2.67,83.26,,,,
2012-06-19,81.37000274658203,0.3,1.64,2.73,83.99,,,,
2012-06-20,81.48999786376953,0.32,1.65,2.72,81.06,,,,
2012-06-21,82.31999969482422,0.32,1.63,2.68,77.91,,,,
2012-06-22,82.22000122070312,0.31,1.69,2.75,79.33,,,,
2012-06-25,82.45999908447266,0.31,1.63,2.69,78.76,,,,
2012-06-26,82.37000274658203,0.31,1.66,2.71,79.34,,,,
2012-06-27,82.55999755859375,0.31,1.65,2.7,80.27,,,,
2012-06-28,82.66999816894531,0.31,1.6,2.67,77.72,,,,
2012-06-29,81.6500015258789,0.33,1.67,2.76,85.04,,,,
2012-07-01,,,,,,228.59,0.02888099280600187,1.4175114798464783,8.2
2012-07-02,81.87000274658203,0.3,1.61,2.69,83.72,,,,
2012-07-03,81.77999877929688,0.3,1.65,2.74,87.74,,,,
2012-07-05,82.80999755859375,0.28,1.62,2.72,87.11,,,,
2012-07-06,83.29000091552734,0.27,1.57,2.66,84.37,,,,
2012-07-09,83.16000366210938,0.27,1.53,2.62,85.93,,,,
2012-07-10,83.36000061035156,0.27,1.53,2.6,83.92,,,,
2012-07-11,83.56999969482422,0.27,1.54,2.6,85.88,,,,
2012-07-12,83.6500015258789,0.25,1.5,2.57,86.02,,,,
2012-07-13,83.30000305175781,0.25,1.52,2.58,87.15,,,,
2012-07-16,83.08999633789062,0.24,1.5,2.56,88.41,,,,
2012-07-17,83.02999877929688,0.25,1.53,2.59,89.07,,,,
2012-07-18,82.94999694824219,0.22,1.52,2.59,89.88,,,,
2012-07-19,82.9000015258789,0.22,1.54,2.61,92.78,,,,
2012-07-20,83.47000122070312,0.22,1.49,2.55,91.56,,,,
2012-07-23,83.70999908447266,0.22,1.47,2.52,87.77,,,,
2012-07-24,84.01000213623047,0.22,1.44,2.47,88.28,,,,
2012-07-25,83.5199966430664,0.22,1.43,2.46,88.8,,,,
2012-07-26,82.80999755859375,0.23,1.45,2.49,89.4,,,,
2012-07-27,82.70999908447266,0.25,1.58,2.63,90.13,,,,
2012-07-30,82.79000091552734,0.23,1.53,2.58,89.8,,,,
2012-07-31,82.63999938964844,0.23,1.51,2.56,88.08,,,,
2012-08-01,83.05999755859375,0.24,1.56,2.6,88.99,229.918,0.580952797585188,1.6859349154821235,8.1
2012-08-02,83.33000183105469,0.24,1.51,2.55,87.22,,,,
2012-08-03,82.37999725341797,0.24,1.6,2.65,91.4,,,,
2012-08-06,82.2699966430664,0.24,1.59,2.65,92.3,,,,
2012-08-07,82.20999908447266,0.27,1.66,2.72,93.68,,,,
2012-08-08,82.38999938964844,0.29,1.68,2.75,93.39,,,,
2012-08-09,82.63999938964844,0.29,1.69,2.78,93.39,,,,
2012-08-10,82.55000305175781,0.27,1.65,2.74,92.94,,,,
2012-08-13,82.44000244140625,0.27,1.65,2.74,92.76,,,,
2012-08-14,82.4800033569336,0.27,1.73,2.82,93.4,,,,
2012-08-15,82.6500015258789,0.27,1.8,2.9,94.35,,,,
2012-08-16,82.36000061035156,0.29,1.83,2.96,95.66,,,,
2012-08-17,82.5999984741211,0.29,1.81,2.93,96.0,,,,
2012-08-20,82.45999908447266,0.29,1.82,2.93,96.03,,,,
2012-08-21,81.91000366210938,0.31,1.8,2.9,96.55,,,,
2012-08-22,81.48999786376953,0.26,1.71,2.82,96.89,,,,
2012-08-23,81.36000061035156,0.26,1.68,2.79,95.87,,,,
2012-08-24,81.58999633789062,0.28,1.68,2.79,95.78,,,,
2012-08-27,81.66000366210938,0.28,1.65,2.76,95.54,,,,
2012-08-28,81.37000274658203,0.27,1.64,2.75,96.3,,,,
2012-08-29,81.55000305175781,0.27,1.66,2.77,95.5,,,,
2012-08-30,81.68000030517578,0.27,1.63,2.75,94.61,,,,
2012-08-31,81.25,0.22,1.57,2.68,96.47,,,,
2012-09-01,,,,,,231.015,0.47712662775423187,1.9497168982819613,7.8
2012-09-04,81.31999969482422,0.23,1.59,2.69,95.34,,,,
2012-09-05,81.23999786376953,0.25,1.6,2.7,95.37,,,,
2012-09-06,81.08000183105469,0.27,1.68,2.8,95.58,,,,
2012-09-07,80.25,0.25,1.67,2.81,96.41,,,,
2012-09-10,80.36000061035156,0.25,1.68,2.83,96.52,,,,
2012-09-11,79.86000061035156,0.25,1.7,2.84,97.03,,,,
2012-09-12,79.73999786376953,0.25,1.77,2.92,97.02,,,,
2012-09-13,79.26000213623047,0.24,1.75,2.95,98.3,,,,
2012-09-14,78.8499984741211,0.27,1.88,3.09,98.94,,,,
2012-09-17,79.01000213623047,0.25,1.85,3.03,96.51,,,,
2012-09-18,79.25,0.25,1.82,3.0,95.25,,,,
2012-09-19,79.05999755859375,0.27,1.79,2.97,91.97,,,,
2012-09-20,79.41000366210938,0.27,1.8,2.96,92.14,,,,
2012-09-21,79.33000183105469,0.27,1.77,2.95,92.64,,,,
2012-09-24,79.5199966430664,0.27,1.74,2.91,91.68,,,,
2012-09-25,79.55000305175781,0.27,1.7,2.86,91.07,,,,
2012-09-26,79.88999938964844,0.26,1.64,2.79,89.92,,,,
2012-09-27,79.55000305175781,0.25,1.66,2.83,91.89,,,,
2012-09-28,79.94000244140625,0.23,1.65,2.82,92.18,,,,
2012-10-01,79.81999969482422,0.25,1.64,2.81,92.44,231.638,0.26967945804385884,2.1556780595369363,7.8
2012-10-02,79.73999786376953,0.23,1.64,2.81,91.88,,,,
2012-10-03,79.97000122070312,0.23,1.64,2.82,88.19,,,,
2012-10-04,79.3499984741211,0.23,1.7,2.89,91.69,,,,
2012-10-05,79.33999633789062,0.27,1.75,2.96,89.87,,,,
2012-10-08,79.54000091552734,,,,89.43,,,,
2012-10-09,79.94999694824219,0.25,1.74,2.93,92.42,,,,
2012-10-10,79.91999816894531,0.27,1.72,2.89,91.24,,,,
2012-10-11,79.77999877929688,0.28,1.7,2.86,92.19,,,,
2012-10-12,79.69000244140625,0.27,1.69,2.83,91.83,,,,
2012-10-15,79.73999786376953,0.27,1.7,2.85,91.84,,,,
2012-10-16,79.37000274658203,0.27,1.75,2.91,92.07,,,,
2012-10-17,79.0199966430664,0.3,1.83,2.98,92.04,,,,
2012-10-18,79.37000274658203,0.29,1.86,3.02,92.0,,,,
2012-10-19,79.63999938964844,0.3,1.79,2.94,90.0,,,,
2012-10-22,79.6500015258789,0.32,1.83,2.95,88.3,,,,
2012-10-23,79.9800033569336,0.29,1.79,2.91,86.65,,,,
2012-10-24,79.97000122070312,0.29,1.8,2.93,85.39,,,,
2012-10-25,80.04000091552734,0.31,1.86,2.98,85.59,,,,
2012-10-26,80.06999969482422,0.3,1.78,2.92,85.84,,,,
2012-10-29,,0.3,1.74,2.87,85.52,,,,
2012-10-30,,,,,85.65,,,,
2012-10-31,79.91999816894531,0.3,1.72,2.85,86.23,,,,
2012-11-01,80.05000305175781,0.3,1.75,2.89,87.05,231.249,-0.16793444944266378,1.7960197033926262,7.7
2012-11-02,80.58999633789062,0.28,1.75,2.91,84.9,,,,
2012-11-05,80.75,0.28,1.72,2.88,85.64,,,,
2012-11-06,80.61000061035156,0.3,1.78,2.92,88.62,,,,
2012-11-07,80.76000213623047,0.27,1.68,2.83,84.5,,,,
2012-11-08,80.79000091552734,0.27,1.62,2.77,85.07,,,,
2012-11-09,81.02999877929688,0.27,1.61,2.75,86.08,,,,
2012-11-12,81.04000091552734,,,,85.56,,,,
2012-11-13,81.08000183105469,0.27,1.59,2.72,85.38,,,,
2012-11-14,81.05999755859375,0.25,1.59,2.73,86.32,,,,
2012-11-15,81.08000183105469,0.24,1.58,2.72,85.45,,,,
2012-11-16,81.26000213623047,0.24,1.58,2.73,86.62,,,,
2012-11-19,80.87000274658203,0.25,1.61,2.76,89.05,,,,
2012-11-20,80.95999908447266,0.27,1.66,2.82,86.46,,,,
2012-11-21,80.93000030517578,0.27,1.69,2.83,87.08,,,,
2012-11-23,80.19000244140625,0.29,1.7,2.83,87.01,,,,
2012-11-26,80.25,0.27,1.66,2.8,87.28,,,,
2012-11-27,80.4000015258789,0.27,1.64,2.79,86.81,,,,
2012-11-28,80.33999633789062,0.27,1.63,2.79,86.1,,,,
2012-11-29,80.19999694824219,0.25,1.62,2.79,87.64,,,,
2012-11-30,80.1500015258789,0.25,1.62,2.81,88.54,,,,
2012-12-01,,,,,,231.221,-0.012108160467716456,1.7595049796895523,7.9
2012-12-03,79.87999725341797,0.25,1.63,2.8,88.69,,,,
2012-12-04,79.63999938964844,0.25,1.62,2.78,88.04,,,,
2012-12-05,79.7699966430664,0.25,1.6,2.78,87.36,,,,
2012-12-06,80.26000213623047,0.25,1.59,2.76,85.47,,,,
2012-12-07,80.41999816894531,0.25,1.64,2.81,85.45,,,,
2012-12-10,80.33000183105469,0.24,1.63,2.8,85.14,,,,
2012-12-11,80.05999755859375,0.24,1.66,2.83,85.36,,,,
2012-12-12,79.88999938964844,0.25,1.72,2.9,86.35,,,,
2012-12-13,79.93000030517578,0.27,1.74,2.9,85.39,,,,
2012-12-14,79.5999984741211,0.24,1.72,2.87,86.32,,,,
2012-12-17,79.56999969482422,0.25,1.78,2.94,86.71,,,,
2012-12-18,79.36000061035156,0.28,1.84,3.0,87.46,,,,
2012-12-19,79.25,0.28,1.82,2.99,89.09,,,,
2012-12-20,79.26000213623047,0.28,1.81,2.98,89.76,,,,
2012-12-21,79.62000274658203,0.26,1.77,2.93,88.2,,,,
2012-12-24,79.63999938964844,0.26,1.79,2.94,88.29,,,,
2012-12-26,79.62000274658203,0.26,1.77,2.94,90.71,,,,
2012-12-27,79.62000274658203,0.26,1.74,2.89,90.91,,,,
2012-12-28,79.68000030517578,0.27,1.73,2.88,90.66,,,,
2012-12-31,79.7699966430664,0.25,1.78,2.95,91.83,,,,
2013-01-01,,,,,,231.679,0.1980788942180789,1.684061762098299,8.0
2013-01-02,79.8499984741211,0.27,1.86,3.04,93.14,,,,
2013-01-03,80.43000030517578,0.27,1.92,3.12,92.97,,,,
2013-01-04,80.5,0.27,1.93,3.1,93.12,,,,
2013-01-07,80.26000213623047,0.27,1.92,3.1,93.2,,,,
2013-01-08,80.3499984741211,0.25,1.89,3.06,93.21,,,,
2013-01-09,80.55999755859375,0.24,1.88,3.06,93.08,,,,
2013-01-10,79.73999786376953,0.26,1.91,3.08,93.81,,,,
2013-01-11,79.55999755859375,0.26,1.89,3.05,93.6,,,,
2013-01-14,79.48999786376953,0.26,1.89,3.05,94.27,,,,
2013-01-15,79.77999877929688,0.26,1.86,3.02,93.26,,,,
2013-01-16,79.80000305175781,0.26,1.84,3.01,94.28,,,,
2013-01-17,79.6500015258789,0.28,1.89,3.06,95.49,,,,
2013-01-18,80.05000305175781,0.26,1.87,3.03,95.61,,,,
2013-01-22,79.87000274658203,0.26,1.86,3.02,96.09,,,,
2013-01-23,79.91999816894531,0.26,1.86,3.02,95.06,,,,
2013-01-24,79.94999694824219,0.23,1.88,3.04,95.35,,,,
2013-01-25,79.75,0.28,1.98,3.14,95.15,,,,
2013-01-28,79.77999877929688,0.29,2.0,3.15,95.95,,,,
2013-01-29,79.55999755859375,0.3,2.03,3.18,97.62,,,,
2013-01-30,79.27999877929688,0.27,2.03,3.19,97.98,,,,
2013-01-31,79.20999908447266,0.27,2.02,3.17,97.65,,,,
2013-02-01,79.12999725341797,0.27,2.04,3.21,97.46,232.937,0.5429926752100966,2.0181404902574807,7.7
2013-02-04,79.55000305175781,0.25,2.0,3.17,96.21,,,,
2013-02-05,79.48999786376953,0.27,2.04,3.21,96.68,,,,
2013-02-06,79.72000122070312,0.27,2.0,3.18,96.44,,,,
2013-02-07,80.19000244140625,0.25,1.99,3.17,95.84,,,,
2013-02-08,80.25,0.25,1.99,3.17,95.71,,,,
2013-02-11,80.30999755859375,0.27,1.99,3.16,97.01,,,,
2013-02-12,80.11000061035156,0.29,2.02,3.19,97.48,,,,
2013-02-13,80.08999633789062,0.29,2.05,3.23,97.03,,,,
2013-02-14,80.45999908447266,0.27,2.0,3.17,97.3,,,,
2013-02-15,80.58000183105469,0.29,2.01,3.18,95.95,,,,
2013-02-19,80.47000122070312,0.29,2.03,3.21,96.69,,,,
2013-02-20,81.08999633789062,0.27,2.02,3.2,94.92,,,,
2013-02-21,81.45999908447266,0.26,1.99,3.17,92.79,,,,
2013-02-22,81.4800033569336,0.27,1.97,3.15,93.12,,,,
2013-02-25,81.66999816894531,0.25,1.88,3.08,92.74,,,,
2013-02-26,81.87000274658203,0.25,1.88,3.08,92.63,,,,
2013-02-27,81.5999984741211,0.27,1.91,3.11,92.84,,,,
2013-02-28,81.9800033569336,0.25,1.89,3.1,92.03,,,,
2013-03-01,82.30999755859375,0.25,1.86,3.06,90.71,232.282,-0.28119191025899326,1.5187472411246183,7.5
2013-03-04,82.22000122070312,0.24,1.88,3.08,90.13,,,,
2013-03-05,82.08999633789062,0.25,1.9,3.1,90.88,,,,
2013-03-06,82.45999908447266,0.25,1.95,3.15,90.47,,,,
2013-03-07,82.08000183105469,0.25,2.0,3.2,91.53,,,,
2013-03-08,82.69999694824219,0.27,2.06,3.25,92.01,,,,
2013-03-11,82.56999969482422,0.27,2.07,3.26,92.07,,,,
2013-03-12,82.58000183105469,0.27,2.03,3.22,92.44,,,,
2013-03-13,82.88999938964844,0.27,2.04,3.22,92.47,,,,
2013-03-14,82.61000061035156,0.27,2.04,3.25,93.03,,,,
2013-03-15,82.26000213623047,0.25,2.01,3.22,93.49,,,,
2013-03-18,82.69000244140625,0.26,1.96,3.18,93.71,,,,
2013-03-19,82.98999786376953,0.24,1.92,3.13,92.44,,,,
2013-03-20,82.77999877929688,0.26,1.96,3.19,93.21,,,,
2013-03-21,82.80000305175781,0.27,1.95,3.15,92.46,,,,
2013-03-22,82.52999877929688,0.26,1.93,3.13,93.41,,,,
2013-03-25,82.87000274658203,0.24,1.93,3.14,94.55,,,,
2013-03-26,82.87999725341797,0.25,1.92,3.13,95.99,,,,
2013-03-27,83.20999908447266,0.25,1.87,3.09,96.53,,,,
2013-03-28,82.98999786376953,0.25,1.87,3.1,97.24,,,,
2013-04-01,82.7300033569336,0.23,1.86,3.08,97.1,231.797,-0.2087979266581219,1.138808047576867,7.6
2013-04-02,82.94000244140625,0.25,1.88,3.1,97.23,,,,
2013-04-03,82.72000122070312,0.24,1.83,3.05,95.02,,,,
2013-04-04,82.68000030517578,0.22,1.78,2.99,93.26,,,,
2013-04-05,82.5,0.24,1.72,2.87,92.76,,,,
2013-04-08,82.75,0.24,1.76,2.91,93.36,,,,
2013-04-09,82.30999755859375,0.24,1.78,2.94,94.18,,,,
2013-04-10,82.52999877929688,0.24,1.84,3.01,94.59,,,,
2013-04-11,82.25,0.24,1.82,3.01,93.44,,,,
2013-04-12,82.30999755859375,0.22,1.75,2.92,91.23,,,,
2013-04-15,82.41999816894531,0.22,1.72,2.88,88.75,,,,
2013-04-16,81.75,0.24,1.75,2.91,88.73,,,,
2013-04-17,82.66000366210938,0.24,1.73,2.89,86.65,,,,
2013-04-18,82.55000305175781,0.24,1.72,2.87,87.83,,,,
2013-04-19,82.70999908447266,0.24,1.73,2.88,88.04,,,,
2013-04-22,82.68000030517578,0.24,1.72,2.88,88.81,,,,
2013-04-23,83.02999877929688,0.23,1.74,2.9,89.21,,,,
2013-04-24,82.93000030517578,0.23,1.73,2.89,91.07,,,,
2013-04-25,82.73999786376953,0.23,1.74,2.91,93.27,,,,
2013-04-26,82.4800033569336,0.22,1.7,2.87,92.63,,,,
2013-04-29,82.1500015258789,0.2,1.7,2.88,94.09,,,,
2013-04-30,81.7300033569336,0.22,1.7,2.88,93.22,,,,
2013-05-01,81.63999938964844,0.2,1.66,2.83,90.74,231.893,0.041415548950163306,1.3903888279197085,7.5
2013-05-02,82.20999908447266,0.2,1.66,2.82,93.7,,,,
2013-05-03,82.0999984741211,0.22,1.78,2.96,95.25,,,,
2013-05-06,82.31999969482422,0.22,1.8,2.98,95.8,,,,
2013-05-07,82.30000305175781,0.22,1.82,3.0,95.28,,,,
2013-05-08,81.9000015258789,0.22,1.81,2.99,96.24,,,,
2013-05-09,82.79000091552734,0.22,1.81,3.01,96.09,,,,
2013-05-10,83.13999938964844,0.26,1.9,3.1,95.81,,,,
2013-05-13,83.26000213623047,0.24,1.92,3.13,94.76,,,,
2013-05-14,83.56999969482422,0.26,1.96,3.17,93.96,,,,
2013-05-15,83.83000183105469,0.26,1.94,3.16,93.95,,,,
2013-05-16,83.7699966430664,0.23,1.87,3.09,94.85,,,,
2013-05-17,84.27999877929688,0.26,1.95,3.17,95.72,,,,
2013-05-20,83.80999755859375,0.26,1.97,3.18,96.29,,,,
2013-05-21,83.86000061035156,0.26,1.94,3.14,95.55,,,,
2013-05-22,84.25,0.26,2.03,3.21,93.98,,,,
2013-05-23,83.80000305175781,0.26,2.02,3.2,94.12,,,,
2013-05-24,83.69999694824219,0.26,2.01,3.18,93.84,,,,
2013-05-28,84.13999938964844,0.29,2.15,3.31,94.65,,,,
2013-05-29,83.63999938964844,0.3,2.13,3.27,93.13,,,,
2013-05-30,83.01000213623047,0.31,2.13,3.28,93.57,,,,
2013-05-31,83.37999725341797,0.3,2.16,3.3,91.93,,,,
2013-06-01,,,,,,232.445,0.23804082055085551,1.7157935271568725,7.5
2013-06-03,82.68000030517578,0.3,2.13,3.27,93.41,,,,
2013-06-04,82.7699966430664,0.32,2.14,3.3,93.36,,,,
2013-06-05,82.56999969482422,0.3,2.1,3.25,93.66,,,,
2013-06-06,81.5199966430664,0.3,2.08,3.23,94.71,,,,
2013-06-07,81.69000244140625,0.32,2.17,3.33,96.11,,,,
2013-06-10,81.6500015258789,0.32,2.22,3.36,95.82,,,,
2013-06-11,81.05999755859375,0.34,2.2,3.33,95.5,,,,
2013-06-12,80.95999908447266,0.34,2.25,3.37,95.98,,,,
2013-06-13,80.62000274658203,0.32,2.19,3.33,96.66,,,,
2013-06-14,80.66999816894531,0.29,2.14,3.28,97.83,,,,
2013-06-17,80.56999969482422,0.27,2.19,3.35,97.86,,,,
2013-06-18,80.62000274658203,0.27,2.2,3.34,98.46,,,,
2013-06-19,81.43000030517578,0.31,2.33,3.41,98.24,,,,
2013-06-20,81.83999633789062,0.33,2.41,3.49,94.89,,,,
2013-06-21,82.31999969482422,0.38,2.52,3.56,93.81,,,,
2013-06-24,82.43000030517578,0.42,2.57,3.56,95.07,,,,
2013-06-25,82.58000183105469,0.43,2.6,3.6,95.25,,,,
2013-06-26,82.94999694824219,0.39,2.55,3.58,95.47,,,,
2013-06-27,82.91000366210938,0.36,2.49,3.54,97.0,,,,
2013-06-28,83.16999816894531,0.36,2.52,3.52,96.36,,,,
2013-07-01,82.9800033569336,0.34,2.5,3.48,97.94,232.9,0.19574523005443378,1.885471805415806,7.3
2013-07-02,83.54000091552734,0.34,2.48,3.47,99.65,,,,
2013-07-03,83.2300033569336,0.36,2.52,3.49,101.92,,,,
2013-07-05,84.41999816894531,0.4,2.73,3.68,103.09,,,,
2013-07-08,84.19999694824219,0.37,2.65,3.63,103.03,,,,
2013-07-09,84.58000183105469,0.37,2.65,3.64,103.46,,,,
2013-07-10,84.04000091552734,0.38,2.7,3.68,106.41,,,,
2013-07-11,82.75,0.34,2.6,3.64,104.77,,,,
2013-07-12,82.98999786376953,0.37,2.61,3.64,105.85,,,,
2013-07-15,83.04000091552734,0.34,2.57,3.61,106.2,,,,
2013-07-16,82.43000030517578,0.34,2.55,3.58,105.88,,,,
2013-07-17,82.70999908447266,0.32,2.52,3.57,106.39,,,,
2013-07-18,82.81999969482422,0.32,2.56,3.63,107.94,,,,
2013-07-19,82.58000183105469,0.32,2.5,3.56,108.0,,,,
2013-07-22,82.22000122070312,0.32,2.5,3.55,106.61,,,,
2013-07-23,82.01000213623047,0.33,2.53,3.58,107.13,,,,
2013-07-24,82.30000305175781,0.34,2.61,3.65,105.41,,,,
2013-07-25,81.97000122070312,0.32,2.61,3.65,105.47,,,,
2013-07-26,81.62000274658203,0.31,2.58,3.61,104.76,,,,
2013-07-29,81.66000366210938,0.33,2.61,3.66,104.61,,,,
2013-07-30,81.83000183105469,0.33,2.63,3.67,103.14,,,,
2013-07-31,81.44999694824219,0.31,2.6,3.64,105.1,,,,
2013-08-01,82.33999633789062,0.35,2.74,3.77,107.93,233.456,0.23872906826962748,1.538809488600279,7.2
2013-08-02,81.91000366210938,0.3,2.63,3.69,106.94,,,,
2013-08-05,81.87999725341797,0.32,2.67,3.73,106.61,,,,
2013-08-06,81.5999984741211,0.32,2.67,3.73,105.32,,,,
2013-08-07,81.29000091552734,0.32,2.61,3.68,104.41,,,,
2013-08-08,81.01000213623047,0.3,2.58,3.65,103.45,,,,
2013-08-09,81.12999725341797,0.32,2.57,3.63,106.04,,,,
2013-08-12,81.33000183105469,0.32,2.61,3.67,106.19,,,,
2013-08-13,81.7300033569336,0.34,2.71,3.75,106.78,,,,
2013-08-14,81.69999694824219,0.34,2.71,3.75,106.89,,,,
2013-08-15,81.12999725341797,0.36,2.77,3.81,107.43,,,,
2013-08-16,81.26000213623047,0.36,2.84,3.86,107.58,,,,
2013-08-19,81.2300033569336,0.36,2.88,3.89,107.14,,,,
2013-08-20,80.91000366210938,0.36,2.82,3.86,104.9,,,,
2013-08-21,81.31999969482422,0.38,2.87,3.9,103.93,,,,
2013-08-22,81.48999786376953,0.42,2.9,3.88,104.93,,,,
2013-08-23,81.33999633789062,0.4,2.82,3.8,106.48,,,,
2013-08-26,81.37000274658203,0.41,2.79,3.77,105.88,,,,
2013-08-27,81.16999816894531,0.38,2.72,3.7,109.11,,,,
2013-08-28,81.41999816894531,0.4,2.78,3.75,110.17,,,,
2013-08-29,81.94999694824219,0.39,2.75,3.7,108.51,,,,
2013-08-30,82.08999633789062,0.39,2.78,3.7,107.98,,,,
2013-09-01,,,,,,233.544,0.037694469193350066,1.0947341081747997,7.2
2013-09-03,82.36000061035156,0.43,2.86,3.79,108.67,,,,
2013-09-04,82.16999816894531,0.46,2.9,3.8,107.29,,,,
2013-09-05,82.62999725341797,0.52,2.98,3.88,108.5,,,,
2013-09-06,82.1500015258789,0.46,2.94,3.87,110.62,,,,
2013-09-09,81.79000091552734,0.45,2.9,3.84,109.62,,,,
2013-09-10,81.81999969482422,0.5,2.96,3.88,107.48,,,,
2013-09-11,81.5199966430664,0.47,2.93,3.85,107.65,,,,
2013-09-12,81.48999786376953,0.45,2.92,3.85,108.72,,,,
2013-09-13,81.44999694824219,0.45,2.9,3.84,108.31,,,,
2013-09-16,81.25,0.41,2.88,3.87,106.54,,,,
2013-09-17,81.16999816894531,0.39,2.86,3.84,105.36,,,,
2013-09-18,80.23999786376953,0.34,2.69,3.75,108.23,,,,
2013-09-19,80.36000061035156,0.34,2.76,3.8,106.26,,,,
2013-09-20,80.44000244140625,0.34,2.75,3.77,104.7,,,,
2013-09-23,80.44999694824219,0.35,2.72,3.73,103.62,,,,
2013-09-24,80.55999755859375,0.35,2.67,3.67,103.22,,,,
2013-09-25,80.33000183105469,0.36,2.63,3.65,102.68,,,,
2013-09-26,80.5199966430664,0.34,2.66,3.69,103.1,,,,
2013-09-27,80.2699966430664,0.34,2.64,3.68,102.86,,,,
2013-09-30,80.22000122070312,0.33,2.64,3.69,102.36,,,,
2013-10-01,80.0999984741211,0.33,2.66,3.72,102.09,233.669,0.053523104853914205,0.8767991434911471,7.2
2013-10-02,79.87999725341797,0.31,2.63,3.7,104.15,,,,
2013-10-03,79.7699966430664,0.33,2.62,3.71,103.29,,,,
2013-10-04,80.12000274658203,0.33,2.66,3.73,103.83,,,,
2013-10-07,79.94000244140625,0.37,2.65,3.7,103.07,,,,
2013-10-08,80.05999755859375,0.4,2.66,3.7,103.54,,,,
2013-10-09,80.37000274658203,0.37,2.68,3.73,101.63,,,,
2013-10-10,80.41999816894531,0.35,2.71,3.75,103.08,,,,
2013-10-11,80.36000061035156,0.35,2.7,3.74,102.17,,,,
2013-10-14,80.26000213623047,,,,102.46,,,,
2013-10-15,80.4800033569336,0.37,2.75,3.78,101.15,,,,
2013-10-16,80.5,0.34,2.69,3.72,102.34,,,,
2013-10-17,79.6500015258789,0.33,2.61,3.66,100.72,,,,
2013-10-18,79.63999938964844,0.33,2.6,3.65,100.87,,,,
2013-10-21,79.68000030517578,0.33,2.63,3.68,99.28,,,,
2013-10-22,79.23999786376953,0.31,2.54,3.61,97.63,,,,
2013-10-23,79.26000213623047,0.31,2.51,3.59,96.9,,,,
2013-10-24,79.19000244140625,0.33,2.53,3.61,96.65,,,,
2013-10-25,79.18000030517578,0.32,2.53,3.6,97.4,,,,
2013-10-28,79.25,0.32,2.54,3.61,98.74,,,,
2013-10-29,79.62999725341797,0.31,2.53,3.62,98.29,,,,
2013-10-30,79.75,0.33,2.55,3.63,96.81,,,,
2013-10-31,80.19999694824219,0.31,2.57,3.63,96.29,,,,
2013-11-01,80.7300033569336,0.33,2.65,3.69,94.56,234.1,0.18444894273523804,1.2328701961954458,6.9
2013-11-04,80.55000305175781,0.32,2.63,3.7,94.58,,,,
2013-11-05,80.70999908447266,0.32,2.69,3.76,93.4,,,,
2013-11-06,80.4800033569336,0.3,2.67,3.77,94.74,,,,
2013-11-07,80.81999969482422,0.29,2.63,3.71,94.25,,,,
2013-11-08,81.20999908447266,0.32,2.77,3.84,94.56,,,,
2013-11-11,81.08999633789062,,,,95.13,,,,
2013-11-12,81.19000244140625,0.34,2.8,3.86,93.12,,,,
2013-11-13,80.93000030517578,0.32,2.75,3.83,93.91,,,,
2013-11-14,80.9800033569336,0.29,2.69,3.79,93.76,,,,
2013-11-15,80.83999633789062,0.31,2.71,3.8,93.8,,,,
2013-11-18,80.83000183105469,0.31,2.67,3.76,93.03,,,,
2013-11-19,80.69999694824219,0.29,2.71,3.8,93.35,,,,
2013-11-20,81.11000061035156,0.28,2.8,3.9,93.34,,,,
2013-11-21,81.05000305175781,0.29,2.79,3.89,95.35,,,,
2013-11-22,80.70999908447266,0.31,2.75,3.84,94.53,,,,
2013-11-25,80.91999816894531,0.3,2.74,3.83,93.86,,,,
2013-11-26,80.61000061035156,0.29,2.71,3.8,93.41,,,,
2013-11-27,80.73999786376953,0.28,2.74,3.81,92.05,,,,
2013-11-29,80.68000030517578,0.28,2.75,3.82,92.55,,,,
2013-12-01,,,,,,234.719,0.2644169158479315,1.5128383667573297,6.7
2013-12-02,80.91000366210938,0.3,2.81,3.86,93.61,,,,
2013-12-03,80.62000274658203,0.28,2.79,3.84,95.83,,,,
2013-12-04,80.62999725341797,0.3,2.84,3.9,96.97,,,,
2013-12-05,80.2699966430664,0.3,2.88,3.92,97.14,,,,
2013-12-06,80.2699966430664,0.3,2.88,3.9,97.48,,,,
2013-12-09,80.12999725341797,0.3,2.86,3.88,97.1,,,,
2013-12-10,79.97000122070312,0.3,2.81,3.83,98.32,,,,
2013-12-11,79.88999938964844,0.31,2.86,3.87,97.25,,,,
2013-12-12,80.19999694824219,0.34,2.89,3.91,97.21,,,,
2013-12-13,80.20999908447266,0.34,2.88,3.88,96.27,,,,
2013-12-16,80.06999969482422,0.34,2.89,3.9,97.18,,,,
2013-12-17,80.05999755859375,0.34,2.85,3.88,96.99,,,,
2013-12-18,80.11000061035156,0.32,2.89,3.9,97.59,,,,
2013-12-19,80.62999725341797,0.35,2.94,3.91,98.4,,,,
2013-12-20,80.58000183105469,0.37,2.89,3.82,99.11,,,,
2013-12-23,80.44999694824219,0.38,2.94,3.85,98.62,,,,
2013-12-24,80.52999877929688,0.38,2.99,3.9,98.87,,,,
2013-12-26,80.4800033569336,0.42,3.0,3.92,99.18,,,,
2013-12-27,80.38999938964844,0.4,3.02,3.94,99.94,,,,
2013-12-30,80.0,0.39,2.99,3.9,98.9,,,,
2013-12-31,80.04000091552734,0.38,3.04,3.96,98.17,,,,
2014-01-01,,,,,,235.288,0.24241752904536895,1.557758795574915,6.6
2014-01-02,80.62999725341797,0.39,3.0,3.92,95.14,,,,
2014-01-03,80.79000091552734,0.41,3.01,3.93,93.66,,,,
2014-01-06,80.6500015258789,0.4,2.98,3.9,93.12,,,,
2014-01-07,80.83000183105469,0.4,2.96,3.88,93.31,,,,
2014-01-08,81.04000091552734,0.43,3.01,3.9,91.9,,,,
2014-01-09,81.01000213623047,0.44,2.97,3.88,91.36,,,,
2014-01-10,80.66000366210938,0.39,2.88,3.8,92.39,,,,
2014-01-13,80.51000213623047,0.39,2.84,3.77,91.45,,,,
2014-01-14,80.61000061035156,0.39,2.88,3.8,92.15,,,,
2014-01-15,81.0,0.41,2.9,3.81,93.78,,,,
2014-01-16,80.9000015258789,0.41,2.86,3.77,93.54,,,,
2014-01-17,81.26000213623047,0.4,2.84,3.75,93.96,,,,
2014-01-21,81.0999984741211,0.4,2.85,3.74,94.51,,,,
2014-01-22,81.16999816894531,0.44,2.87,3.75,96.35,,,,
2014-01-23,80.44000244140625,0.39,2.79,3.68,97.23,,,,
2014-01-24,80.45999908447266,0.37,2.75,3.64,96.66,,,,
2014-01-27,80.5,0.37,2.78,3.67,95.82,,,,
2014-01-28,80.56999969482422,0.38,2.77,3.68,97.49,,,,
2014-01-29,80.51000213623047,0.36,2.69,3.62,97.34,,,,
2014-01-30,81.08999633789062,0.36,2.72,3.65,98.25,,,,
2014-01-31,81.2699966430664,0.34,2.67,3.61,97.55,,,,
2014-02-01,,,,,,235.547,0.11007786202441583,1.1204746347724948,6.7
2014-02-03,81.01000213623047,0.3,2.61,3.55,96.44,,,,
2014-02-04,81.12000274658203,0.31,2.64,3.59,97.24,,,,
2014-02-05,81.02999877929688,0.32,2.7,3.66,97.4,,,,
2014-02-06,80.88999938964844,0.33,2.73,3.67,97.84,,,,
2014-02-07,80.69000244140625,0.3,2.71,3.67,99.98,,,,
2014-02-10,80.66999816894531,0.32,2.7,3.66,100.12,,,,
2014-02-11,80.62999725341797,0.35,2.75,3.69,99.96,,,,
2014-02-12,80.68000030517578,0.35,2.8,3.72,100.38,,,,
2014-02-13,80.29000091552734,0.32,2.73,3.7,100.27,,,,
2014-02-14,80.12999725341797,0.32,2.75,3.69,100.31,,,,
2014-02-18,80.01000213623047,0.31,2.71,3.68,102.54,,,,
2014-02-19,80.16999816894531,0.33,2.73,3.71,103.46,,,,
2014-02-20,80.29000091552734,0.34,2.76,3.73,103.2,,,,
2014-02-21,80.23999786376953,0.33,2.73,3.69,102.53,,,,
2014-02-24,80.20999908447266,0.35,2.75,3.7,103.17,,,,
2014-02-25,80.1500015258789,0.34,2.7,3.66,102.2,,,,
2014-02-26,80.41000366210938,0.33,2.67,3.63,102.93,,,,
2014-02-27,80.29000091552734,0.33,2.65,3.6,102.68,,,,
2014-02-28,79.77999877929688,0.33,2.66,3.59,102.88,,,,
2014-03-01,,,,,,236.028,0.204205530106516,1.6126949139408042,6.7
2014-03-03,80.06999969482422,0.32,2.6,3.55,105.34,,,,
2014-03-04,80.16000366210938,0.33,2.7,3.64,103.64,,,,
2014-03-05,80.11000061035156,0.33,2.7,3.64,101.75,,,,
2014-03-06,79.68000030517578,0.37,2.74,3.68,101.82,,,,
2014-03-07,79.72000122070312,0.38,2.8,3.72,102.82,,,,
2014-03-10,79.75,0.37,2.79,3.73,101.39,,,,
2014-03-11,79.7699966430664,0.37,2.77,3.7,100.29,,,,
2014-03-12,79.61000061035156,0.37,2.73,3.66,98.29,,,,
2014-03-13,79.62000274658203,0.34,2.66,3.6,98.57,,,,
2014-03-14,79.44000244140625,0.36,2.65,3.59,99.23,,,,
2014-03-17,79.38999938964844,0.38,2.7,3.63,98.43,,,,
2014-03-18,79.41000366210938,0.36,2.68,3.62,100.08,,,,
2014-03-19,79.98999786376953,0.47,2.78,3.66,100.71,,,,
2014-03-20,80.20999908447266,0.45,2.79,3.67,99.68,,,,
2014-03-21,80.11000061035156,0.45,2.75,3.61,99.97,,,,
2014-03-24,79.93000030517578,0.47,2.74,3.57,100.05,,,,
2014-03-25,79.94000244140625,0.47,2.75,3.59,99.66,,,,
2014-03-26,79.9800033569336,0.45,2.71,3.55,100.61,,,,
2014-03-27,80.11000061035156,0.45,2.69,3.52,101.25,,,,
2014-03-28,80.18000030517578,0.45,2.73,3.55,101.73,,,,
2014-03-31,80.0999984741211,0.44,2.73,3.56,101.57,,,,
2014-04-01,80.08000183105469,0.44,2.77,3.6,99.69,236.468,0.18641856050976013,2.015125303606169,6.2
2014-04-02,80.22000122070312,0.47,2.82,3.65,99.6,,,,
2014-04-03,80.47000122070312,0.46,2.8,3.62,100.29,,,,
2014-04-04,80.41999816894531,0.43,2.74,3.59,101.16,,,,
2014-04-07,80.22000122070312,0.41,2.71,3.56,100.43,,,,
2014-04-08,79.75,0.4,2.69,3.54,102.57,,,,
2014-04-09,79.4800033569336,0.37,2.71,3.57,103.55,,,,
2014-04-10,79.37999725341797,0.37,2.65,3.52,103.37,,,,
2014-04-11,79.44999694824219,0.37,2.63,3.48,103.68,,,,
2014-04-14,79.7300033569336,0.37,2.65,3.48,104.05,,,,
2014-04-15,79.80000305175781,0.39,2.64,3.46,103.7,,,,
2014-04-16,79.81999969482422,0.39,2.65,3.45,103.71,,,,
2014-04-17,79.83000183105469,0.43,2.73,3.52,104.33,,,,
2014-04-21,79.94999694824219,0.42,2.73,3.52,104.35,,,,
2014-04-22,79.91000366210938,0.45,2.73,3.5,101.69,,,,
2014-04-23,79.86000061035156,0.43,2.7,3.47,101.47,,,,
2014-04-24,79.80000305175781,0.43,2.7,3.46,102.2,,,,
2014-04-25,79.7699966430664,0.43,2.68,3.45,100.85,,,,
2014-04-28,79.68000030517578,0.44,2.7,3.47,101.13,,,,
2014-04-29,79.80999755859375,0.44,2.71,3.49,101.56,,,,
2014-04-30,79.48999786376953,0.42,2.67,3.47,100.07,,,,
2014-05-01,79.52999877929688,0.41,2.63,3.41,99.69,236.918,0.19030059035471947,2.166947687079812,6.3
2014-05-02,79.5199966430664,0.42,2.6,3.37,100.09,,,,
2014-05-05,79.48999786376953,0.43,2.63,3.41,99.74,,,,
2014-05-06,79.13999938964844,0.43,2.61,3.38,99.81,,,,
2014-05-07,79.22000122070312,0.41,2.62,3.4,101.06,,,,
2014-05-08,79.43000030517578,0.4,2.61,3.45,100.52,,,,
2014-05-09,79.9000015258789,0.4,2.62,3.47,100.32,,,,
2014-05-12,79.9000015258789,0.41,2.66,3.49,100.89,,,,
2014-05-13,80.13999938964844,0.39,2.61,3.45,102.01,,,,
2014-05-14,80.06999969482422,0.39,2.54,3.37,102.63,,,,
2014-05-15,80.0,0.38,2.5,3.33,101.74,,,,
2014-05-16,80.04000091552734,0.38,2.52,3.34,102.31,,,,
2014-05-19,79.98999786376953,0.36,2.54,3.39,102.95,,,,
2014-05-20,80.04000091552734,0.35,2.52,3.38,102.8,,,,
2014-05-21,80.0999984741211,0.37,2.54,3.42,104.31,,,,
2014-05-22,80.25,0.37,2.56,3.43,104.03,,,,
2014-05-23,80.38999938964844,0.37,2.54,3.4,105.01,,,,
2014-05-27,80.3499984741211,0.39,2.52,3.37,104.78,,,,
2014-05-28,80.56999969482422,0.37,2.44,3.29,103.37,,,,
2014-05-29,80.48999786376953,0.37,2.45,3.31,104.26,,,,
2014-05-30,80.37000274658203,0.37,2.48,3.33,103.4,,,,
2014-06-01,,,,,,237.231,0.1321132206079767,2.0589816945944195,6.1
2014-06-02,80.63999938964844,0.39,2.54,3.38,103.07,,,,
2014-06-03,80.55000305175781,0.41,2.6,3.43,103.34,,,,
2014-06-04,80.66999816894531,0.41,2.61,3.45,103.27,,,,
2014-06-05,80.37000274658203,0.4,2.59,3.44,103.17,,,,
2014-06-06,80.41000366210938,0.41,2.6,3.44,103.32,,,,
2014-06-09,80.6500015258789,0.43,2.62,3.45,105.09,,,,
2014-06-10,80.81999969482422,0.45,2.64,3.47,105.02,,,,
2014-06-11,80.79000091552734,0.44,2.65,3.47,105.04,,,,
2014-06-12,80.58000183105469,0.42,2.58,3.41,107.2,,,,
2014-06-13,80.58000183105469,0.45,2.6,3.41,107.49,,,,
2014-06-16,80.47000122070312,0.49,2.61,3.4,107.52,,,,
2014-06-17,80.62999725341797,0.51,2.66,3.44,106.95,,,,
2014-06-18,80.58000183105469,0.48,2.61,3.43,106.64,,,,
2014-06-19,80.31999969482422,0.48,2.64,3.47,107.08,,,,
2014-06-20,80.37000274658203,0.5,2.63,3.44,107.95,,,,
2014-06-23,80.26000213623047,0.48,2.63,3.45,106.83,,,,
2014-06-24,80.33000183105469,0.49,2.59,3.41,106.64,,,,
2014-06-25,80.22000122070312,0.48,2.57,3.38,107.04,,,,
2014-06-26,80.2300033569336,0.46,2.53,3.35,106.49,,,,
2014-06-27,80.04000091552734,0.45,2.54,3.36,106.46,,,,
2014-06-30,79.77999877929688,0.47,2.53,3.34,106.07,,,,
2014-07-01,79.81999969482422,0.47,2.58,3.4,106.06,237.498,0.11254852864928111,1.9742378703305974,6.2
2014-07-02,79.95999908447266,0.49,2.64,3.46,105.18,,,,
2014-07-03,80.20999908447266,0.52,2.65,3.47,104.76,,,,
2014-07-07,80.22000122070312,0.52,2.63,3.44,104.19,,,,
2014-07-08,80.18000030517578,0.51,2.58,3.38,104.06,,,,
2014-07-09,79.98999786376953,0.51,2.57,3.37,102.93,,,,
2014-07-10,80.12999725341797,0.46,2.55,3.38,103.61,,,,
2014-07-11,80.19000244140625,0.48,2.53,3.34,101.48,,,,
2014-07-14,80.19000244140625,0.48,2.55,3.36,101.73,,,,
2014-07-15,80.38999938964844,0.49,2.56,3.37,100.56,,,,
2014-07-16,80.55999755859375,0.5,2.55,3.35,101.88,,,,
2014-07-17,80.5199966430664,0.47,2.47,3.27,103.84,,,,
2014-07-18,80.5199966430664,0.51,2.5,3.29,103.83,,,,
2014-07-21,80.55999755859375,0.51,2.49,3.26,105.34,,,,
2014-07-22,80.77999877929688,0.49,2.48,3.25,104.59,,,,
2014-07-23,80.80999755859375,0.5,2.48,3.26,103.81,,,,
2014-07-24,80.87000274658203,0.53,2.52,3.3,102.76,,,,
2014-07-25,81.02999877929688,0.53,2.48,3.24,105.23,,,,
2014-07-28,81.02999877929688,0.54,2.5,3.26,105.68,,,,
2014-07-29,81.20999908447266,0.54,2.47,3.22,104.91,,,,
2014-07-30,81.41999816894531,0.56,2.57,3.31,104.29,,,,
2014-07-31,81.45999908447266,0.53,2.58,3.32,98.23,,,,
2014-08-01,81.30000305175781,0.47,2.52,3.29,97.86,237.46,-0.01600013473797013,1.7150983482969062,6.1
2014-08-04,81.33000183105469,0.47,2.51,3.3,98.26,,,,
2014-08-05,81.5199966430664,0.47,2.49,3.28,97.34,,,,
2014-08-06,81.44000244140625,0.48,2.49,3.27,96.93,,,,
2014-08-07,81.5199966430664,0.44,2.43,3.23,97.34,,,,
2014-08-08,81.38999938964844,0.45,2.44,3.23,97.61,,,,
2014-08-11,81.47000122070312,0.47,2.44,3.24,98.09,,,,
2014-08-12,81.5,0.45,2.46,3.27,97.36,,,,
2014-08-13,81.5999984741211,0.43,2.43,3.24,97.57,,,,
2014-08-14,81.58999633789062,0.42,2.4,3.2,95.54,,,,
2014-08-15,81.41999816894531,0.42,2.34,3.13,97.3,,,,
2014-08-18,81.58000183105469,0.44,2.39,3.2,96.44,,,,
2014-08-19,81.87999725341797,0.46,2.4,3.21,94.35,,,,
2014-08-20,82.25,0.49,2.43,3.22,96.4,,,,
2014-08-21,82.1500015258789,0.49,2.41,3.19,93.97,,,,
2014-08-22,82.33999633789062,0.53,2.4,3.16,93.61,,,,
2014-08-25,82.55000305175781,0.53,2.39,3.13,95.39,,,,
2014-08-26,82.6500015258789,0.52,2.39,3.15,95.78,,,,
2014-08-27,82.43000030517578,0.51,2.37,3.11,95.82,,,,
2014-08-28,82.4800033569336,0.5,2.34,3.08,96.44,,,,
2014-08-29,82.75,0.48,2.35,3.09,97.86,,,,
2014-09-01,,,,,,237.477,0.007159100480080838,1.6840509711232077,5.9
2014-09-02,82.98999786376953,0.53,2.42,3.17,92.92,,,,
2014-09-03,82.87000274658203,0.52,2.41,3.15,95.5,,,,
2014-09-04,83.81999969482422,0.54,2.45,3.21,94.51,,,,
2014-09-05,83.76000213623047,0.52,2.46,3.23,93.32,,,,
2014-09-08,84.2300033569336,0.54,2.48,3.23,92.64,,,,
2014-09-09,84.27999877929688,0.56,2.5,3.23,92.73,,,,
2014-09-10,84.25,0.58,2.54,3.26,91.71,,,,
2014-09-11,84.30000305175781,0.58,2.54,3.27,92.89,,,,
2014-09-12,84.23999786376953,0.58,2.62,3.35,92.18,,,,
2014-09-15,84.26000213623047,0.58,2.6,3.34,92.86,,,,
2014-09-16,84.06999969482422,0.55,2.6,3.36,94.91,,,,
2014-09-17,84.69999694824219,0.59,2.62,3.37,94.33,,,,
2014-09-18,84.31999969482422,0.59,2.63,3.36,93.07,,,,
2014-09-19,84.80000305175781,0.59,2.59,3.29,92.43,,,,
2014-09-22,84.66999816894531,0.58,2.57,3.28,91.46,,,,
2014-09-23,84.66000366210938,0.57,2.54,3.25,91.55,,,,
2014-09-24,85.05000305175781,0.59,2.57,3.28,93.6,,,,
2014-09-25,85.19999694824219,0.56,2.52,3.22,93.59,,,,
2014-09-26,85.63999938964844,0.59,2.54,3.22,95.55,,,,
2014-09-29,85.58999633789062,0.58,2.5,3.18,94.53,,,,
2014-09-30,85.94000244140625,0.58,2.52,3.21,91.17,,,,
2014-10-01,85.97000122070312,0.53,2.42,3.12,90.74,237.43,-0.019791390324119806,1.6095417021513292,5.7
2014-10-02,85.5999984741211,0.53,2.44,3.15,91.02,,,,
2014-10-03,86.69000244140625,0.57,2.45,3.13,89.76,,,,
2014-10-06,85.70999908447266,0.54,2.43,3.12,90.33,,,,
2014-10-07,85.66999816894531,0.52,2.36,3.06,88.89,,,,
2014-10-08,85.30000305175781,0.46,2.35,3.07,87.29,,,,
2014-10-09,85.5199966430664,0.46,2.34,3.07,85.76,,,,
2014-10-10,85.91000366210938,0.45,2.31,3.03,85.87,,,,
2014-10-13,85.43000030517578,,,,85.73,,,,
2014-10-14,85.81999969482422,0.39,2.21,2.95,81.72,,,,
2014-10-15,85.1500015258789,0.34,2.15,2.92,81.82,,,,
2014-10-16,85.0,0.35,2.17,2.94,82.33,,,,
2014-10-17,85.19000244140625,0.39,2.22,2.98,82.8,,,,
2014-10-20,84.94999694824219,0.37,2.2,2.96,82.76,,,,
2014-10-21,85.30999755859375,0.38,2.23,3.0,83.25,,,,
2014-10-22,85.73999786376953,0.41,2.25,3.01,80.52,,,,
2014-10-23,85.83999633789062,0.41,2.29,3.05,82.81,,,,
2014-10-24,85.7300033569336,0.41,2.29,3.05,81.27,,,,
2014-10-27,85.5,0.41,2.27,3.04,81.26,,,,
2014-10-28,85.41000366210938,0.42,2.3,3.06,81.36,,,,
2014-10-29,85.94999694824219,0.48,2.34,3.06,82.25,,,,
2014-10-30,86.1500015258789,0.48,2.32,3.04,81.06,,,,
2014-10-31,86.87999725341797,0.5,2.35,3.07,80.53,,,,
2014-11-01,,,,,,236.983,-0.18826601524659647,1.231524989320798,5.8
2014-11-03,87.30999755859375,0.52,2.36,3.07,78.77,,,,
2014-11-04,86.9800033569336,0.52,2.35,3.05,77.15,,,,
2014-11-05,87.44000244140625,0.52,2.36,3.06,78.71,,,,
2014-11-06,88.01000213623047,0.54,2.39,3.09,77.87,,,,
2014-11-07,87.63999938964844,0.51,2.32,3.04,78.71,,,,
2014-11-10,87.80999755859375,0.55,2.38,3.09,77.43,,,,
2014-11-11,87.52999877929688,,,,77.85,,,,
2014-11-12,87.81999969482422,0.55,2.37,3.09,77.16,,,,
2014-11-13,87.66999816894531,0.53,2.35,3.08,74.13,,,,
2014-11-14,87.52999877929688,0.54,2.32,3.04,75.91,,,,
2014-11-17,87.93000030517578,0.54,2.34,3.06,75.64,,,,
2014-11-18,87.58000183105469,0.53,2.32,3.05,74.55,,,,
2014-11-19,87.6500015258789,0.54,2.36,3.08,74.55,,,,
2014-11-20,87.58999633789062,0.53,2.34,3.05,75.63,,,,
2014-11-21,88.30999755859375,0.53,2.31,3.02,76.52,,,,
2014-11-24,88.1500015258789,0.53,2.3,3.01,75.74,,,,
2014-11-25,87.91999816894531,0.51,2.27,2.97,74.04,,,,
2014-11-26,87.61000061035156,0.53,2.24,2.95,73.7,,,,
2014-11-28,88.36000061035156,0.47,2.18,2.89,65.94,,,,
2014-12-01,87.94999694824219,0.49,2.22,2.95,68.98,236.252,-0.30846094445592387,0.6531213919623191,5.6
2014-12-02,88.6500015258789,0.55,2.28,3.0,66.99,,,,
2014-12-03,88.95999908447266,0.57,2.29,2.99,67.3,,,,
2014-12-04,88.69999694824219,0.55,2.25,2.94,66.73,,,,
2014-12-05,89.33000183105469,0.65,2.31,2.97,65.89,,,,
2014-12-08,89.04000091552734,0.64,2.26,2.9,63.13,,,,
2014-12-09,88.69000244140625,0.64,2.22,2.87,63.74,,,,
2014-12-10,88.2699966430664,0.59,2.18,2.83,60.99,,,,
2014-12-11,88.66000366210938,0.62,2.19,2.84,60.01,,,,
2014-12-12,88.36000061035156,0.56,2.1,2.75,57.81,,,,
2014-12-15,88.45999908447266,0.6,2.12,2.74,55.96,,,,
2014-12-16,88.12999725341797,0.58,2.07,2.69,55.97,,,,
2014-12-17,89.12999725341797,0.62,2.14,2.74,56.43,,,,
2014-12-18,89.23999786376953,0.67,2.22,2.82,54.18,,,,
2014-12-19,89.5999984741211,0.67,2.17,2.77,56.91,,,,
2014-12-22,89.7699966430664,0.71,2.17,2.75,55.25,,,,
2014-12-23,90.05999755859375,0.73,2.26,2.85,56.78,,,,
2014-12-24,89.97000122070312,0.73,2.27,2.83,55.7,,,,
2014-12-26,90.02999877929688,0.73,2.25,2.81,54.59,,,,
2014-12-29,90.19000244140625,0.72,2.22,2.78,53.46,,,,
2014-12-30,89.98999786376953,0.69,2.2,2.76,54.14,,,,
2014-12-31,90.2699966430664,0.67,2.17,2.75,53.45,,,,
2015-01-01,,,,,,234.747,-0.6370316441765556,-0.22993097820542818,5.7
2015-01-02,91.08000183105469,0.66,2.12,2.69,52.72,,,,
2015-01-05,91.37999725341797,0.68,2.04,2.6,50.05,,,,
2015-01-06,91.5,0.65,1.97,2.52,47.98,,,,
2015-01-07,91.88999938964844,0.62,1.96,2.52,48.69,,,,
2015-01-08,92.37000274658203,0.62,2.03,2.59,48.8,,,,
2015-01-09,91.94000244140625,0.59,1.98,2.55,48.35,,,,
2015-01-12,91.9800033569336,0.56,1.92,2.49,46.06,,,,
2015-01-13,92.30999755859375,0.54,1.91,2.49,45.92,,,,
2015-01-14,92.16000366210938,0.51,1.86,2.47,48.49,,,,
2015-01-15,92.3499984741211,0.44,1.77,2.4,46.37,,,,
2015-01-16,92.5199966430664,0.49,1.83,2.44,48.49,,,,
2015-01-20,93.05000305175781,0.53,1.82,2.39,46.79,,,,
2015-01-21,92.9000015258789,0.53,1.87,2.44,47.85,,,,
2015-01-22,94.23999786376953,0.53,1.9,2.46,45.93,,,,
2015-01-23,95.0,0.52,1.81,2.38,45.26,,,,
2015-01-26,94.80000305175781,0.54,1.83,2.4,44.8,,,,
2015-01-27,94.0199966430664,0.54,1.83,2.4,45.84,,,,
2015-01-28,94.47000122070312,0.5,1.73,2.29,44.08,,,,
2015-01-29,94.77999877929688,0.51,1.77,2.33,44.12,,,,
2015-01-30,94.80000305175781,0.47,1.68,2.25,47.79,,,,
2015-02-01,,,,,,235.342,0.25346436802173855,-0.08703146293520536,5.5
2015-02-02,94.5,0.49,1.68,2.25,49.25,,,,
2015-02-03,93.5999984741211,0.52,1.79,2.37,53.04,,,,
2015-02-04,93.98999786376953,0.52,1.81,2.39,48.45,,,,
2015-02-05,94.69999694824219,0.52,1.83,2.42,50.48,,,,
2015-02-06,94.69999694824219,0.65,1.95,2.51,51.66,,,,
2015-02-09,94.44999694824219,0.65,1.96,2.52,52.99,,,,
2015-02-10,94.76000213623047,0.67,2.01,2.58,50.06,,,,
2015-02-11,94.98999786376953,0.67,2.0,2.57,48.8,,,,
2015-02-12,94.08999633789062,0.61,1.99,2.58,51.17,,,,
2015-02-13,94.19999694824219,0.66,2.02,2.63,52.66,,,,
2015-02-17,94.05999755859375,0.7,2.14,2.73,53.56,,,,
2015-02-18,94.19999694824219,0.62,2.07,2.7,52.13,,,,
2015-02-19,94.4000015258789,0.67,2.11,2.73,51.12,,,,
2015-02-20,94.25,0.67,2.13,2.73,49.95,,,,
2015-02-23,94.56999969482422,0.64,2.06,2.66,49.56,,,,
2015-02-24,94.48999786376953,0.6,1.99,2.6,48.48,,,,
2015-02-25,94.20999908447266,0.61,1.96,2.56,50.25,,,,
2015-02-26,95.29000091552734,0.66,2.03,2.63,47.65,,,,
2015-02-27,95.25,0.63,2.0,2.6,49.84,,,,
2015-03-01,,,,,,235.976,0.26939517808124425,-0.022031284423873476,5.4
2015-03-02,95.45999908447266,0.66,2.08,2.68,49.59,,,,
2015-03-03,95.37999725341797,0.68,2.12,2.71,50.43,,,,
2015-03-04,95.97000122070312,0.66,2.12,2.72,51.53,,,,
2015-03-05,96.37999725341797,0.65,2.11,2.71,50.76,,,,
2015-03-06,97.62000274658203,0.73,2.24,2.83,49.61,,,,
2015-03-09,97.58999633789062,0.7,2.2,2.8,49.95,,,,
2015-03-10,98.62000274658203,0.7,2.14,2.73,48.42,,,,
2015-03-11,99.80000305175781,0.7,2.11,2.69,48.06,,,,
2015-03-12,99.1500015258789,0.67,2.1,2.69,47.12,,,,
2015-03-13,100.33000183105469,0.68,2.13,2.7,44.88,,,,
2015-03-16,99.5999984741211,0.66,2.1,2.67,43.93,,,,
2015-03-17,99.58999633789062,0.7,2.06,2.61,43.39,,,,
2015-03-18,98.55000305175781,0.57,1.93,2.51,44.63,,,,
2015-03-19,99.0999984741211,0.63,1.98,2.54,44.02,,,,
2015-03-20,97.91000366210938,0.6,1.93,2.5,46.0,,,,
2015-03-23,97.02999877929688,0.6,1.92,2.51,47.4,,,,
2015-03-24,97.19000244140625,0.58,1.88,2.46,47.03,,,,
2015-03-25,96.9800033569336,0.59,1.93,2.5,48.75,,,,
2015-03-26,97.44000244140625,0.61,2.01,2.6,51.41,,,,
2015-03-27,97.29000091552734,0.58,1.95,2.53,48.83,,,,
2015-03-30,97.9800033569336,0.58,1.96,2.55,48.66,,,,
2015-03-31,98.36000061035156,0.56,1.94,2.54,47.72,,,,
2015-04-01,98.19000244140625,0.55,1.87,2.47,50.12,236.222,0.10424788961589382,-0.10403098939391064,5.4
2015-04-02,97.44000244140625,0.55,1.92,2.53,49.13,,,,
2015-04-03,,0.49,1.85,2.49,,,,,
2015-04-06,97.11000061035156,0.51,1.92,2.57,52.08,,,,
2015-04-07,97.83000183105469,0.52,1.89,2.52,53.95,,,,
2015-04-08,98.06999969482422,0.54,1.92,2.53,50.44,,,,
2015-04-09,99.16000366210938,0.56,1.97,2.61,50.79,,,,
2015-04-10,99.38999938964844,0.57,1.96,2.58,51.63,,,,
2015-04-13,99.48999786376953,0.54,1.94,2.58,51.95,,,,
2015-04-14,98.76000213623047,0.53,1.9,2.54,53.3,,,,
2015-04-15,98.33000183105469,0.51,1.91,2.55,56.25,,,,
2015-04-16,97.41999816894531,0.5,1.9,2.56,56.69,,,,
2015-04-17,97.5199966430664,0.51,1.87,2.51,55.71,,,,
2015-04-20,97.94000244140625,0.55,1.9,2.56,56.37,,,,
2015-04-21,97.9800033569336,0.55,1.92,2.58,55.58,,,,
2015-04-22,98.0199966430664,0.57,1.99,2.66,56.17,,,,
2015-04-23,97.27999877929688,0.55,1.96,2.63,56.59,,,,
2015-04-24,96.91999816894531,0.54,1.93,2.62,55.98,,,,
2015-04-27,96.7699966430664,0.54,1.94,2.61,55.56,,,,
2015-04-28,96.08999633789062,0.56,2.0,2.68,57.05,,,,
2015-04-29,95.12000274658203,0.56,2.06,2.76,58.55,,,,
2015-04-30,94.5999984741211,0.58,2.05,2.75,59.62,,,,
2015-05-01,95.30000305175781,0.6,2.12,2.82,59.1,237.001,0.3297745341246827,0.03503321824429584,5.6
2015-05-04,95.4800033569336,0.6,2.16,2.88,58.92,,,,
2015-05-05,95.12999725341797,0.62,2.19,2.9,60.38,,,,
2015-05-06,94.12999725341797,0.65,2.25,2.98,60.93,,,,
2015-05-07,94.62000274658203,0.63,2.18,2.9,58.99,,,,
2015-05-08,94.79000091552734,0.59,2.16,2.9,59.41,,,,
2015-05-11,95.01000213623047,0.62,2.28,3.03,59.23,,,,
2015-05-12,94.52999877929688,0.61,2.28,3.02,60.72,,,,
2015-05-13,93.62000274658203,0.59,2.27,3.07,60.5,,,,
2015-05-14,93.36000061035156,0.56,2.23,3.03,59.89,,,,
2015-05-15,93.13999938964844,0.55,2.14,2.93,59.73,,,,
2015-05-18,94.19000244140625,0.58,2.23,3.02,59.44,,,,
2015-05-19,95.2699966430664,0.63,2.27,3.05,57.3,,,,
2015-05-20,95.44999694824219,0.6,2.26,3.06,58.96,,,,
2015-05-21,95.26000213623047,0.6,2.19,2.98,60.18,,,,
2015-05-22,96.01000213623047,0.64,2.21,2.99,58.88,,,,
2015-05-26,97.30000305175781,0.64,2.14,2.89,57.29,,,,
2015-05-27,97.37000274658203,0.64,2.14,2.88,57.51,,,,
2015-05-28,96.97000122070312,0.62,2.13,2.89,57.69,,,,
2015-05-29,96.91000366210938,0.61,2.12,2.88,60.25,,,,
2015-06-01,97.38999938964844,0.64,2.19,2.94,60.24,237.657,0.27679208104607333,0.1795718097550525,5.3
2015-06-02,95.83999633789062,0.64,2.27,3.02,61.3,,,,
2015-06-03,95.47000122070312,0.69,2.38,3.11,59.67,,,,
2015-06-04,95.45999908447266,0.66,2.31,3.03,58.0,,,,
2015-06-05,96.30999755859375,0.73,2.41,3.11,59.11,,,,
2015-06-08,95.30000305175781,0.7,2.39,3.11,58.15,,,,
2015-06-09,95.16999816894531,0.72,2.42,3.15,60.15,,,,
2015-06-10,94.6500015258789,0.75,2.5,3.22,61.36,,,,
2015-06-11,94.9800033569336,0.73,2.39,3.11,60.74,,,,
2015-06-12,94.97000122070312,0.74,2.39,3.1,59.96,,,,
2015-06-15,94.80999755859375,0.72,2.36,3.09,59.53,,,,
2015-06-16,95.0,0.71,2.32,3.06,60.01,,,,
2015-06-17,94.30000305175781,0.67,2.32,3.09,59.89,,,,
2015-06-18,94.04000091552734,0.66,2.35,3.14,60.41,,,,
2015-06-19,94.08999633789062,0.65,2.26,3.05,59.62,,,,
2015-06-22,94.33000183105469,0.68,2.37,3.16,60.01,,,,
2015-06-23,95.43000030517578,0.7,2.42,3.2,61.05,,,,
2015-06-24,95.26000213623047,0.68,2.38,3.16,60.01,,,,
2015-06-25,95.19000244140625,0.68,2.4,3.16,59.59,,,,
2015-06-26,95.47000122070312,0.72,2.49,3.25,59.41,,,,
2015-06-29,94.79000091552734,0.64,2.33,3.09,58.34,,,,
2015-06-30,95.48999786376953,0.64,2.35,3.11,59.48,,,,
2015-07-01,96.30999755859375,0.69,2.43,3.2,56.94,238.034,0.15863197801873063,0.22568611104094582,5.2
2015-07-02,96.11000061035156,0.64,2.4,3.19,56.93,,,,
2015-07-06,96.30000305175781,0.6,2.3,3.08,52.48,,,,
2015-07-07,96.87000274658203,0.58,2.27,3.04,52.33,,,,
2015-07-08,96.29000091552734,0.55,2.22,2.99,51.61,,,,
2015-07-09,96.61000061035156,0.6,2.32,3.11,52.76,,,,
2015-07-10,96.02999877929688,0.65,2.42,3.2,52.74,,,,
2015-07-13,96.86000061035156,0.69,2.44,3.21,52.19,,,,
2015-07-14,96.63999938964844,0.66,2.41,3.2,53.05,,,,
2015-07-15,97.12999725341797,0.64,2.36,3.13,51.4,,,,
2015-07-16,97.66000366210938,0.67,2.36,3.11,50.9,,,,
2015-07-17,97.86000061035156,0.68,2.34,3.08,50.88,,,,
2015-07-20,98.02999877929688,0.71,2.38,3.1,50.11,,,,
2015-07-21,97.33000183105469,0.71,2.35,3.08,50.59,,,,
2015-07-22,97.5999984741211,0.75,2.33,3.04,49.27,,,,
2015-07-23,97.12000274658203,0.71,2.28,2.98,48.11,,,,
2015-07-24,97.23999786376953,0.7,2.27,2.96,47.98,,,,
2015-07-27,96.5,0.68,2.23,2.93,47.17,,,,
2015-07-28,96.7699966430664,0.69,2.26,2.96,47.97,,,,
2015-07-29,96.9800033569336,0.7,2.29,2.99,48.77,,,,
2015-07-30,97.55999755859375,0.72,2.28,2.96,48.53,,,,
2015-07-31,97.37000274658203,0.67,2.2,2.92,47.11,,,,
2015-08-01,,,,,,238.033,-0.000420108051790713,0.2413037985344868,5.1
2015-08-03,97.48999786376953,0.68,2.16,2.86,45.25,,,,
2015-08-04,97.93000030517578,0.74,2.23,2.9,45.75,,,,
2015-08-05,97.95999908447266,0.73,2.28,2.94,45.13,,,,
2015-08-06,97.83000183105469,0.71,2.23,2.9,44.69,,,,
2015-08-07,97.55999755859375,0.73,2.18,2.83,43.87,,,,
2015-08-10,97.16000366210938,0.73,2.24,2.89,44.94,,,,
2015-08-11,97.29000091552734,0.68,2.15,2.81,43.11,,,,
2015-08-12,96.26000213623047,0.67,2.14,2.84,43.22,,,,
2015-08-13,96.44999694824219,0.72,2.19,2.86,42.27,,,,
2015-08-14,96.56999969482422,0.73,2.2,2.84,42.45,,,,
2015-08-17,96.81999969482422,0.72,2.16,2.81,41.93,,,,
2015-08-18,96.97000122070312,0.74,2.2,2.87,42.58,,,,
2015-08-19,96.45999908447266,0.67,2.12,2.81,40.75,,,,
2015-08-20,95.75,0.69,2.09,2.76,41.0,,,,
2015-08-21,94.83000183105469,0.64,2.05,2.74,40.45,,,,
2015-08-24,93.30999755859375,0.59,2.01,2.73,38.22,,,,
2015-08-25,94.52999877929688,0.67,2.12,2.84,39.15,,,,
2015-08-26,95.0999984741211,0.67,2.18,2.94,38.5,,,,
2015-08-27,95.61000061035156,0.68,2.18,2.93,42.47,,,,
2015-08-28,96.11000061035156,0.72,2.19,2.92,45.29,,,,
2015-08-31,95.94999694824219,0.74,2.21,2.95,49.2,,,,
2015-09-01,95.44999694824219,0.7,2.17,2.93,45.38,237.498,-0.22475875193775918,0.008842961634170088,5.0
2015-09-02,95.83000183105469,0.72,2.2,2.97,46.3,,,,
2015-09-03,96.41000366210938,0.71,2.18,2.95,46.75,,,,
2015-09-04,96.2300033569336,0.71,2.13,2.89,46.02,,,,
2015-09-08,95.87999725341797,0.74,2.2,2.97,45.92,,,,
2015-09-09,96.01000213623047,0.75,2.21,2.96,44.13,,,,
2015-09-10,95.45999908447266,0.75,2.23,2.98,45.85,,,,
2015-09-11,95.19000244140625,0.71,2.2,2.95,44.75,,,,
2015-09-14,95.25,0.73,2.18,2.95,44.07,,,,
2015-09-15,95.61000061035156,0.82,2.28,3.06,44.58,,,,
2015-09-16,95.41999816894531,0.82,2.3,3.08,47.12,,,,
2015-09-17,94.55000305175781,0.7,2.21,3.02,46.93,,,,
2015-09-18,94.86000061035156,0.69,2.13,2.93,44.71,,,,
2015-09-21,95.88999938964844,0.72,2.2,3.02,46.67,,,,
2015-09-22,96.27999877929688,0.69,2.14,2.94,46.17,,,,
2015-09-23,96.06999969482422,0.7,2.16,2.95,44.53,,,,
2015-09-24,95.98999786376953,0.67,2.13,2.91,44.94,,,,
2015-09-25,96.2699966430664,0.7,2.17,2.96,45.55,,,,
2015-09-28,96.02999877929688,0.67,2.1,2.87,44.4,,,,
2015-09-29,95.88999938964844,0.64,2.05,2.85,45.24,,,,
2015-09-30,96.3499984741211,0.64,2.06,2.87,45.06,,,,
2015-10-01,96.19000244140625,0.64,2.05,2.85,44.75,237.733,0.09894820166906904,0.12761656067050708,5.0
2015-10-02,95.83000183105469,0.58,1.99,2.82,45.54,,,,
2015-10-05,96.11000061035156,0.61,2.07,2.9,46.28,,,,
2015-10-06,95.45999908447266,0.61,2.05,2.88,48.53,,,,
2015-10-07,95.5,0.65,2.08,2.89,47.86,,,,
2015-10-08,95.31999969482422,0.65,2.12,2.96,49.46,,,,
2015-10-09,94.80999755859375,0.65,2.12,2.94,49.67,,,,
2015-10-12,94.83999633789062,,,,47.09,,,,
2015-10-13,94.76000213623047,0.64,2.06,2.89,46.7,,,,
2015-10-14,93.93000030517578,0.57,1.99,2.84,46.63,,,,
2015-10-15,94.37000274658203,0.61,2.04,2.87,46.38,,,,
2015-10-16,94.54000091552734,0.61,2.04,2.87,47.3,,,,
2015-10-19,94.95999908447266,0.61,2.04,2.89,45.91,,,,
2015-10-20,94.8499984741211,0.66,2.08,2.92,45.84,,,,
2015-10-21,95.05000305175781,0.64,2.04,2.87,45.22,,,,
2015-10-22,96.33999633789062,0.61,2.04,2.87,44.9,,,,
2015-10-23,97.06999969482422,0.66,2.09,2.9,43.91,,,,
2015-10-26,96.86000061035156,0.66,2.07,2.87,43.19,,,,
2015-10-27,96.91000366210938,0.65,2.05,2.86,43.21,,,,
2015-10-28,97.77999877929688,0.73,2.1,2.87,45.93,,,,
2015-10-29,97.27999877929688,0.75,2.19,2.96,46.02,,,,
2015-10-30,96.94999694824219,0.75,2.16,2.93,46.6,,,,
2015-11-01,,,,,,238.017,0.11946174910508756,0.4363182169185187,5.1
2015-11-02,96.93000030517578,0.77,2.2,2.95,46.12,,,,
2015-11-03,97.16000366210938,0.8,2.23,3.0,47.88,,,,
2015-11-04,97.94999694824219,0.84,2.25,3.0,46.32,,,,
2015-11-05,97.94000244140625,0.85,2.26,3.01,45.27,,,,
2015-11-06,99.16000366210938,0.9,2.34,3.09,44.32,,,,
2015-11-09,98.9800033569336,0.89,2.36,3.12,43.87,,,,
2015-11-10,99.29000091552734,0.87,2.32,3.1,44.23,,,,
2015-11-11,99.01000213623047,,,,42.95,,,,
2015-11-12,98.6500015258789,0.89,2.32,3.09,41.74,,,,
2015-11-13,98.98999786376953,0.86,2.28,3.06,40.69,,,,
2015-11-16,99.44000244140625,0.88,2.27,3.07,41.68,,,,
2015-11-17,99.62999725341797,0.86,2.25,3.04,40.73,,,,
2015-11-18,99.6500015258789,0.9,2.27,3.04,40.75,,,,
2015-11-19,98.98999786376953,0.91,2.24,3.0,40.55,,,,
2015-11-20,99.56999969482422,0.93,2.26,3.02,39.39,,,,
2015-11-23,99.80000305175781,0.94,2.25,3.0,39.27,,,,
2015-11-24,99.52999877929688,0.93,2.24,3.0,40.89,,,,
2015-11-25,99.80000305175781,0.93,2.23,3.0,41.22,,,,
2015-11-27,100.0199966430664,0.92,2.22,3.0,40.57,,,,
2015-11-30,100.16999816894531,0.94,2.21,2.98,40.43,,,,
2015-12-01,99.80000305175781,0.91,2.15,2.91,40.58,237.761,-0.10755534268560574,0.6387247515364791,5.0
2015-12-02,99.98999786376953,0.94,2.18,2.91,39.93,,,,
2015-12-03,97.62000274658203,0.96,2.33,3.07,41.08,,,,
2015-12-04,98.3499984741211,0.96,2.28,3.01,40.0,,,,
2015-12-07,98.66000366210938,0.94,2.23,2.95,37.64,,,,
2015-12-08,98.47000122070312,0.94,2.24,2.97,37.46,,,,
2015-12-09,97.3499984741211,0.93,2.22,2.97,37.16,,,,
2015-12-10,97.94000244140625,0.95,2.24,2.98,36.76,,,,
2015-12-11,97.56999969482422,0.88,2.13,2.87,35.65,,,,
2015-12-14,97.5999984741211,0.97,2.23,2.96,36.31,,,,
2015-12-15,98.22000122070312,0.98,2.28,3.0,37.32,,,,
2015-12-16,97.87000274658203,1.02,2.3,3.02,35.55,,,,
2015-12-17,99.2699966430664,1.0,2.24,2.94,34.98,,,,
2015-12-18,98.69999694824219,0.97,2.19,2.9,34.72,,,,
2015-12-21,98.45999908447266,0.96,2.2,2.92,34.55,,,,
2015-12-22,98.23999786376953,0.99,2.24,2.96,36.12,,,,
2015-12-23,98.33999633789062,1.01,2.27,3.0,36.76,,,,
2015-12-24,97.9800033569336,1.03,2.25,2.96,37.62,,,,
2015-12-28,97.91999816894531,1.05,2.24,2.95,36.36,,,,
2015-12-29,98.0999984741211,1.09,2.32,3.04,37.88,,,,
2015-12-30,98.2699966430664,1.08,2.31,3.04,36.59,,,,
2015-12-31,98.62999725341797,1.06,2.27,3.01,37.13,,,,
2016-01-01,,,,,,237.652,-0.04584435630738959,1.2375025026943876,4.8
2016-01-04,98.87000274658203,1.02,2.24,2.98,36.81,,,,
2016-01-05,99.4000015258789,1.04,2.25,3.01,35.97,,,,
2016-01-06,99.18000030517578,0.99,2.18,2.94,33.97,,,,
2016-01-07,98.22000122070312,0.96,2.16,2.92,33.29,,,,
2016-01-08,98.54000091552734,0.94,2.13,2.91,33.2,,,,
2016-01-11,98.7300033569336,0.94,2.17,2.96,31.42,,,,
2016-01-12,98.97000122070312,0.93,2.12,2.89,30.42,,,,
2016-01-13,98.93000030517578,0.91,2.08,2.85,30.42,,,,
2016-01-14,99.08999633789062,0.9,2.1,2.9,31.22,,,,
2016-01-15,98.95999908447266,0.85,2.03,2.81,29.45,,,,
2016-01-18,99.12000274658203,,,,,,,,
2016-01-19,98.98999786376953,0.88,2.06,2.82,28.47,,,,
2016-01-20,99.08999633789062,0.85,2.01,2.77,26.68,,,,
2016-01-21,99.05999755859375,0.84,2.02,2.79,29.55,,,,
2016-01-22,99.56999969482422,0.88,2.07,2.83,32.07,,,,
2016-01-25,99.36000061035156,0.88,2.03,2.8,30.31,,,,
2016-01-26,99.36000061035156,0.85,2.01,2.79,29.54,,,,
2016-01-27,98.9000015258789,0.84,2.02,2.8,32.32,,,,
2016-01-28,98.51000213623047,0.83,2.0,2.79,33.21,,,,
2016-01-29,99.61000061035156,0.76,1.94,2.75,33.66,,,,
2016-02-01,99.0,0.81,1.97,2.77,31.62,237.336,-0.13296753235823022,0.8472775790126619,4.9
2016-02-02,98.87000274658203,0.75,1.87,2.67,29.9,,,,
2016-02-03,97.29000091552734,0.72,1.88,2.7,32.29,,,,
2016-02-04,96.47000122070312,0.7,1.87,2.7,31.63,,,,
2016-02-05,97.02999877929688,0.74,1.86,2.68,30.86,,,,
2016-02-08,96.56999969482422,0.66,1.75,2.56,29.71,,,,
2016-02-09,96.06999969482422,0.69,1.74,2.55,27.96,,,,
2016-02-10,95.88999938964844,0.71,1.71,2.53,27.54,,,,
2016-02-11,95.55999755859375,0.64,1.63,2.5,26.19,,,,
2016-02-12,95.9800033569336,0.71,1.74,2.6,29.32,,,,
2016-02-16,96.87000274658203,0.74,1.78,2.64,29.05,,,,
2016-02-17,96.79000091552734,0.74,1.81,2.68,30.68,,,,
2016-02-18,96.94999694824219,0.71,1.75,2.62,30.77,,,,
2016-02-19,96.5999984741211,0.76,1.76,2.61,29.59,,,,
2016-02-22,97.37999725341797,0.78,1.77,2.62,31.37,,,,
2016-02-23,97.4800033569336,0.76,1.74,2.6,31.84,,,,
2016-02-24,97.45999908447266,0.75,1.75,2.61,30.35,,,,
2016-02-25,97.29000091552734,0.72,1.71,2.58,31.4,,,,
2016-02-26,98.1500015258789,0.8,1.76,2.63,31.65,,,,
2016-02-29,98.20999908447266,0.78,1.74,2.61,32.74,,,,
2016-03-01,98.3499984741211,0.85,1.83,2.7,34.39,238.08,0.31347962382444194,0.8916160965521946,5.0
2016-03-02,98.20999908447266,0.85,1.84,2.69,34.57,,,,
2016-03-03,97.56999969482422,0.85,1.83,2.65,34.56,,,,
2016-03-04,97.33999633789062,0.88,1.88,2.7,35.91,,,,
2016-03-07,97.06999969482422,0.91,1.91,2.71,37.9,,,,
2016-03-08,97.20999908447266,0.88,1.83,2.63,36.67,,,,
2016-03-09,97.16999816894531,0.9,1.9,2.68,37.62,,,,
2016-03-10,96.06999969482422,0.93,1.93,2.7,37.77,,,,
2016-03-11,96.16999816894531,0.97,1.98,2.75,38.51,,,,
2016-03-14,96.62000274658203,0.97,1.97,2.74,37.2,,,,
2016-03-15,96.62999725341797,0.98,1.97,2.73,36.32,,,,
2016-03-16,95.88999938964844,0.87,1.94,2.73,38.43,,,,
2016-03-17,94.76000213623047,0.87,1.91,2.69,40.17,,,,
2016-03-18,94.98999786376953,0.84,1.88,2.68,39.47,,,,
2016-03-21,95.29000091552734,0.87,1.92,2.72,39.91,,,,
2016-03-22,95.6500015258789,0.91,1.94,2.72,41.45,,,,
2016-03-23,96.05000305175781,0.87,1.88,2.65,38.28,,,,
2016-03-24,96.13999938964844,0.89,1.91,2.67,38.14,,,,
2016-03-28,95.94000244140625,0.89,1.89,2.66,37.99,,,,
2016-03-29,95.16000366210938,0.78,1.81,2.6,36.91,,,,
2016-03-30,94.83999633789062,0.76,1.83,2.65,36.91,,,,
2016-03-31,94.58999633789062,0.73,1.78,2.61,36.94,,,,
2016-04-01,94.62000274658203,0.76,1.79,2.62,35.36,238.992,0.38306451612901693,1.1726257503534843,5.1
2016-04-04,94.51000213623047,0.75,1.78,2.6,34.3,,,,
2016-04-05,94.62999725341797,0.72,1.73,2.54,34.52,,,,
2016-04-06,94.43000030517578,0.73,1.76,2.58,37.74,,,,
2016-04-07,94.4800033569336,0.7,1.7,2.52,37.3,,,,
2016-04-08,94.23999786376953,0.7,1.72,2.55,39.74,,,,
2016-04-11,93.94999694824219,0.7,1.73,2.56,40.46,,,,
2016-04-12,93.95999908447266,0.74,1.79,2.61,42.12,,,,
2016-04-13,94.73999786376953,0.75,1.77,2.58,41.7,,,,
2016-04-14,94.9000015258789,0.77,1.8,2.61,41.45,,,,
2016-04-15,94.69999694824219,0.74,1.76,2.56,40.4,,,,
2016-04-18,94.48999786376953,0.75,1.78,2.58,39.74,,,,
2016-04-19,93.9800033569336,0.77,1.79,2.6,40.88,,,,
2016-04-20,94.48999786376953,0.8,1.85,2.66,42.72,,,,
2016-04-21,94.5999984741211,0.82,1.88,2.69,43.18,,,,
2016-04-22,95.12000274658203,0.84,1.89,2.7,42.76,,,,
2016-04-25,94.83999633789062,0.85,1.91,2.72,41.67,,,,
2016-04-26,94.56999969482422,0.86,1.94,2.76,42.52,,,,
2016-04-27,94.38999938964844,0.83,1.87,2.71,45.29,,,,
2016-04-28,93.76000213623047,0.78,1.84,2.68,46.03,,,,
2016-04-29,93.08000183105469,0.77,1.83,2.66,45.98,,,,
2016-05-01,,,,,,239.557,0.23640958693178504,1.0784764621246223,4.8
2016-05-02,92.62999725341797,0.8,1.88,2.71,44.75,,,,
2016-05-03,92.94000244140625,0.75,1.81,2.66,43.65,,,,
2016-05-04,93.18000030517578,0.75,1.79,2.64,43.77,,,,
2016-05-05,93.77999877929688,0.72,1.76,2.6,44.33,,,,
2016-05-06,93.88999938964844,0.74,1.79,2.62,44.58,,,,
2016-05-09,94.1500015258789,0.72,1.77,2.61,43.45,,,,
2016-05-10,94.29000091552734,0.72,1.77,2.61,44.68,,,,
2016-05-11,93.81999969482422,0.74,1.73,2.58,46.21,,,,
2016-05-12,94.13999938964844,0.76,1.75,2.6,46.64,,,,
2016-05-13,94.61000061035156,0.76,1.71,2.55,46.22,,,,
2016-05-16,94.56999969482422,0.79,1.75,2.59,47.72,,,,
2016-05-17,94.55000305175781,0.82,1.76,2.59,48.29,,,,
2016-05-18,95.08000183105469,0.9,1.87,2.67,48.12,,,,
2016-05-19,95.29000091552734,0.89,1.85,2.64,48.16,,,,
2016-05-20,95.30999755859375,0.89,1.85,2.63,47.67,,,,
2016-05-23,95.2300033569336,0.91,1.84,2.63,48.12,,,,
2016-05-24,95.56999969482422,0.92,1.86,2.65,48.04,,,,
2016-05-25,95.3499984741211,0.92,1.87,2.67,49.1,,,,
2016-05-26,95.16999816894531,0.87,1.83,2.64,49.0,,,,
2016-05-27,95.5199966430664,0.9,1.85,2.65,49.36,,,,
2016-05-31,95.88999938964844,0.87,1.84,2.64,49.1,,,,
2016-06-01,95.45999908447266,0.91,1.85,2.63,49.07,240.222,0.2775957287827202,1.0792865347959424,4.9
2016-06-02,95.55999755859375,0.89,1.81,2.58,49.14,,,,
2016-06-03,94.02999877929688,0.78,1.71,2.52,48.69,,,,
2016-06-06,93.9000015258789,0.8,1.73,2.55,49.71,,,,
2016-06-07,93.83000183105469,0.78,1.72,2.54,50.37,,,,
2016-06-08,93.58999633789062,0.78,1.71,2.51,51.23,,,,
2016-06-09,94.0999984741211,0.77,1.68,2.48,50.52,,,,
2016-06-10,94.5999984741211,0.73,1.64,2.44,49.09,,,,
2016-06-13,94.37000274658203,0.73,1.62,2.43,48.89,,,,
2016-06-14,94.93000030517578,0.74,1.62,2.43,48.49,,,,
2016-06-15,94.61000061035156,0.69,1.6,2.43,47.92,,,,
2016-06-16,94.56999969482422,0.7,1.57,2.39,46.14,,,,
2016-06-17,94.20999908447266,0.7,1.62,2.43,48.0,,,,
2016-06-20,93.61000061035156,0.74,1.67,2.47,49.4,,,,
2016-06-21,94.0199966430664,0.76,1.71,2.5,48.95,,,,
2016-06-22,93.72000122070312,0.75,1.69,2.5,49.16,,,,
2016-06-23,93.52999877929688,0.78,1.74,2.55,49.34,,,,
2016-06-24,95.44999694824219,0.64,1.57,2.42,46.7,,,,
2016-06-27,96.54000091552734,0.61,1.46,2.28,45.8,,,,
2016-06-28,96.25,0.61,1.46,2.27,47.93,,,,
2016-06-29,95.7699966430664,0.62,1.5,2.3,49.85,,,,
2016-06-30,96.13999938964844,0.58,1.49,2.3,48.27,,,,
2016-07-01,95.6500015258789,0.59,1.46,2.24,49.02,240.101,-0.05037007434789409,0.8683633430518256,4.8
2016-07-05,96.16999816894531,0.56,1.37,2.14,46.73,,,,
2016-07-06,96.05999755859375,0.58,1.38,2.14,47.37,,,,
2016-07-07,96.33000183105469,0.58,1.4,2.14,45.22,,,,
2016-07-08,96.30000305175781,0.61,1.37,2.11,45.37,,,,
2016-07-11,96.56999969482422,0.66,1.43,2.14,44.73,,,,
2016-07-12,96.44000244140625,0.69,1.53,2.24,46.82,,,,
2016-07-13,96.22000122070312,0.68,1.48,2.18,44.87,,,,
2016-07-14,96.08000183105469,0.68,1.53,2.25,45.64,,,,
2016-07-15,96.58000183105469,0.71,1.6,2.3,45.93,,,,
2016-07-18,96.55999755859375,0.68,1.59,2.3,45.23,,,,
2016-07-19,97.05000305175781,0.7,1.56,2.27,44.64,,,,
2016-07-20,97.19999694824219,0.73,1.59,2.3,44.96,,,,
2016-07-21,97.0,0.7,1.57,2.29,43.96,,,,
2016-07-22,97.47000122070312,0.71,1.57,2.29,43.41,,,,
2016-07-25,97.29000091552734,0.72,1.58,2.29,42.4,,,,
2016-07-26,97.16000366210938,0.75,1.57,2.28,42.16,,,,
2016-07-27,97.05000305175781,0.73,1.52,2.23,41.9,,,,
2016-07-28,96.73999786376953,0.72,1.52,2.23,41.13,,,,
2016-07-29,95.52999877929688,0.67,1.46,2.18,41.54,,,,
2016-08-01,95.70999908447266,0.67,1.51,2.24,40.05,240.545,0.18492217858316895,1.0553158595656864,4.9
2016-08-02,95.05999755859375,0.67,1.55,2.29,39.5,,,,
2016-08-03,95.55999755859375,0.67,1.55,2.29,40.8,,,,
2016-08-04,95.76000213623047,0.64,1.51,2.25,41.92,,,,
2016-08-05,96.19000244140625,0.72,1.59,2.32,41.83,,,,
2016-08-08,96.4000015258789,0.74,1.59,2.3,43.06,,,,
2016-08-09,96.18000030517578,0.71,1.55,2.25,42.78,,,,
2016-08-10,95.6500015258789,0.69,1.5,2.23,41.75,,,,
2016-08-11,95.86000061035156,0.76,1.57,2.28,43.51,,,,
2016-08-12,95.72000122070312,0.71,1.51,2.23,44.47,,,,
2016-08-15,95.62999725341797,0.72,1.55,2.27,45.72,,,,
2016-08-16,94.79000091552734,0.76,1.57,2.29,46.57,,,,
2016-08-17,94.72000122070312,0.74,1.56,2.27,46.81,,,,
2016-08-18,94.16000366210938,0.71,1.53,2.26,48.2,,,,
2016-08-19,94.51000213623047,0.76,1.58,2.29,48.48,,,,
2016-08-22,94.5199966430664,0.76,1.55,2.24,46.8,,,,
2016-08-23,94.54000091552734,0.74,1.55,2.24,47.54,,,,
2016-08-24,94.79000091552734,0.76,1.56,2.24,46.29,,,,
2016-08-25,94.7699966430664,0.78,1.58,2.27,46.97,,,,
2016-08-26,95.56999969482422,0.84,1.62,2.29,47.64,,,,
2016-08-29,95.58000183105469,0.81,1.57,2.22,46.97,,,,
2016-08-30,96.05000305175781,0.8,1.57,2.23,46.32,,,,
2016-08-31,96.0199966430664,0.8,1.58,2.23,44.68,,,,
2016-09-01,95.6500015258789,0.78,1.57,2.23,43.17,241.176,0.26232097944252075,1.5486446201652182,5.0
2016-09-02,95.87999725341797,0.8,1.6,2.28,44.39,,,,
2016-09-06,94.81999969482422,0.74,1.55,2.24,44.85,,,,
2016-09-07,94.95999908447266,0.74,1.54,2.23,45.47,,,,
2016-09-08,95.02999877929688,0.78,1.61,2.32,47.63,,,,
2016-09-09,95.33999633789062,0.79,1.67,2.39,45.88,,,,
2016-09-12,95.0999984741211,0.79,1.68,2.4,46.28,,,,
2016-09-13,95.62999725341797,0.8,1.73,2.47,44.91,,,,
2016-09-14,95.33000183105469,0.77,1.7,2.44,43.62,,,,
2016-09-15,95.29000091552734,0.74,1.71,2.48,43.85,,,,
2016-09-16,96.11000061035156,0.77,1.7,2.44,43.04,,,,
2016-09-19,95.83999633789062,0.79,1.7,2.45,43.34,,,,
2016-09-20,96.0199966430664,0.79,1.69,2.43,43.85,,,,
2016-09-21,95.66000366210938,0.79,1.66,2.39,45.33,,,,
2016-09-22,95.44999694824219,0.79,1.63,2.34,46.1,,,,
2016-09-23,95.4800033569336,0.77,1.62,2.34,44.36,,,,
2016-09-26,95.30999755859375,0.76,1.59,2.32,45.6,,,,
2016-09-27,95.44000244140625,0.75,1.56,2.28,44.65,,,,
2016-09-28,95.43000030517578,0.75,1.57,2.29,47.07,,,,
2016-09-29,95.54000091552734,0.73,1.56,2.28,47.72,,,,
2016-09-30,95.45999908447266,0.77,1.6,2.32,47.72,,,,
2016-10-01,,,,,,241.741,0.23426874979268764,1.685924966243646,4.9
2016-10-03,95.75,0.8,1.63,2.34,48.8,,,,
2016-10-04,96.12000274658203,0.82,1.69,2.4,48.67,,,,
2016-10-05,96.12999725341797,0.85,1.72,2.44,49.75,,,,
2016-10-06,96.66000366210938,0.86,1.75,2.46,50.44,,,,
2016-10-07,96.5199966430664,0.83,1.73,2.46,49.76,,,,
2016-10-10,,,,,49.76,,,,
2016-10-11,97.69999694824219,0.87,1.77,2.5,50.72,,,,
2016-10-12,97.97000122070312,0.87,1.79,2.51,50.14,,,,
2016-10-13,97.5199966430664,0.85,1.75,2.48,50.47,,,,
2016-10-14,98.0199966430664,0.84,1.8,2.55,50.35,,,,
2016-10-17,97.88999938964844,0.81,1.77,2.52,49.97,,,,
2016-10-18,97.9000015258789,0.82,1.75,2.51,50.3,,,,
2016-10-19,97.87000274658203,0.81,1.76,2.51,51.59,,,,
2016-10-20,98.31999969482422,0.84,1.76,2.5,50.31,,,,
2016-10-21,98.69999694824219,0.84,1.74,2.48,50.61,,,,
2016-10-24,98.66999816894531,0.84,1.77,2.52,50.18,,,,
2016-10-25,98.72000122070312,0.86,1.77,2.5,49.45,,,,
2016-10-26,98.62999725341797,0.86,1.79,2.53,48.75,,,,
2016-10-27,98.88999938964844,0.87,1.85,2.6,49.71,,,,
2016-10-28,98.3499984741211,0.86,1.86,2.62,48.72,,,,
2016-10-31,98.44999694824219,0.86,1.84,2.58,46.83,,,,
2016-11-01,97.69999694824219,0.83,1.83,2.58,46.66,242.026,0.11789477167711837,1.6843334719788938,4.7
2016-11-02,97.4000015258789,0.81,1.81,2.56,45.32,,,,
2016-11-03,97.16000366210938,0.81,1.82,2.6,44.66,,,,
2016-11-04,97.06999969482422,0.8,1.79,2.56,44.07,,,,
2016-11-07,97.77999877929688,0.82,1.83,2.6,44.88,,,,
2016-11-08,97.86000061035156,0.87,1.88,2.63,44.96,,,,
2016-11-09,98.5,0.9,2.07,2.88,45.2,,,,
2016-11-10,98.79000091552734,0.92,2.15,2.94,44.62,,,,
2016-11-11,,,,,43.39,,,,
2016-11-14,100.11000061035156,1.0,2.23,2.99,43.29,,,,
2016-11-15,100.19000244140625,1.02,2.23,2.97,45.86,,,,
2016-11-16,100.41000366210938,1.0,2.22,2.92,45.56,,,,
2016-11-17,100.88999938964844,1.04,2.29,3.01,45.37,,,,
2016-11-18,101.20999908447266,1.07,2.34,3.01,45.69,,,,
2016-11-21,101.05000305175781,1.08,2.33,3.0,47.48,,,,
2016-11-22,101.04000091552734,1.07,2.31,3.0,48.07,,,,
2016-11-23,101.69999694824219,1.12,2.36,3.02,46.72,,,,
2016-11-25,101.48999786376953,1.12,2.36,3.01,46.72,,,,
2016-11-28,101.33000183105469,1.11,2.32,2.99,45.66,,,,
2016-11-29,100.93000030517578,1.09,2.3,2.95,45.29,,,,
2016-11-30,101.5,1.11,2.37,3.02,49.41,,,,
2016-12-01,101.04000091552734,1.14,2.45,3.1,51.08,242.637,0.2524522158776188,2.0507989115119862,4.7
2016-12-02,100.7699966430664,1.11,2.4,3.08,51.7,,,,
2016-12-05,100.13999938964844,1.13,2.39,3.05,51.72,,,,
2016-12-06,100.48999786376953,1.12,2.39,3.08,50.95,,,,
2016-12-07,100.2300033569336,1.1,2.34,3.02,49.85,,,,
2016-12-08,101.06999969482422,1.12,2.4,3.1,50.84,,,,
2016-12-09,101.56999969482422,1.15,2.47,3.16,51.51,,,,
2016-12-12,100.95999908447266,1.15,2.49,3.16,52.74,,,,
2016-12-13,101.02999877929688,1.17,2.48,3.14,52.99,,,,
2016-12-14,102.0,1.27,2.54,3.14,51.01,,,,
2016-12-15,103.12999725341797,1.29,2.6,3.16,50.9,,,,
2016-12-16,102.94999694824219,1.28,2.6,3.19,51.93,,,,
2016-12-19,103.13999938964844,1.24,2.54,3.12,52.13,,,,
2016-12-20,103.29000091552734,1.25,2.57,3.15,52.22,,,,
2016-12-21,103.0199966430664,1.21,2.55,3.12,51.44,,,,
2016-12-22,103.08999633789062,1.22,2.55,3.12,51.98,,,,
2016-12-23,103.01000213623047,1.22,2.55,3.12,52.01,,,,
2016-12-27,103.0199966430664,1.28,2.57,3.14,52.82,,,,
2016-12-28,103.26000213623047,1.26,2.51,3.09,54.01,,,,
2016-12-29,102.68000030517578,1.22,2.49,3.08,53.8,,,,
2016-12-30,102.38999938964844,1.2,2.45,3.06,53.75,,,,
2017-01-01,,,,,,243.618,0.4043076694815628,2.5103933482571117,4.7
2017-01-03,103.20999908447266,1.22,2.45,3.04,52.36,,,,
2017-01-04,102.69999694824219,1.24,2.46,3.05,53.26,,,,
2017-01-05,101.5199966430664,1.17,2.37,2.96,53.77,,,,
2017-01-06,102.22000122070312,1.22,2.42,3.0,53.98,,,,
2017-01-09,101.93000030517578,1.21,2.38,2.97,51.95,,,,
2017-01-10,102.01000213623047,1.19,2.38,2.97,50.82,,,,
2017-01-11,101.77999877929688,1.2,2.38,2.96,52.19,,,,
2017-01-12,101.3499984741211,1.18,2.36,3.01,53.01,,,,
2017-01-13,101.18000030517578,1.21,2.4,2.99,52.36,,,,
2017-01-17,100.33000183105469,1.17,2.33,2.93,52.45,,,,
2017-01-18,100.93000030517578,1.23,2.42,3.0,51.12,,,,
2017-01-19,101.1500015258789,1.25,2.47,3.04,51.39,,,,
2017-01-20,100.73999786376953,1.2,2.48,3.05,52.33,,,,
2017-01-23,100.16000366210938,1.16,2.41,2.99,52.77,,,,
2017-01-24,100.3499984741211,1.21,2.47,3.05,52.38,,,,
2017-01-25,100.02999877929688,1.23,2.53,3.1,52.14,,,,
2017-01-26,100.37999725341797,1.21,2.51,3.08,53.24,,,,
2017-01-27,100.52999877929688,1.22,2.49,3.06,53.18,,,,
2017-01-30,100.43000030517578,1.22,2.49,3.08,52.63,,,,
2017-01-31,99.51000213623047,1.19,2.45,3.05,52.75,,,,
2017-02-01,99.63999938964844,1.22,2.48,3.08,53.9,244.006,0.15926573570097524,2.8103616813294208,4.6
2017-02-02,99.8499984741211,1.21,2.48,3.09,53.55,,,,
2017-02-03,99.87000274658203,1.21,2.49,3.11,53.81,,,,
2017-02-06,99.91000366210938,1.16,2.42,3.05,53.01,,,,
2017-02-07,100.26000213623047,1.16,2.4,3.02,52.19,,,,
2017-02-08,100.27999877929688,1.15,2.34,2.96,52.37,,,,
2017-02-09,100.6500015258789,1.2,2.4,3.02,52.99,,,,
2017-02-10,100.80000305175781,1.2,2.41,3.01,53.84,,,,
2017-02-13,100.95999908447266,1.2,2.43,3.03,52.96,,,,
2017-02-14,101.25,1.25,2.47,3.07,53.21,,,,
2017-02-15,101.18000030517578,1.27,2.51,3.09,53.11,,,,
2017-02-16,100.44000244140625,1.22,2.45,3.05,53.41,,,,
2017-02-17,100.94999694824219,1.21,2.42,3.03,53.41,,,,
2017-02-21,101.37000274658203,1.22,2.43,3.04,54.02,,,,
2017-02-22,101.33000183105469,1.22,2.42,3.04,53.61,,,,
2017-02-23,101.05000305175781,1.18,2.38,3.02,54.48,,,,
2017-02-24,101.08999633789062,1.12,2.31,2.95,53.99,,,,
2017-02-27,101.12999725341797,1.2,2.36,2.98,54.04,,,,
2017-02-28,101.12000274658203,1.22,2.36,2.97,54.0,,,,
2017-03-01,101.77999877929688,1.29,2.46,3.06,53.82,243.892,-0.04672016261895173,2.44119623655914,4.4
2017-03-02,102.19999694824219,1.32,2.49,3.09,52.63,,,,
2017-03-03,101.54000091552734,1.32,2.49,3.08,53.33,,,,
2017-03-06,101.63999938964844,1.31,2.49,3.1,53.19,,,,
2017-03-07,101.80999755859375,1.32,2.52,3.11,52.68,,,,
2017-03-08,102.06999969482422,1.36,2.57,3.15,49.83,,,,
2017-03-09,101.8499984741211,1.37,2.6,3.19,48.75,,,,
2017-03-10,101.25,1.36,2.58,3.16,48.05,,,,
2017-03-13,101.37999725341797,1.4,2.62,3.2,47.95,,,,
2017-03-14,101.69999694824219,1.4,2.6,3.17,47.24,,,,
2017-03-15,100.73999786376953,1.33,2.51,3.11,48.34,,,,
2017-03-16,100.2699966430664,1.35,2.53,3.14,48.3,,,,
2017-03-17,100.30000305175781,1.33,2.5,3.11,48.34,,,,
2017-03-20,100.41000366210938,1.3,2.47,3.08,47.79,,,,
2017-03-21,99.80999755859375,1.27,2.43,3.04,47.02,,,,
2017-03-22,99.68000030517578,1.27,2.4,3.02,47.29,,,,
2017-03-23,99.76000213623047,1.26,2.41,3.02,47.0,,,,
2017-03-24,99.62999725341797,1.26,2.4,3.0,47.3,,,,
2017-03-27,99.16999816894531,1.27,2.38,2.98,47.02,,,,
2017-03-28,99.70999908447266,1.3,2.42,3.02,48.36,,,,
2017-03-29,100.0,1.26,2.39,2.99,49.47,,,,
2017-03-30,100.41000366210938,1.28,2.42,3.03,50.3,,,,
2017-03-31,100.3499984741211,1.27,2.4,3.02,50.54,,,,
2017-04-01,,,,,,244.193,0.12341528217407749,2.176223471915395,4.4
2017-04-03,100.54000091552734,1.24,2.35,2.98,50.25,,,,
2017-04-04,100.54000091552734,1.25,2.36,2.99,50.99,,,,
2017-04-05,100.55999755859375,1.24,2.34,2.98,51.14,,,,
2017-04-06,100.66999816894531,1.24,2.34,2.99,51.69,,,,
2017-04-07,101.18000030517578,1.29,2.38,3.0,52.25,,,,
2017-04-10,101.0199966430664,1.29,2.37,2.99,53.06,,,,
2017-04-11,100.70999908447266,1.24,2.32,2.93,53.38,,,,
2017-04-12,100.77999877929688,1.24,2.28,2.92,53.12,,,,
2017-04-13,100.55999755859375,1.21,2.24,2.89,53.19,,,,
2017-04-17,100.30000305175781,1.21,2.26,2.92,52.62,,,,
2017-04-18,99.5,1.18,2.18,2.84,52.46,,,,
2017-04-19,99.73999786376953,1.19,2.21,2.87,50.49,,,,
2017-04-20,99.77999877929688,1.21,2.24,2.89,50.26,,,,
2017-04-21,99.9800033569336,1.2,2.24,2.89,49.64,,,,
2017-04-24,99.08999633789062,1.25,2.28,2.93,48.9,,,,
2017-04-25,98.81999969482422,1.29,2.35,2.99,49.22,,,,
2017-04-26,98.95999908447266,1.28,2.32,2.97,49.22,,,,
2017-04-27,99.08000183105469,1.25,2.3,2.96,48.96,,,,
2017-04-28,99.05000305175781,1.28,2.29,2.96,49.31,,,,
2017-05-01,99.13999938964844,1.28,2.33,3.0,48.83,244.004,-0.07739779600562935,1.8563431667619756,4.4
2017-05-02,98.9800033569336,1.27,2.29,2.97,47.65,,,,
2017-05-03,99.20999908447266,1.3,2.33,2.97,47.79,,,,
2017-05-04,98.76000213623047,1.32,2.36,3.0,45.55,,,,
2017-05-05,98.6500015258789,1.32,2.36,2.99,46.23,,,,
2017-05-08,99.1500015258789,1.33,2.39,3.02,46.46,,,,
2017-05-09,99.58999633789062,1.37,2.42,3.04,45.84,,,,
2017-05-10,99.66999816894531,1.35,2.41,3.03,47.28,,,,
2017-05-11,99.62000274658203,1.35,2.39,3.03,47.81,,,,
2017-05-12,99.25,1.29,2.33,2.98,47.83,,,,
2017-05-15,98.91000366210938,1.31,2.34,3.0,48.86,,,,
2017-05-16,98.11000061035156,1.29,2.33,2.99,48.64,,,,
2017-05-17,97.41999816894531,1.26,2.22,2.91,49.04,,,,
2017-05-18,97.87999725341797,1.27,2.23,2.9,49.36,,,,
2017-05-19,97.1500015258789,1.28,2.23,2.9,50.32,,,,
2017-05-22,96.9800033569336,1.29,2.25,2.91,50.81,,,,
2017-05-23,97.3499984741211,1.31,2.29,2.95,51.12,,,,
2017-05-24,97.23999786376953,1.29,2.26,2.92,50.99,,,,
2017-05-25,97.25,1.3,2.25,2.92,48.57,,,,
2017-05-26,97.4000015258789,1.3,2.25,2.92,49.58,,,,
2017-05-30,97.27999877929688,1.28,2.21,2.88,49.63,,,,
2017-05-31,96.91999816894531,1.28,2.21,2.87,48.29,,,,
2017-06-01,97.19999694824219,1.28,2.21,2.87,48.32,244.163,0.0651628661825221,1.640565809959127,4.3
2017-06-02,96.72000122070312,1.28,2.15,2.8,47.68,,,,
2017-06-05,96.80000305175781,1.32,2.18,2.84,47.4,,,,
2017-06-06,96.63999938964844,1.3,2.14,2.81,48.13,,,,
2017-06-07,96.75,1.32,2.18,2.84,45.8,,,,
2017-06-08,96.91999816894531,1.33,2.19,2.85,45.68,,,,
2017-06-09,97.2699966430664,1.35,2.21,2.86,45.82,,,,
2017-06-12,97.13999938964844,1.35,2.21,2.86,46.1,,,,
2017-06-13,96.9800033569336,1.38,2.21,2.87,46.41,,,,
2017-06-14,96.94000244140625,1.35,2.15,2.79,44.79,,,,
2017-06-15,97.43000030517578,1.35,2.16,2.78,44.47,,,,
2017-06-16,97.16000366210938,1.32,2.16,2.78,44.73,,,,
2017-06-19,97.52999877929688,1.36,2.19,2.79,44.24,,,,
2017-06-20,97.75,1.36,2.16,2.74,43.34,,,,
2017-06-21,97.55999755859375,1.36,2.16,2.73,42.48,,,,
2017-06-22,97.54000091552734,1.34,2.15,2.72,42.53,,,,
2017-06-23,97.30000305175781,1.34,2.15,2.71,42.86,,,,
2017-06-26,97.43000030517578,1.36,2.14,2.7,43.24,,,,
2017-06-27,96.47000122070312,1.38,2.21,2.75,44.25,,,,
2017-06-28,96.05000305175781,1.34,2.22,2.77,44.74,,,,
2017-06-29,95.62999725341797,1.38,2.27,2.82,44.88,,,,
2017-06-30,95.66000366210938,1.38,2.31,2.84,46.02,,,,
2017-07-01,,,,,,244.243,0.03276499715354486,1.7251073506566073,4.3
2017-07-03,96.19999694824219,1.41,2.35,2.86,,,,,
2017-07-05,96.29000091552734,1.41,2.33,2.85,45.11,,,,
2017-07-06,95.81999969482422,1.4,2.37,2.9,45.52,,,,
2017-07-07,96.01000213623047,1.4,2.39,2.93,44.25,,,,
2017-07-10,96.05000305175781,1.4,2.38,2.93,44.4,,,,
2017-07-11,95.73999786376953,1.37,2.37,2.92,45.06,,,,
2017-07-12,95.79000091552734,1.35,2.33,2.89,45.48,,,,
2017-07-13,95.7300033569336,1.37,2.35,2.92,46.06,,,,
2017-07-14,95.11000061035156,1.35,2.33,2.91,46.53,,,,
2017-07-17,95.12999725341797,1.36,2.31,2.89,46.02,,,,
2017-07-18,94.66000366210938,1.36,2.27,2.85,46.4,,,,
2017-07-19,94.80000305175781,1.37,2.27,2.85,47.1,,,,
2017-07-20,94.2699966430664,1.37,2.27,2.83,46.73,,,,
2017-07-21,93.94000244140625,1.36,2.24,2.81,45.78,,,,
2017-07-24,93.9800033569336,1.37,2.26,2.83,46.21,,,,
2017-07-25,94.05000305175781,1.4,2.33,2.91,47.77,,,,
2017-07-26,93.66999816894531,1.36,2.29,2.89,48.58,,,,
2017-07-27,93.86000061035156,1.36,2.32,2.93,49.05,,,,
2017-07-28,93.26000213623047,1.34,2.3,2.89,49.72,,,,
2017-07-31,92.86000061035156,1.34,2.3,2.89,50.21,,,,
2017-08-01,93.02999877929688,1.34,2.26,2.86,49.19,245.183,0.38486261632881824,1.92812155729698,4.4
2017-08-02,92.83000183105469,1.36,2.27,2.85,49.6,,,,
2017-08-03,92.80999755859375,1.34,2.24,2.81,49.03,,,,
2017-08-04,93.54000091552734,1.36,2.27,2.84,49.57,,,,
2017-08-07,93.43000030517578,1.36,2.26,2.84,49.37,,,,
2017-08-08,93.63999938964844,1.36,2.29,2.86,49.07,,,,
2017-08-09,93.5199966430664,1.33,2.24,2.82,49.59,,,,
2017-08-10,93.4000015258789,1.33,2.2,2.79,48.54,,,,
2017-08-11,93.06999969482422,1.3,2.19,2.79,48.81,,,,
2017-08-14,93.45999908447266,1.33,2.22,2.81,47.59,,,,
2017-08-15,93.8499984741211,1.35,2.27,2.84,47.57,,,,
2017-08-16,93.48999786376953,1.33,2.23,2.81,46.8,,,,
2017-08-17,93.62000274658203,1.32,2.19,2.78,47.07,,,,
2017-08-18,93.43000030517578,1.33,2.19,2.78,48.59,,,,
2017-08-21,93.0999984741211,1.32,2.18,2.77,47.39,,,,
2017-08-22,93.55000305175781,1.33,2.22,2.79,47.65,,,,
2017-08-23,93.1500015258789,1.32,2.17,2.75,48.45,,,,
2017-08-24,93.27999877929688,1.33,2.19,2.77,47.24,,,,
2017-08-25,92.73999786376953,1.35,2.17,2.75,47.65,,,,
2017-08-28,92.20999908447266,1.33,2.16,2.76,46.4,,,,
2017-08-29,92.3499984741211,1.33,2.13,2.74,46.46,,,,
2017-08-30,92.87999725341797,1.33,2.15,2.75,45.96,,,,
2017-08-31,92.66999816894531,1.33,2.12,2.73,47.26,,,,
2017-09-01,92.80999755859375,1.35,2.16,2.77,47.32,246.435,0.5106389920997767,2.1805652303711787,4.3
2017-09-05,92.30999755859375,1.3,2.07,2.69,48.63,,,,
2017-09-06,92.29000091552734,1.3,2.1,2.72,49.13,,,,
2017-09-07,91.52999877929688,1.27,2.05,2.66,49.1,,,,
2017-09-08,91.33000183105469,1.27,2.06,2.67,47.44,,,,
2017-09-11,91.86000061035156,1.32,2.14,2.75,48.06,,,,
2017-09-12,91.91000366210938,1.33,2.17,2.78,48.21,,,,
2017-09-13,92.5199966430664,1.35,2.2,2.79,49.3,,,,
2017-09-14,92.12000274658203,1.37,2.2,2.77,49.86,,,,
2017-09-15,91.87000274658203,1.39,2.2,2.77,49.9,,,,
2017-09-18,92.05000305175781,1.4,2.23,2.8,49.88,,,,
2017-09-19,91.79000091552734,1.4,2.24,2.81,49.54,,,,
2017-09-20,92.51000213623047,1.45,2.28,2.82,50.29,,,,
2017-09-21,92.26000213623047,1.45,2.27,2.8,50.58,,,,
2017-09-22,92.16999816894531,1.46,2.26,2.8,50.33,,,,
2017-09-25,92.6500015258789,1.44,2.22,2.76,51.85,,,,
2017-09-26,92.97000122070312,1.45,2.24,2.78,51.59,,,,
2017-09-27,93.36000061035156,1.47,2.31,2.86,52.14,,,,
2017-09-28,93.08999633789062,1.45,2.31,2.87,51.62,,,,
2017-09-29,93.08000183105469,1.47,2.33,2.86,51.67,,,,
2017-10-01,,,,,,246.626,0.07750522450138408,2.020757753132485,4.2
2017-10-02,93.55999755859375,1.49,2.34,2.87,50.59,,,,
2017-10-03,93.56999969482422,1.47,2.33,2.87,50.44,,,,
2017-10-04,93.45999908447266,1.47,2.33,2.87,50.0,,,,
2017-10-05,93.95999908447266,1.49,2.35,2.89,50.79,,,,
2017-10-06,93.80000305175781,1.54,2.37,2.91,49.34,,,,
2017-10-09,93.73999786376953,,,,49.58,,,,
2017-10-10,93.29000091552734,1.51,2.35,2.88,50.93,,,,
2017-10-11,92.95999908447266,1.51,2.35,2.88,51.3,,,,
2017-10-12,93.12000274658203,1.51,2.33,2.86,50.61,,,,
2017-10-13,93.08999633789062,1.51,2.28,2.81,51.43,,,,
2017-10-16,93.27999877929688,1.54,2.3,2.82,51.86,,,,
2017-10-17,93.48999786376953,1.54,2.3,2.8,51.87,,,,
2017-10-18,93.36000061035156,1.59,2.34,2.85,52.05,,,,
2017-10-19,93.2699966430664,1.58,2.33,2.83,51.29,,,,
2017-10-20,93.69999694824219,1.6,2.39,2.89,51.63,,,,
2017-10-23,93.94000244140625,1.58,2.38,2.89,51.91,,,,
2017-10-24,93.95999908447266,1.6,2.42,2.92,52.32,,,,
2017-10-25,93.70999908447266,1.61,2.44,2.95,51.97,,,,
2017-10-26,94.61000061035156,1.63,2.46,2.96,52.41,,,,
2017-10-27,94.91999816894531,1.59,2.42,2.93,53.92,,,,
2017-10-30,94.48999786376953,1.58,2.37,2.88,54.11,,,,
2017-10-31,94.55000305175781,1.6,2.38,2.88,54.36,,,,
2017-11-01,94.81999969482422,1.61,2.37,2.85,54.32,247.284,0.2668007428251684,2.172493864295566,4.2
2017-11-02,94.69000244140625,1.61,2.35,2.83,54.55,,,,
2017-11-03,94.94000244140625,1.63,2.34,2.82,55.63,,,,
2017-11-06,94.72000122070312,1.61,2.32,2.8,57.34,,,,
2017-11-07,94.91000366210938,1.63,2.32,2.77,57.19,,,,
2017-11-08,94.87000274658203,1.65,2.32,2.79,56.82,,,,
2017-11-09,94.44000244140625,1.63,2.33,2.81,57.16,,,,
2017-11-10,94.38999938964844,1.67,2.4,2.88,56.75,,,,
2017-11-13,94.48999786376953,1.7,2.4,2.87,56.77,,,,
2017-11-14,93.83000183105469,1.68,2.38,2.84,55.67,,,,
2017-11-15,93.80999755859375,1.68,2.33,2.77,55.28,,,,
2017-11-16,93.93000030517578,1.72,2.37,2.81,55.14,,,,
2017-11-17,93.66000366210938,1.73,2.35,2.78,56.21,,,,
2017-11-20,94.08000183105469,1.77,2.37,2.78,56.21,,,,
2017-11-21,93.94999694824219,1.77,2.36,2.76,56.84,,,,
2017-11-22,93.22000122070312,1.74,2.32,2.75,57.88,,,,
2017-11-24,92.76000213623047,1.75,2.34,2.76,58.94,,,,
2017-11-27,92.9000015258789,1.74,2.32,2.76,58.1,,,,
2017-11-28,93.26000213623047,1.75,2.34,2.77,57.96,,,,
2017-11-29,93.26000213623047,1.78,2.37,2.81,57.25,,,,
2017-11-30,93.01000213623047,1.78,2.42,2.83,57.4,,,,
2017-12-01,92.9000015258789,1.78,2.37,2.76,58.35,247.805,0.21068892447551058,2.129930719552253,4.1
2017-12-04,93.19000244140625,1.8,2.37,2.77,57.48,,,,
2017-12-05,93.37999725341797,1.83,2.36,2.73,57.66,,,,
2017-12-06,93.61000061035156,1.78,2.33,2.71,55.79,,,,
2017-12-07,93.80000305175781,1.8,2.37,2.76,56.5,,,,
2017-12-08,93.9000015258789,1.8,2.38,2.77,57.15,,,,
2017-12-11,93.87000274658203,1.82,2.39,2.77,57.84,,,,
2017-12-12,94.0999984741211,1.83,2.4,2.79,57.12,,,,
2017-12-13,93.43000030517578,1.79,2.36,2.74,56.59,,,,
2017-12-14,93.48999786376953,1.82,2.35,2.71,57.0,,,,
2017-12-15,93.93000030517578,1.84,2.35,2.68,57.29,,,,
2017-12-18,93.69999694824219,1.84,2.39,2.74,57.17,,,,
2017-12-19,93.47000122070312,1.87,2.46,2.82,57.49,,,,
2017-12-20,93.3499984741211,1.87,2.49,2.88,58.09,,,,
2017-12-21,93.27999877929688,1.89,2.48,2.84,58.34,,,,
2017-12-22,93.3499984741211,1.91,2.48,2.83,58.25,,,,
2017-12-26,93.26000213623047,1.92,2.47,2.82,59.55,,,,
2017-12-27,93.02999877929688,1.89,2.42,2.75,59.67,,,,
2017-12-28,92.5999984741211,1.91,2.43,2.75,59.84,,,,
2017-12-29,92.12000274658203,1.89,2.4,2.74,60.46,,,,
2018-01-01,,,,,,248.859,0.42533443635115464,2.151318868063945,4.0
2018-01-02,91.8499984741211,1.92,2.46,2.81,60.37,,,,
2018-01-03,92.16000366210938,1.94,2.44,2.78,61.61,,,,
2018-01-04,91.8499984741211,1.96,2.46,2.79,61.98,,,,
2018-01-05,91.94999694824219,1.96,2.47,2.81,61.49,,,,
2018-01-08,92.33000183105469,1.96,2.49,2.81,61.73,,,,
2018-01-09,92.52999877929688,1.98,2.55,2.88,62.92,,,,
2018-01-10,92.33000183105469,1.98,2.55,2.88,63.6,,,,
2018-01-11,91.8499984741211,1.98,2.54,2.91,63.81,,,,
2018-01-12,90.97000122070312,1.99,2.55,2.85,64.22,,,,
2018-01-16,90.38999938964844,2.03,2.54,2.83,63.82,,,,
2018-01-17,90.54000091552734,2.05,2.57,2.84,63.92,,,,
2018-01-18,90.5,2.05,2.62,2.9,63.96,,,,
2018-01-19,90.56999969482422,2.06,2.64,2.91,63.38,,,,
2018-01-22,90.4000015258789,2.08,2.66,2.93,63.66,,,,
2018-01-23,90.12000274658203,2.06,2.63,2.9,64.45,,,,
2018-01-24,89.20999908447266,2.08,2.65,2.93,65.69,,,,
2018-01-25,89.38999938964844,2.08,2.63,2.89,65.62,,,,
2018-01-26,89.06999969482422,2.13,2.66,2.91,66.27,,,,
2018-01-29,89.30999755859375,2.11,2.7,2.94,65.71,,,,
2018-01-30,89.19000244140625,2.13,2.73,2.98,64.64,,,,
2018-01-31,89.12999725341797,2.14,2.72,2.95,64.82,,,,
2018-02-01,88.66999816894531,2.16,2.78,3.01,65.92,249.529,0.26922876006090224,2.263468931091861,4.1
2018-02-02,89.19999694824219,2.15,2.84,3.08,65.5,,,,
2018-02-05,89.55000305175781,2.08,2.77,3.04,64.18,,,,
2018-02-06,89.58999633789062,2.1,2.79,3.06,63.48,,,,
2018-02-07,90.26000213623047,2.15,2.84,3.12,61.91,,,,
2018-02-08,90.2300033569336,2.13,2.85,3.14,61.3,,,,
2018-02-09,90.44000244140625,2.05,2.83,3.14,59.2,,,,
2018-02-12,90.20999908447266,2.09,2.86,3.14,59.41,,,,
2018-02-13,89.69999694824219,2.1,2.83,3.11,59.33,,,,
2018-02-14,89.12000274658203,2.17,2.91,3.18,60.7,,,,
2018-02-15,88.58999633789062,2.19,2.9,3.15,61.48,,,,
2018-02-16,89.0999984741211,2.21,2.87,3.13,61.89,,,,
2018-02-20,89.72000122070312,2.25,2.88,3.15,61.91,,,,
2018-02-21,90.08000183105469,2.26,2.94,3.22,61.73,,,,
2018-02-22,89.75,2.25,2.92,3.21,62.72,,,,
2018-02-23,89.87999725341797,2.25,2.88,3.16,63.52,,,,
2018-02-26,89.81999969482422,2.22,2.86,3.15,63.81,,,,
2018-02-27,90.36000061035156,2.27,2.9,3.17,62.94,,,,
2018-02-28,90.61000061035156,2.25,2.87,3.13,61.43,,,,
2018-03-01,90.31999969482422,2.22,2.81,3.09,60.98,249.577,0.0192362410782021,2.3309497646499366,4.0
2018-03-02,89.94000244140625,2.25,2.86,3.14,61.19,,,,
2018-03-05,90.08000183105469,2.24,2.88,3.16,62.49,,,,
2018-03-06,89.62000274658203,2.25,2.88,3.14,62.54,,,,
2018-03-07,89.63999938964844,2.25,2.89,3.15,61.09,,,,
2018-03-08,90.12000274658203,2.25,2.86,3.13,60.13,,,,
2018-03-09,90.08999633789062,2.27,2.9,3.16,62.02,,,,
2018-03-12,89.9000015258789,2.27,2.87,3.13,61.35,,,,
2018-03-13,89.66000366210938,2.26,2.84,3.1,60.69,,,,
2018-03-14,89.69999694824219,2.26,2.81,3.05,60.89,,,,
2018-03-15,90.13999938964844,2.29,2.82,3.05,61.16,,,,
2018-03-16,90.2300033569336,2.31,2.85,3.08,62.29,,,,
2018-03-19,89.9000015258789,2.31,2.85,3.09,62.01,,,,
2018-03-20,90.37000274658203,2.34,2.89,3.12,63.37,,,,
2018-03-21,89.77999877929688,2.31,2.89,3.12,65.1,,,,
2018-03-22,89.86000061035156,2.29,2.83,3.06,64.25,,,,
2018-03-23,89.44000244140625,2.28,2.82,3.06,65.8,,,,
2018-03-26,89.02999877929688,2.33,2.85,3.08,65.49,,,,
2018-03-27,89.37000274658203,2.26,2.78,3.03,65.21,,,,
2018-03-28,90.05999755859375,2.28,2.77,3.01,64.3,,,,
2018-03-29,90.1500015258789,2.27,2.74,2.97,64.87,,,,
2018-04-01,,,,,,250.227,0.2604406656061986,2.4709963021052994,4.0
2018-04-02,90.05000305175781,2.25,2.73,2.97,63.05,,,,
2018-04-03,90.19999694824219,2.28,2.79,3.02,63.41,,,,
2018-04-04,90.13999938964844,2.28,2.79,3.03,63.35,,,,
2018-04-05,90.45999908447266,2.3,2.83,3.07,63.53,,,,
2018-04-06,90.11000061035156,2.27,2.77,3.01,62.03,,,,
2018-04-09,89.83999633789062,2.29,2.78,3.02,63.4,,,,
2018-04-10,89.58999633789062,2.32,2.8,3.02,65.48,,,,
2018-04-11,89.56999969482422,2.32,2.79,2.99,66.81,,,,
2018-04-12,89.75,2.34,2.83,3.05,67.07,,,,
2018-04-13,89.80000305175781,2.37,2.82,3.03,67.35,,,,
2018-04-16,89.43000030517578,2.39,2.83,3.03,66.23,,,,
2018-04-17,89.5199966430664,2.41,2.82,3.0,66.5,,,,
2018-04-18,89.62000274658203,2.42,2.87,3.06,68.44,,,,
2018-04-19,89.94000244140625,2.44,2.92,3.11,68.3,,,,
2018-04-20,90.31999969482422,2.46,2.96,3.14,68.26,,,,
2018-04-23,90.94000244140625,2.49,2.98,3.15,67.61,,,,
2018-04-24,90.7699966430664,2.48,3.0,3.18,67.66,,,,
2018-04-25,91.16999816894531,2.49,3.03,3.21,68.0,,,,
2018-04-26,91.55999755859375,2.49,3.0,3.18,68.18,,,,
2018-04-27,91.54000091552734,2.49,2.96,3.13,68.11,,,,
2018-04-30,91.83999633789062,2.49,2.95,3.11,68.56,,,,
2018-05-01,92.44999694824219,2.5,2.97,3.13,67.28,250.792,0.2257949781598212,2.781921607842497,3.8
2018-05-02,92.51000213623047,2.49,2.97,3.14,67.91,,,,
2018-05-03,92.41000366210938,2.49,2.94,3.12,68.45,,,,
2018-05-04,92.56999969482422,2.51,2.95,3.12,69.71,,,,
2018-05-07,92.75,2.49,2.95,3.12,70.74,,,,
2018-05-08,93.12000274658203,2.51,2.97,3.13,68.83,,,,
2018-05-09,93.04000091552734,2.54,3.0,3.16,71.16,,,,
2018-05-10,92.6500015258789,2.54,2.97,3.12,71.36,,,,
2018-05-11,92.54000091552734,2.54,2.97,3.1,70.69,,,,
2018-05-14,92.58999633789062,2.55,3.0,3.13,71.01,,,,
2018-05-15,93.22000122070312,2.58,3.08,3.2,71.34,,,,
2018-05-16,93.38999938964844,2.58,3.09,3.21,71.43,,,,
2018-05-17,93.47000122070312,2.57,3.11,3.25,71.47,,,,
2018-05-18,93.63999938964844,2.55,3.06,3.2,71.23,,,,
2018-05-21,93.68000030517578,2.58,3.06,3.2,72.26,,,,
2018-05-22,93.61000061035156,2.59,3.06,3.21,72.09,,,,
2018-05-23,94.01000213623047,2.53,3.01,3.17,71.85,,,,
2018-05-24,93.77999877929688,2.5,2.98,3.13,70.77,,,,
2018-05-25,94.19000244140625,2.48,2.93,3.09,67.92,,,,
2018-05-29,94.83000183105469,2.32,2.77,2.96,66.8,,,,
2018-05-30,94.1500015258789,2.42,2.84,3.01,68.24,,,,
2018-05-31,93.98999786376953,2.4,2.83,3.0,66.98,,,,
2018-06-01,94.19000244140625,2.47,2.89,3.04,65.81,251.018,0.09011451720948305,2.8075506935940187,4.0
2018-06-04,94.0199966430664,2.52,2.94,3.08,64.76,,,,
2018-06-05,93.88999938964844,2.49,2.92,3.07,65.51,,,,
2018-06-06,93.66000366210938,2.52,2.97,3.13,64.75,,,,
2018-06-07,93.4000015258789,2.5,2.93,3.08,65.96,,,,
2018-06-08,93.55000305175781,2.5,2.93,3.08,65.77,,,,
2018-06-11,93.58000183105469,2.52,2.96,3.1,66.1,,,,
2018-06-12,93.80000305175781,2.54,2.96,3.09,66.38,,,,
2018-06-13,93.70999908447266,2.59,2.98,3.1,66.63,,,,
2018-06-14,94.7699966430664,2.59,2.94,3.05,66.91,,,,
2018-06-15,94.79000091552734,2.55,2.93,3.05,65.01,,,,
2018-06-18,94.75,2.56,2.92,3.05,65.91,,,,
2018-06-19,95.08999633789062,2.54,2.89,3.02,65.09,,,,
2018-06-20,95.05999755859375,2.56,2.93,3.06,65.92,,,,
2018-06-21,94.87000274658203,2.56,2.9,3.04,65.68,,,,
2018-06-22,94.5199966430664,2.56,2.9,3.04,69.02,,,,
2018-06-25,94.27999877929688,2.54,2.87,3.02,69.91,,,,
2018-06-26,94.68000030517578,2.53,2.88,3.03,75.23,,,,
2018-06-27,95.29000091552734,2.52,2.83,2.97,77.41,,,,
2018-06-28,95.38999938964844,2.52,2.84,2.97,73.45,,,,
2018-06-29,94.62999725341797,2.52,2.85,2.98,74.13,,,,
2018-07-01,,,,,,251.214,0.07808204989283585,2.854124785561929,3.8
2018-07-02,94.87000274658203,2.57,2.87,2.99,73.89,,,,
2018-07-03,94.58999633789062,2.53,2.83,2.96,74.19,,,,
2018-07-05,94.47000122070312,2.55,2.84,2.95,73.05,,,,
2018-07-06,94.04000091552734,2.53,2.82,2.94,73.78,,,,
2018-07-09,94.08000183105469,2.57,2.86,2.96,73.93,,,,
2018-07-10,94.11000061035156,2.59,2.87,2.97,74.11,,,,
2018-07-11,94.72000122070312,2.58,2.85,2.95,70.47,,,,
2018-07-12,94.80999755859375,2.6,2.85,2.95,70.28,,,,
2018-07-13,94.75,2.59,2.83,2.94,71.03,,,,
2018-07-16,94.51000213623047,2.59,2.85,2.96,68.22,,,,
2018-07-17,94.97000122070312,2.62,2.86,2.97,68.03,,,,
2018-07-18,95.08000183105469,2.6,2.88,2.99,68.78,,,,
2018-07-19,95.16999816894531,2.6,2.84,2.96,69.42,,,,
2018-07-20,94.45999908447266,2.6,2.89,3.03,70.31,,,,
2018-07-23,94.66999816894531,2.64,2.96,3.1,67.9,,,,
2018-07-24,94.61000061035156,2.63,2.95,3.08,70.77,,,,
2018-07-25,94.36000061035156,2.66,2.94,3.06,71.13,,,,
2018-07-26,94.75,2.69,2.98,3.1,71.59,,,,
2018-07-27,94.68000030517578,2.67,2.96,3.09,68.66,,,,
2018-07-30,94.36000061035156,2.66,2.98,3.11,71.19,,,,
2018-07-31,94.48999786376953,2.67,2.96,3.08,69.88,,,,
2018-08-01,94.62000274658203,2.67,3.0,3.13,68.8,251.663,0.17873207703393845,2.6429238568742575,3.8
2018-08-02,95.16999816894531,2.66,2.98,3.12,68.95,,,,
2018-08-03,95.13999938964844,2.63,2.95,3.09,68.49,,,,
2018-08-06,95.36000061035156,2.64,2.94,3.08,69.01,,,,
2018-08-07,95.22000122070312,2.68,2.98,3.12,69.17,,,,
2018-08-08,95.0999984741211,2.68,2.96,3.12,66.92,,,,
2018-08-09,95.5,2.64,2.93,3.08,66.81,,,,
2018-08-10,96.36000061035156,2.61,2.87,3.03,67.61,,,,
2018-08-13,96.38999938964844,2.61,2.88,3.05,67.25,,,,
2018-08-14,96.7300033569336,2.63,2.89,3.06,67.04,,,,
2018-08-15,96.69999694824219,2.61,2.86,3.03,65.07,,,,
2018-08-16,96.6500015258789,2.63,2.87,3.03,65.44,,,,
2018-08-17,96.0999984741211,2.61,2.87,3.03,65.93,,,,
2018-08-20,95.9000015258789,2.6,2.82,2.99,66.5,,,,
2018-08-21,95.26000213623047,2.61,2.85,3.0,67.32,,,,
2018-08-22,95.1500015258789,2.6,2.82,2.99,67.85,,,,
2018-08-23,95.62000274658203,2.61,2.82,2.97,69.13,,,,
2018-08-24,95.1500015258789,2.63,2.82,2.97,69.71,,,,
2018-08-27,94.77999877929688,2.67,2.85,3.0,69.97,,,,
2018-08-28,94.72000122070312,2.67,2.88,3.03,68.54,,,,
2018-08-29,94.5999984741211,2.67,2.89,3.02,69.68,,,,
2018-08-30,94.72000122070312,2.64,2.86,3.0,70.25,,,,
2018-08-31,95.13999938964844,2.62,2.86,3.02,69.84,,,,
2018-09-01,,,,,,252.182,0.2062281702117419,2.332055105808828,3.7
2018-09-04,95.41999816894531,2.66,2.9,3.07,69.82,,,,
2018-09-05,95.12999725341797,2.66,2.9,3.08,68.69,,,,
2018-09-06,95.0199966430664,2.64,2.88,3.06,67.81,,,,
2018-09-07,95.37000274658203,2.71,2.94,3.11,67.73,,,,
2018-09-10,95.1500015258789,2.73,2.94,3.09,67.55,,,,
2018-09-11,95.05999755859375,2.76,2.98,3.13,69.29,,,,
2018-09-12,94.80000305175781,2.74,2.97,3.11,70.37,,,,
2018-09-13,94.54000091552734,2.76,2.97,3.11,68.6,,,,
2018-09-14,94.9800033569336,2.78,2.99,3.13,68.98,,,,
2018-09-17,94.51000213623047,2.78,2.99,3.13,68.86,,,,
2018-09-18,94.62000274658203,2.81,3.05,3.2,69.87,,,,
2018-09-19,94.55000305175781,2.81,3.08,3.23,71.08,,,,
2018-09-20,93.91000366210938,2.81,3.07,3.21,70.77,,,,
2018-09-21,94.22000122070312,2.81,3.07,3.2,70.8,,,,
2018-09-24,94.26000213623047,2.83,3.08,3.21,73.23,,,,
2018-09-25,94.12999725341797,2.83,3.1,3.23,73.4,,,,
2018-09-26,94.19000244140625,2.83,3.06,3.19,72.22,,,,
2018-09-27,95.0,2.83,3.06,3.19,72.18,,,,
2018-09-28,95.19000244140625,2.81,3.05,3.19,73.16,,,,
2018-10-01,95.30000305175781,2.82,3.09,3.24,75.37,252.772,0.2339580144498754,2.492032470218053,3.8
2018-10-02,95.51000213623047,2.82,3.05,3.2,75.16,,,,
2018-10-03,95.76000213623047,2.85,3.15,3.3,76.4,,,,
2018-10-04,95.75,2.87,3.19,3.35,74.44,,,,
2018-10-05,95.62000274658203,2.88,3.23,3.4,74.26,,,,
2018-10-08,95.7699966430664,,,,74.27,,,,
2018-10-09,95.68000030517578,2.88,3.21,3.37,74.95,,,,
2018-10-10,95.51000213623047,2.88,3.22,3.39,73.18,,,,
2018-10-11,95.0199966430664,2.85,3.14,3.32,70.97,,,,
2018-10-12,95.22000122070312,2.85,3.15,3.32,71.41,,,,
2018-10-15,95.06999969482422,2.85,3.16,3.34,71.84,,,,
2018-10-16,95.05000305175781,2.87,3.16,3.32,71.93,,,,
2018-10-17,95.58000183105469,2.89,3.19,3.35,69.63,,,,
2018-10-18,95.9000015258789,2.87,3.17,3.36,68.63,,,,
2018-10-19,95.70999908447266,2.92,3.2,3.38,69.16,,,,
2018-10-22,96.01000213623047,2.92,3.2,3.38,69.25,,,,
2018-10-23,95.95999908447266,2.89,3.17,3.37,66.49,,,,
2018-10-24,96.43000030517578,2.84,3.1,3.33,66.56,,,,
2018-10-25,96.68000030517578,2.86,3.14,3.35,67.25,,,,
2018-10-26,96.36000061035156,2.81,3.08,3.32,67.58,,,,
2018-10-29,96.58000183105469,2.81,3.08,3.33,67.0,,,,
2018-10-30,97.01000213623047,2.84,3.12,3.36,66.18,,,,
2018-10-31,97.12999725341797,2.87,3.15,3.39,65.31,,,,
2018-11-01,96.27999877929688,2.84,3.14,3.38,63.67,252.594,-0.07041919199911595,2.147328577667773,3.8
2018-11-02,96.54000091552734,2.91,3.22,3.46,63.12,,,,
2018-11-05,96.3499984741211,2.91,3.2,3.43,63.12,,,,
2018-11-06,96.31999969482422,2.93,3.22,3.43,62.16,,,,
2018-11-07,96.0,2.96,3.22,3.43,61.69,,,,
2018-11-08,96.63999938964844,2.98,3.24,3.43,60.71,,,,
2018-11-09,96.91000366210938,2.94,3.19,3.4,60.19,,,,
2018-11-12,97.54000091552734,,,,59.85,,,,
2018-11-13,97.30000305175781,2.89,3.14,3.36,55.63,,,,
2018-11-14,96.80000305175781,2.86,3.12,3.35,56.16,,,,
2018-11-15,96.93000030517578,2.86,3.11,3.36,56.45,,,,
2018-11-16,96.47000122070312,2.81,3.08,3.33,56.49,,,,
2018-11-19,96.19000244140625,2.79,3.06,3.32,57.16,,,,
2018-11-20,96.80999755859375,2.79,3.06,3.31,53.39,,,,
2018-11-21,96.70999908447266,2.81,3.06,3.31,54.41,,,,
2018-11-23,96.91999816894531,2.81,3.05,3.31,,,,,
2018-11-26,97.06999969482422,2.84,3.07,3.32,51.46,,,,
2018-11-27,97.37000274658203,2.83,3.06,3.32,51.31,,,,
2018-11-28,96.79000091552734,2.81,3.06,3.34,50.06,,,,
2018-11-29,96.77999877929688,2.81,3.03,3.33,51.46,,,,
2018-11-30,97.2699966430664,2.8,3.01,3.3,50.78,,,,
2018-12-01,,,,,,252.767,0.06848935445813442,2.0023809043401064,3.9
2018-12-03,97.04000091552734,2.83,2.98,3.27,52.98,,,,
2018-12-04,96.97000122070312,2.8,2.91,3.16,53.21,,,,
2018-12-05,,,,,52.64,,,,
2018-12-06,96.80999755859375,2.75,2.87,3.14,51.54,,,,
2018-12-07,96.51000213623047,2.72,2.85,3.14,52.76,,,,
2018-12-10,97.22000122070312,2.72,2.85,3.13,51.07,,,,
2018-12-11,97.38999938964844,2.78,2.89,3.13,51.65,,,,
2018-12-12,97.04000091552734,2.77,2.91,3.15,51.04,,,,
2018-12-13,97.05999755859375,2.75,2.91,3.16,52.69,,,,
2018-12-14,97.44000244140625,2.73,2.89,3.14,51.26,,,,
2018-12-17,97.0999984741211,2.7,2.86,3.11,49.8,,,,
2018-12-18,97.13999938964844,2.65,2.82,3.07,46.12,,,,
2018-12-19,97.04000091552734,2.63,2.77,3.0,47.96,,,,
2018-12-20,96.27999877929688,2.67,2.79,3.02,45.64,,,,
2018-12-21,96.95999908447266,2.63,2.79,3.03,45.38,,,,
2018-12-24,96.55000305175781,2.55,2.74,3.0,,,,,
2018-12-26,97.05000305175781,2.61,2.81,3.06,46.04,,,,
2018-12-27,96.4800033569336,2.56,2.77,3.05,44.48,,,,
2018-12-28,96.38999938964844,2.52,2.72,3.04,45.15,,,,
2018-12-31,96.16999816894531,2.48,2.69,3.02,,,,,
2019-01-01,,,,,,252.561,-0.08149798035343991,1.4875893578291333,4.0
2019-01-02,96.81999969482422,2.5,2.66,2.97,46.31,,,,
2019-01-03,96.30999755859375,2.39,2.56,2.92,46.92,,,,
2019-01-04,96.19000244140625,2.5,2.67,2.98,47.76,,,,
2019-01-07,95.70999908447266,2.53,2.7,2.99,48.27,,,,
2019-01-08,95.9000015258789,2.58,2.73,3.0,49.58,,,,
2019-01-09,95.22000122070312,2.56,2.74,3.03,52.19,,,,
2019-01-10,95.54000091552734,2.56,2.74,3.06,52.42,,,,
2019-01-11,95.66999816894531,2.55,2.71,3.04,51.44,,,,
2019-01-14,95.58999633789062,2.53,2.71,3.06,50.31,,,,
2019-01-15,95.97000122070312,2.53,2.72,3.08,51.8,,,,
2019-01-16,96.05999755859375,2.55,2.73,3.07,52.08,,,,
2019-01-17,96.06999969482422,2.56,2.75,3.07,51.83,,,,
2019-01-18,96.33999633789062,2.62,2.79,3.09,53.6,,,,
2019-01-22,96.30000305175781,2.58,2.74,3.06,52.59,,,,
2019-01-23,96.12000274658203,2.58,2.76,3.07,52.44,,,,
2019-01-24,96.5999984741211,2.56,2.72,3.04,52.94,,,,
2019-01-25,95.79000091552734,2.6,2.76,3.06,53.53,,,,
2019-01-28,95.75,2.6,2.75,3.06,51.79,,,,
2019-01-29,95.81999969482422,2.56,2.72,3.04,53.07,,,,
2019-01-30,95.33999633789062,2.52,2.7,3.06,54.18,,,,
2019-01-31,95.58000183105469,2.45,2.63,2.99,53.84,,,,
2019-02-01,95.58000183105469,2.52,2.7,3.03,55.29,253.319,0.3001255142321968,1.5188615351321877,3.8
2019-02-04,95.8499984741211,2.53,2.73,3.06,54.57,,,,
2019-02-05,96.0999984741211,2.53,2.71,3.03,53.69,,,,
2019-02-06,96.41999816894531,2.52,2.7,3.03,53.94,,,,
2019-02-07,96.51000213623047,2.48,2.65,3.0,52.68,,,,
2019-02-08,96.63999938964844,2.45,2.63,2.97,52.75,,,,
2019-02-11,97.05999755859375,2.48,2.65,3.0,52.43,,,,
2019-02-12,96.70999908447266,2.5,2.68,3.02,53.14,,,,
2019-02-13,97.12999725341797,2.53,2.71,3.04,53.84,,,,
2019-02-14,96.9800033569336,2.5,2.66,3.01,54.4,,,,
2019-02-15,96.91999816894531,2.52,2.66,3.0,55.58,,,,
2019-02-19,96.5199966430664,2.5,2.65,2.99,56.12,,,,
2019-02-20,96.44999694824219,2.5,2.65,3.0,56.9,,,,
2019-02-21,96.61000061035156,2.53,2.69,3.05,56.95,,,,
2019-02-22,96.51000213623047,2.48,2.65,3.02,57.01,,,,
2019-02-25,96.41000366210938,2.51,2.67,3.03,55.32,,,,
2019-02-26,96.0,2.48,2.64,3.01,55.4,,,,
2019-02-27,96.1500015258789,2.5,2.69,3.07,56.92,,,,
2019-02-28,96.16000366210938,2.52,2.73,3.09,57.21,,,,
2019-03-01,96.52999877929688,2.55,2.76,3.13,55.76,254.277,0.37817929172307974,1.8831863513063984,3.8
2019-03-04,96.68000030517578,2.55,2.72,3.09,56.6,,,,
2019-03-05,96.8499984741211,2.55,2.72,3.08,56.55,,,,
2019-03-06,96.87000274658203,2.52,2.69,3.06,56.22,,,,
2019-03-07,97.66999816894531,2.47,2.64,3.03,56.6,,,,
2019-03-08,97.37000274658203,2.45,2.62,3.0,55.77,,,,
2019-03-11,97.22000122070312,2.47,2.64,3.03,56.79,,,,
2019-03-12,96.94000244140625,2.45,2.61,3.0,56.89,,,,
2019-03-13,96.55000305175781,2.45,2.61,3.02,58.27,,,,
2019-03-14,96.79000091552734,2.46,2.63,3.04,58.59,,,,
2019-03-15,96.5999984741211,2.43,2.59,3.02,58.51,,,,
2019-03-18,96.5199966430664,2.45,2.6,3.01,59.09,,,,
2019-03-19,96.37999725341797,2.46,2.61,3.02,59.12,,,,
2019-03-20,95.76000213623047,2.4,2.54,2.98,60.12,,,,
2019-03-21,96.5,2.41,2.54,2.96,59.98,,,,
2019-03-22,96.6500015258789,2.31,2.44,2.88,58.87,,,,
2019-03-25,96.56999969482422,2.26,2.43,2.87,58.71,,,,
2019-03-26,96.73999786376953,2.24,2.41,2.86,59.87,,,,
2019-03-27,96.7699966430664,2.22,2.39,2.83,59.39,,,,
2019-03-28,97.19999694824219,2.23,2.39,2.81,59.29,,,,
2019-03-29,97.27999877929688,2.27,2.41,2.81,60.19,,,,
2019-04-01,97.25,2.33,2.49,2.89,61.59,255.233,0.3759679404743643,2.000583470209061,3.7
2019-04-02,97.36000061035156,2.3,2.48,2.88,62.53,,,,
2019-04-03,97.08999633789062,2.33,2.52,2.93,62.46,,,,
2019-04-04,97.30999755859375,2.33,2.51,2.92,62.12,,,,
2019-04-05,97.4000015258789,2.35,2.5,2.91,63.1,,,,
2019-04-08,97.05000305175781,2.36,2.52,2.93,64.37,,,,
2019-04-09,97.01000213623047,2.35,2.51,2.92,64.05,,,,
2019-04-10,96.94999694824219,2.31,2.48,2.9,64.62,,,,
2019-04-11,97.18000030517578,2.35,2.51,2.94,63.61,,,,
2019-04-12,96.97000122070312,2.4,2.56,2.97,63.86,,,,
2019-04-15,96.94000244140625,2.4,2.55,2.96,63.43,,,,
2019-04-16,97.04000091552734,2.41,2.6,2.99,64.01,,,,
2019-04-17,97.01000213623047,2.4,2.59,2.99,63.74,,,,
2019-04-18,97.47000122070312,2.38,2.57,2.96,64.02,,,,
2019-04-22,97.27999877929688,2.38,2.59,2.99,65.66,,,,
2019-04-23,97.56999969482422,2.36,2.57,2.98,66.24,,,,
2019-04-24,98.0999984741211,2.32,2.53,2.94,65.96,,,,
2019-04-25,98.19999694824219,2.33,2.54,2.94,65.23,,,,
2019-04-26,98.01000213623047,2.28,2.51,2.92,63.29,,,,
2019-04-29,97.86000061035156,2.3,2.54,2.96,63.39,,,,
2019-04-30,97.4800033569336,2.27,2.51,2.93,63.83,,,,
2019-05-01,97.69000244140625,2.31,2.52,2.92,63.55,255.296,0.02468332856644384,1.7959105553606136,3.6
2019-05-02,97.83000183105469,2.35,2.55,2.94,61.75,,,,
2019-05-03,97.5199966430664,2.33,2.54,2.93,61.98,,,,
2019-05-06,97.5199966430664,2.31,2.51,2.91,62.3,,,,
2019-05-07,97.62999725341797,2.28,2.45,2.86,61.41,,,,
2019-05-08,97.62000274658203,2.3,2.49,2.89,62.13,,,,
2019-05-09,97.37000274658203,2.26,2.45,2.87,61.58,,,,
2019-05-10,97.33000183105469,2.26,2.47,2.89,61.65,,,,
2019-05-13,97.31999969482422,2.18,2.4,2.83,60.97,,,,
2019-05-14,97.52999877929688,2.2,2.42,2.86,61.82,,,,
2019-05-15,97.56999969482422,2.16,2.37,2.82,62.03,,,,
2019-05-16,97.83999633789062,2.2,2.4,2.84,62.93,,,,
2019-05-17,98.0,2.2,2.39,2.82,62.77,,,,
2019-05-20,97.93000030517578,2.21,2.41,2.83,63.12,,,,
2019-05-21,98.05999755859375,2.26,2.43,2.84,63.02,,,,
2019-05-22,98.11000061035156,2.23,2.39,2.82,61.42,,,,
2019-05-23,97.8499984741211,2.12,2.31,2.75,57.65,,,,
2019-05-24,97.61000061035156,2.16,2.32,2.75,58.4,,,,
2019-05-28,97.95999908447266,2.12,2.26,2.7,58.91,,,,
2019-05-29,98.13999938964844,2.09,2.25,2.69,58.84,,,,
2019-05-30,98.13999938964844,2.06,2.22,2.65,56.47,,,,
2019-05-31,97.75,1.95,2.14,2.58,53.49,,,,
2019-06-01,,,,,,255.213,-0.03251128102280676,1.671194894390049,3.6
2019-06-03,97.13999938964844,1.82,2.07,2.53,53.25,,,,
2019-06-04,97.06999969482422,1.88,2.12,2.6,53.5,,,,
2019-06-05,97.37000274658203,1.83,2.12,2.63,51.57,,,,
2019-06-06,97.02999877929688,1.88,2.12,2.62,52.59,,,,
2019-06-07,96.61000061035156,1.85,2.09,2.57,53.95,,,,
2019-06-10,96.76000213623047,1.9,2.15,2.62,53.33,,,,
2019-06-11,96.69000244140625,1.93,2.15,2.62,53.3,,,,
2019-06-12,97.0,1.88,2.13,2.62,51.13,,,,
2019-06-13,97.01000213623047,1.83,2.1,2.61,52.38,,,,
2019-06-14,97.56999969482422,1.84,2.09,2.59,52.47,,,,
2019-06-17,97.55999755859375,1.86,2.09,2.58,51.94,,,,
2019-06-18,97.63999938964844,1.86,2.06,2.55,53.86,,,,
2019-06-19,97.12000274658203,1.74,2.03,2.54,53.74,,,,
2019-06-20,96.62999725341797,1.72,2.01,2.53,56.88,,,,
2019-06-21,96.22000122070312,1.77,2.07,2.59,57.35,,,,
2019-06-24,95.9800033569336,1.72,2.02,2.55,57.73,,,,
2019-06-25,96.16000366210938,1.71,2.0,2.53,57.63,,,,
2019-06-26,96.20999908447266,1.77,2.05,2.57,59.17,,,,
2019-06-27,96.19000244140625,1.74,2.01,2.52,59.18,,,,
2019-06-28,96.12999725341797,1.75,2.0,2.52,58.2,,,,
2019-07-01,96.83999633789062,1.78,2.03,2.55,58.91,255.802,0.23078761661827762,1.826331335037068,3.7
2019-07-02,96.7300033569336,1.77,1.98,2.51,56.0,,,,
2019-07-03,96.7699966430664,1.77,1.96,2.47,57.06,,,,
2019-07-05,97.25,1.87,2.04,2.54,,,,,
2019-07-08,97.37999725341797,1.88,2.05,2.53,57.35,,,,
2019-07-09,97.48999786376953,1.92,2.07,2.54,57.57,,,,
2019-07-10,97.0999984741211,1.82,2.07,2.57,60.28,,,,
2019-07-11,97.05000305175781,1.85,2.13,2.65,59.93,,,,
2019-07-12,96.80999755859375,1.84,2.12,2.64,59.99,,,,
2019-07-15,96.93000030517578,1.83,2.09,2.61,59.3,,,,
2019-07-16,97.4000015258789,1.87,2.13,2.63,57.44,,,,
2019-07-17,97.22000122070312,1.83,2.06,2.57,56.5,,,,
2019-07-18,96.79000091552734,1.77,2.04,2.56,55.08,,,,
2019-07-19,97.1500015258789,1.8,2.05,2.57,55.42,,,,
2019-07-22,97.26000213623047,1.8,2.05,2.58,55.87,,,,
2019-07-23,97.70999908447266,1.83,2.08,2.61,56.58,,,,
2019-07-24,97.7300033569336,1.83,2.05,2.58,55.9,,,,
2019-07-25,97.81999969482422,1.86,2.08,2.6,55.88,,,,
2019-07-26,98.01000213623047,1.86,2.08,2.59,56.04,,,,
2019-07-29,98.04000091552734,1.85,2.06,2.59,56.85,,,,
2019-07-30,98.05000305175781,1.85,2.06,2.58,58.04,,,,
2019-07-31,98.5199966430664,1.89,2.02,2.53,58.53,,,,
2019-08-01,98.38999938964844,1.73,1.9,2.44,53.64,256.036,0.09147700174354512,1.7376412106666406,3.6
2019-08-02,98.0999984741211,1.72,1.86,2.39,55.67,,,,
2019-08-05,97.5,1.59,1.75,2.3,54.63,,,,
2019-08-06,97.62999725341797,1.6,1.73,2.25,53.6,,,,
2019-08-07,97.54000091552734,1.59,1.71,2.22,51.14,,,,
2019-08-08,97.62000274658203,1.62,1.72,2.25,52.6,,,,
2019-08-09,97.48999786376953,1.63,1.74,2.26,54.41,,,,
2019-08-12,97.37999725341797,1.58,1.65,2.14,54.98,,,,
2019-08-13,97.80999755859375,1.66,1.68,2.15,57.05,,,,
2019-08-14,97.98999786376953,1.58,1.59,2.03,55.16,,,,
2019-08-15,98.13999938964844,1.48,1.52,1.98,54.51,,,,
2019-08-16,98.13999938964844,1.48,1.55,2.01,54.83,,,,
2019-08-19,98.3499984741211,1.53,1.6,2.08,56.24,,,,
2019-08-20,98.19000244140625,1.5,1.55,2.04,56.18,,,,
2019-08-21,98.30000305175781,1.56,1.59,2.07,55.65,,,,
2019-08-22,98.16999816894531,1.61,1.62,2.11,55.33,,,,
2019-08-23,97.63999938964844,1.51,1.52,2.02,54.08,,,,
2019-08-26,98.08000183105469,1.54,1.54,2.04,53.54,,,,
2019-08-27,98.0,1.53,1.49,1.97,54.99,,,,
2019-08-28,98.20999908447266,1.5,1.47,1.94,55.76,,,,
2019-08-29,98.51000213623047,1.53,1.5,1.97,56.67,,,,
2019-08-30,98.91999816894531,1.5,1.5,1.96,55.07,,,,
2019-09-01,,,,,,256.43,0.1538846099767177,1.6844977040391562,3.5
2019-09-03,98.94999694824219,1.47,1.47,1.95,53.91,,,,
2019-09-04,98.44999694824219,1.43,1.47,1.97,56.22,,,,
2019-09-05,98.41000366210938,1.55,1.57,2.06,56.33,,,,
2019-09-06,98.38999938964844,1.53,1.55,2.02,56.45,,,,
2019-09-09,98.27999877929688,1.58,1.63,2.11,57.88,,,,
2019-09-10,98.33000183105469,1.67,1.72,2.19,57.37,,,,
2019-09-11,98.6500015258789,1.68,1.75,2.22,55.66,,,,
2019-09-12,98.30999755859375,1.72,1.79,2.22,55.13,,,,
2019-09-13,98.26000213623047,1.79,1.9,2.37,54.76,,,,
2019-09-16,98.6500015258789,1.74,1.84,2.31,63.1,,,,
2019-09-17,98.26000213623047,1.72,1.81,2.27,59.26,,,,
2019-09-18,98.5999984741211,1.77,1.8,2.25,58.19,,,,
2019-09-19,98.2699966430664,1.74,1.79,2.22,58.19,,,,
2019-09-20,98.51000213623047,1.69,1.74,2.17,57.92,,,,
2019-09-23,98.5999984741211,1.68,1.72,2.16,58.69,,,,
2019-09-24,98.33999633789062,1.6,1.64,2.09,57.22,,,,
2019-09-25,99.04000091552734,1.68,1.73,2.18,56.38,,,,
2019-09-26,99.20999908447266,1.66,1.7,2.15,56.24,,,,
2019-09-27,99.11000061035156,1.63,1.69,2.13,55.95,,,,
2019-09-30,99.37999725341797,1.63,1.68,2.12,54.09,,,,
2019-10-01,99.12999725341797,1.56,1.65,2.11,53.6,257.155,0.2827282299262768,1.7339736996186295,3.6
2019-10-02,99.04000091552734,1.48,1.6,2.09,52.67,,,,
2019-10-03,98.86000061035156,1.39,1.54,2.04,52.41,,,,
2019-10-04,98.80999755859375,1.4,1.52,2.01,52.84,,,,
2019-10-07,98.98999786376953,1.46,1.56,2.05,52.76,,,,
2019-10-08,99.13999938964844,1.42,1.54,2.04,52.64,,,,
2019-10-09,99.12000274658203,1.47,1.59,2.08,52.63,,,,
2019-10-10,98.70999908447266,1.53,1.67,2.16,53.57,,,,
2019-10-11,98.30000305175781,1.63,1.76,2.22,54.76,,,,
2019-10-14,98.44999694824219,,,,53.57,,,,
2019-10-15,98.29000091552734,1.61,1.77,2.23,52.81,,,,
2019-10-16,98.01000213623047,1.58,1.75,2.23,53.42,,,,
2019-10-17,97.61000061035156,1.6,1.76,2.24,53.89,,,,
2019-10-18,97.27999877929688,1.58,1.76,2.25,53.75,,,,
2019-10-21,97.33000183105469,1.62,1.8,2.28,53.28,,,,
2019-10-22,97.52999877929688,1.6,1.78,2.26,54.21,,,,
2019-10-23,97.47000122070312,1.58,1.77,2.25,55.9,,,,
2019-10-24,97.62999725341797,1.58,1.77,2.26,56.11,,,,
2019-10-25,97.83000183105469,1.63,1.8,2.29,56.52,,,,
2019-10-28,97.76000213623047,1.64,1.85,2.34,55.6,,,,
2019-10-29,97.69000244140625,1.64,1.84,2.33,55.34,,,,
2019-10-30,97.6500015258789,1.61,1.78,2.26,54.85,,,,
2019-10-31,97.3499984741211,1.52,1.69,2.17,54.02,,,,
2019-11-01,97.23999786376953,1.56,1.73,2.21,56.04,257.879,0.281542260504386,2.092290394862917,3.6
2019-11-04,97.51000213623047,1.6,1.79,2.27,56.33,,,,
2019-11-05,97.9800033569336,1.63,1.86,2.34,57.04,,,,
2019-11-06,97.94999694824219,1.61,1.81,2.3,56.15,,,,
2019-11-07,98.13999938964844,1.68,1.92,2.4,56.91,,,,
2019-11-08,98.3499984741211,1.68,1.94,2.43,57.02,,,,
2019-11-11,98.19999694824219,,,,,,,,
2019-11-12,98.30999755859375,1.66,1.92,2.39,56.67,,,,
2019-11-13,98.37000274658203,1.63,1.88,2.36,56.88,,,,
2019-11-14,98.16000366210938,1.58,1.82,2.31,56.57,,,,
2019-11-15,98.0,1.61,1.84,2.31,57.54,,,,
2019-11-18,97.79000091552734,1.6,1.81,2.3,56.82,,,,
2019-11-19,97.86000061035156,1.6,1.79,2.26,54.93,,,,
2019-11-20,97.93000030517578,1.56,1.73,2.2,56.71,,,,
2019-11-21,97.98999786376953,1.6,1.77,2.24,58.36,,,,
2019-11-22,98.2699966430664,1.61,1.77,2.22,57.68,,,,
2019-11-25,98.31999969482422,1.61,1.76,2.21,57.79,,,,
2019-11-26,98.25,1.58,1.74,2.18,58.25,,,,
2019-11-27,98.41000366210938,1.63,1.77,2.19,58.12,,,,
2019-11-29,98.2699966430664,1.61,1.78,2.21,58.12,,,,
2019-12-01,,,,,,258.63,0.29122185210892493,2.3195274699624457,3.6
2019-12-02,97.86000061035156,1.61,1.83,2.28,55.97,,,,
2019-12-03,97.73999786376953,1.53,1.72,2.17,56.15,,,,
2019-12-04,97.6500015258789,1.58,1.77,2.22,58.46,,,,
2019-12-05,97.41000366210938,1.58,1.8,2.24,58.42,,,,
2019-12-06,97.69999694824219,1.61,1.84,2.29,59.2,,,,
2019-12-09,97.63999938964844,1.63,1.83,2.27,58.99,,,,
2019-12-10,97.41000366210938,1.65,1.85,2.26,59.22,,,,
2019-12-11,97.16000366210938,1.61,1.79,2.23,58.74,,,,
2019-12-12,97.4000015258789,1.66,1.9,2.32,59.18,,,,
2019-12-13,97.16999816894531,1.61,1.82,2.26,60.11,,,,
2019-12-16,97.06999969482422,1.65,1.89,2.3,60.21,,,,
2019-12-17,97.20999908447266,1.63,1.89,2.31,60.88,,,,
2019-12-18,97.41000366210938,1.63,1.92,2.35,60.93,,,,
2019-12-19,97.41999816894531,1.62,1.92,2.35,61.3,,,,
2019-12-20,97.70999908447266,1.63,1.92,2.34,60.43,,,,
2019-12-23,97.66000366210938,1.64,1.93,2.35,60.51,,,,
2019-12-24,97.6500015258789,1.62,1.9,2.33,61.17,,,,
2019-12-26,97.58999633789062,1.64,1.9,2.33,61.72,,,,
2019-12-27,96.91999816894531,1.59,1.88,2.32,61.76,,,,
2019-12-30,96.73999786376953,1.58,1.9,2.34,61.66,,,,
2019-12-31,96.38999938964844,1.58,1.92,2.39,61.14,,,,
2020-01-01,,,,,,259.127,0.19216641534238743,2.599767976845202,3.6
2020-01-02,96.8499984741211,1.58,1.88,2.33,61.17,,,,
2020-01-03,96.83999633789062,1.53,1.8,2.26,63.0,,,,
2020-01-06,96.66999816894531,1.54,1.81,2.28,63.27,,,,
2020-01-07,96.9800033569336,1.54,1.83,2.31,62.7,,,,
2020-01-08,97.30000305175781,1.58,1.87,2.35,59.65,,,,
2020-01-09,97.44999694824219,1.58,1.85,2.38,59.56,,,,
2020-01-10,97.36000061035156,1.56,1.83,2.28,59.02,,,,
2020-01-13,97.3499984741211,1.58,1.85,2.3,58.17,,,,
2020-01-14,97.37000274658203,1.58,1.82,2.27,58.34,,,,
2020-01-15,97.2300033569336,1.56,1.79,2.23,57.86,,,,
2020-01-16,97.31999969482422,1.58,1.81,2.26,58.52,,,,
2020-01-17,97.61000061035156,1.58,1.84,2.29,58.55,,,,
2020-01-21,97.52999877929688,1.53,1.78,2.23,58.25,,,,
2020-01-22,97.52999877929688,1.53,1.77,2.22,56.76,,,,
2020-01-23,97.69000244140625,1.51,1.74,2.18,55.51,,,,
2020-01-24,97.8499984741211,1.49,1.7,2.14,54.09,,,,
2020-01-27,97.95999908447266,1.44,1.61,2.05,53.09,,,,
2020-01-28,98.0199966430664,1.45,1.65,2.1,53.33,,,,
2020-01-29,97.98999786376953,1.42,1.6,2.05,53.29,,,,
2020-01-30,97.87000274658203,1.41,1.57,2.04,52.19,,,,
2020-01-31,97.38999938964844,1.33,1.51,1.99,51.58,,,,
2020-02-01,,,,,,259.25,0.04746707213065804,2.3413166797595197,3.5
2020-02-03,97.80000305175781,1.36,1.54,2.01,50.06,,,,
2020-02-04,97.95999908447266,1.41,1.61,2.08,49.59,,,,
2020-02-05,98.2699966430664,1.44,1.66,2.14,50.87,,,,
2020-02-06,98.5,1.44,1.65,2.11,50.94,,,,
2020-02-07,98.68000030517578,1.41,1.59,2.05,50.34,,,,
2020-02-10,98.83000183105469,1.37,1.56,2.03,49.59,,,,
2020-02-11,98.72000122070312,1.41,1.59,2.05,50.0,,,,
2020-02-12,99.05000305175781,1.44,1.62,2.09,51.13,,,,
2020-02-13,99.06999969482422,1.44,1.61,2.07,51.41,,,,
2020-02-14,99.12000274658203,1.42,1.59,2.04,52.03,,,,
2020-02-18,99.45999908447266,1.41,1.55,2.0,52.1,,,,
2020-02-19,99.5999984741211,1.42,1.56,2.01,53.31,,,,
2020-02-20,99.87000274658203,1.39,1.52,1.97,53.77,,,,
2020-02-21,99.26000213623047,1.34,1.46,1.9,53.36,,,,
2020-02-24,99.29000091552734,1.26,1.38,1.84,51.36,,,,
2020-02-25,98.97000122070312,1.2,1.33,1.8,49.78,,,,
2020-02-26,99.0,1.16,1.33,1.81,48.67,,,,
2020-02-27,98.44000244140625,1.11,1.3,1.79,47.17,,,,
2020-02-28,98.12999725341797,0.86,1.13,1.65,44.83,,,,
2020-03-01,,,,,,258.076,-0.4528447444551498,1.4940399642909163,4.4
2020-03-02,97.36000061035156,0.84,1.1,1.66,46.78,,,,
2020-03-03,97.1500015258789,0.71,1.02,1.64,47.27,,,,
2020-03-04,97.33999633789062,0.67,1.02,1.67,46.78,,,,
2020-03-05,96.81999969482422,0.59,0.92,1.56,45.9,,,,
2020-03-06,95.94999694824219,0.49,0.74,1.25,41.14,,,,
2020-03-09,94.9000015258789,0.38,0.54,0.99,31.05,,,,
2020-03-10,96.41000366210938,0.5,0.76,1.28,34.47,,,,
2020-03-11,96.51000213623047,0.5,0.82,1.3,33.13,,,,
2020-03-12,97.47000122070312,0.5,0.88,1.49,31.56,,,,
2020-03-13,98.75,0.49,0.94,1.56,31.72,,,,
2020-03-16,98.08999633789062,0.36,0.73,1.34,28.96,,,,
2020-03-17,99.58000183105469,0.47,1.02,1.63,26.96,,,,
2020-03-18,101.16000366210938,0.54,1.18,1.77,20.48,,,,
2020-03-19,102.76000213623047,0.44,1.12,1.78,25.09,,,,
2020-03-20,102.81999969482422,0.37,0.92,1.55,19.48,,,,
2020-03-23,102.48999786376953,0.28,0.76,1.33,23.33,,,,
2020-03-24,101.73999786376953,0.38,0.84,1.39,21.03,,,,
2020-03-25,101.05000305175781,0.34,0.88,1.45,20.75,,,,
2020-03-26,99.41999816894531,0.3,0.83,1.42,16.6,,,,
2020-03-27,98.37000274658203,0.25,0.72,1.29,15.48,,,,
2020-03-30,99.18000030517578,0.23,0.7,1.31,14.1,,,,
2020-03-31,99.05000305175781,0.23,0.7,1.35,20.51,,,,
2020-04-01,99.66999816894531,0.23,0.62,1.27,20.28,256.032,-0.7920147553434065,0.3130472940411133,14.8
2020-04-02,100.18000030517578,0.23,0.63,1.26,25.18,,,,
2020-04-03,100.58000183105469,0.23,0.62,1.24,28.36,,,,
2020-04-06,100.69000244140625,0.27,0.67,1.27,26.21,,,,
2020-04-07,99.9800033569336,0.28,0.75,1.32,23.54,,,,
2020-04-08,100.12000274658203,0.27,0.77,1.37,24.97,,,,
2020-04-09,99.5199966430664,0.23,0.73,1.35,22.9,,,,
2020-04-13,99.3499984741211,0.25,0.76,1.39,22.36,,,,
2020-04-14,98.88999938964844,0.23,0.76,1.41,20.15,,,,
2020-04-15,99.45999908447266,0.2,0.63,1.27,19.96,,,,
2020-04-16,100.02999877929688,0.2,0.61,1.21,19.82,,,,
2020-04-17,99.77999877929688,0.2,0.65,1.27,18.31,,,,
2020-04-20,99.95999908447266,0.2,0.63,1.23,-36.98,,,,
2020-04-21,100.26000213623047,0.2,0.58,1.17,8.91,,,,
2020-04-22,100.38999938964844,0.22,0.63,1.22,13.64,,,,
2020-04-23,100.43000030517578,0.22,0.61,1.18,15.06,,,,
2020-04-24,100.37999725341797,0.22,0.6,1.17,15.99,,,,
2020-04-27,100.04000091552734,0.24,0.67,1.25,12.17,,,,
2020-04-28,99.87000274658203,0.2,0.62,1.2,12.4,,,,
2020-04-29,99.56999969482422,0.2,0.63,1.24,15.04,,,,
2020-04-30,99.0199966430664,0.2,0.64,1.28,19.23,,,,
2020-05-01,98.80000305175781,0.2,0.64,1.27,19.72,255.802,-0.08983252093487382,0.1982013035848551,13.2
2020-05-04,99.4800033569336,0.19,0.64,1.29,20.47,,,,
2020-05-05,99.70999908447266,0.19,0.66,1.32,24.56,,,,
2020-05-06,100.08999633789062,0.17,0.72,1.41,23.88,,,,
2020-05-07,99.88999938964844,0.13,0.63,1.31,23.68,,,,
2020-05-08,99.7300033569336,0.16,0.69,1.39,24.73,,,,
2020-05-11,100.23999786376953,0.17,0.73,1.43,24.02,,,,
2020-05-12,99.93000030517578,0.17,0.69,1.38,25.76,,,,
2020-05-13,100.23999786376953,0.16,0.64,1.35,25.37,,,,
2020-05-14,100.47000122070312,0.16,0.63,1.3,27.4,,,,
2020-05-15,100.4000015258789,0.16,0.64,1.32,29.44,,,,
2020-05-18,99.66999816894531,0.18,0.73,1.44,31.83,,,,
2020-05-19,99.37000274658203,0.17,0.7,1.43,32.3,,,,
2020-05-20,99.12000274658203,0.16,0.68,1.4,33.56,,,,
2020-05-21,99.37000274658203,0.17,0.68,1.4,34.3,,,,
2020-05-22,99.86000061035156,0.17,0.66,1.37,33.49,,,,
2020-05-26,98.91000366210938,0.18,0.69,1.43,34.7,,,,
2020-05-27,99.05999755859375,0.19,0.68,1.44,32.8,,,,
2020-05-28,98.37999725341797,0.17,0.7,1.47,33.67,,,,
2020-05-29,98.33999633789062,0.16,0.65,1.41,35.57,,,,
2020-06-01,97.83000183105469,0.14,0.66,1.46,35.49,257.042,0.4847499237691677,0.7166562831830481,11.0
2020-06-02,97.66999816894531,0.17,0.68,1.48,36.88,,,,
2020-06-03,97.27999877929688,0.19,0.77,1.56,37.33,,,,
2020-06-04,96.68000030517578,0.19,0.82,1.61,37.42,,,,
2020-06-05,96.94000244140625,0.22,0.91,1.68,39.49,,,,
2020-06-08,96.62000274658203,0.22,0.88,1.65,38.17,,,,
2020-06-09,96.31999969482422,0.2,0.84,1.59,38.98,,,,
2020-06-10,95.95999908447266,0.17,0.75,1.53,39.54,,,,
2020-06-11,96.7300033569336,0.19,0.66,1.41,36.43,,,,
2020-06-12,97.31999969482422,0.19,0.71,1.45,36.24,,,,
2020-06-15,96.68000030517578,0.19,0.71,1.45,37.07,,,,
2020-06-16,96.95999908447266,0.21,0.75,1.54,38.26,,,,
2020-06-17,97.16000366210938,0.19,0.74,1.52,37.91,,,,
2020-06-18,97.41999816894531,0.19,0.71,1.47,38.79,,,,
2020-06-19,97.62000274658203,0.19,0.7,1.47,39.72,,,,
2020-06-22,97.04000091552734,0.19,0.71,1.46,40.6,,,,
2020-06-23,96.69000244140625,0.18,0.72,1.49,40.4,,,,
2020-06-24,97.1500015258789,0.19,0.69,1.44,37.91,,,,
2020-06-25,97.43000030517578,0.17,0.68,1.43,38.66,,,,
2020-06-26,97.5,0.17,0.64,1.37,38.53,,,,
2020-06-29,97.54000091552734,0.16,0.64,1.39,39.67,,,,
2020-06-30,97.38999938964844,0.16,0.66,1.41,39.27,,,,
2020-07-01,97.19999694824219,0.17,0.69,1.43,39.88,258.352,0.5096443382793581,0.9968647625897997,10.2
2020-07-02,97.31999969482422,0.16,0.68,1.43,40.57,,,,
2020-07-06,96.79000091552734,0.16,0.69,1.45,40.51,,,,
2020-07-07,96.87999725341797,0.16,0.65,1.38,40.59,,,,
2020-07-08,96.43000030517578,0.16,0.67,1.39,40.91,,,,
2020-07-09,96.69999694824219,0.16,0.62,1.32,39.64,,,,
2020-07-10,96.6500015258789,0.16,0.65,1.33,40.56,,,,
2020-07-13,96.45999908447266,0.16,0.64,1.33,40.06,,,,
2020-07-14,96.26000213623047,0.14,0.63,1.3,40.3,,,,
2020-07-15,96.08000183105469,0.16,0.64,1.33,41.2,,,,
2020-07-16,96.3499984741211,0.16,0.62,1.31,40.74,,,,
2020-07-17,95.94000244140625,0.14,0.64,1.33,40.55,,,,
2020-07-20,95.83000183105469,0.16,0.62,1.32,40.83,,,,
2020-07-21,95.12000274658203,0.14,0.61,1.31,41.76,,,,
2020-07-22,94.97000122070312,0.14,0.6,1.29,41.88,,,,
2020-07-23,94.69000244140625,0.16,0.59,1.24,40.99,,,,
2020-07-24,94.44000244140625,0.14,0.59,1.23,41.23,,,,
2020-07-27,93.66999816894531,0.15,0.62,1.25,41.46,,,,
2020-07-28,93.76000213623047,0.14,0.59,1.22,40.89,,,,
2020-07-29,93.26000213623047,0.12,0.58,1.24,41.13,,,,
2020-07-30,93.0199966430664,0.11,0.55,1.2,39.85,,,,
2020-07-31,93.48999786376953,0.11,0.55,1.2,40.1,,,,
2020-08-01,,,,,,259.316,0.3731343283582156,1.2810698495523853,8.4
2020-08-03,93.5,0.11,0.56,1.23,40.83,,,,
2020-08-04,93.37999725341797,0.11,0.52,1.19,41.67,,,,
2020-08-05,92.83000183105469,0.11,0.55,1.22,42.25,,,,
2020-08-06,92.79000091552734,0.11,0.55,1.2,41.93,,,,
2020-08-07,93.44000244140625,0.13,0.57,1.23,41.16,,,,
2020-08-10,93.58000183105469,0.14,0.59,1.25,41.94,,,,
2020-08-11,93.62999725341797,0.16,0.64,1.32,41.53,,,,
2020-08-12,93.44000244140625,0.16,0.69,1.37,42.6,,,,
2020-08-13,93.33999633789062,0.16,0.71,1.42,42.26,,,,
2020-08-14,93.0999984741211,0.14,0.71,1.45,42.05,,,,
2020-08-17,92.8499984741211,0.14,0.69,1.43,42.89,,,,
2020-08-18,92.2699966430664,0.14,0.67,1.4,42.89,,,,
2020-08-19,92.88999938964844,0.14,0.68,1.42,42.91,,,,
2020-08-20,92.79000091552734,0.13,0.65,1.38,42.62,,,,
2020-08-21,93.25,0.16,0.64,1.35,42.32,,,,
2020-08-24,93.30000305175781,0.14,0.65,1.35,42.44,,,,
2020-08-25,93.0199966430664,0.15,0.69,1.39,43.17,,,,
2020-08-26,93.01000213623047,0.16,0.69,1.41,43.21,,,,
2020-08-27,93.01000213623047,0.16,0.74,1.5,42.88,,,,
2020-08-28,92.37000274658203,0.14,0.74,1.52,42.96,,,,
2020-08-31,92.13999938964844,0.14,0.72,1.49,42.61,,,,
2020-09-01,92.33999633789062,0.13,0.68,1.43,42.76,259.997,0.2626139536318739,1.3910228912373812,7.8
2020-09-02,92.8499984741211,0.14,0.66,1.38,42.76,,,,
2020-09-03,92.73999786376953,0.13,0.63,1.34,41.39,,,,
2020-09-04,92.72000122070312,0.14,0.72,1.46,39.69,,,,
2020-09-08,93.4800033569336,0.14,0.69,1.43,36.87,,,,
2020-09-09,93.26000213623047,0.14,0.71,1.45,38.05,,,,
2020-09-10,93.33999633789062,0.14,0.68,1.43,37.25,,,,
2020-09-11,93.33000183105469,0.13,0.67,1.42,37.33,,,,
2020-09-14,93.06999969482422,0.14,0.68,1.42,37.23,,,,
2020-09-15,93.05000305175781,0.14,0.68,1.43,38.29,,,,
2020-09-16,93.20999908447266,0.14,0.69,1.45,40.17,,,,
2020-09-17,92.97000122070312,0.13,0.69,1.43,40.99,,,,
2020-09-18,92.93000030517578,0.14,0.7,1.45,41.09,,,,
2020-09-21,93.54000091552734,0.14,0.68,1.43,39.26,,,,
2020-09-22,93.98999786376953,0.13,0.68,1.42,39.55,,,,
2020-09-23,94.38999938964844,0.14,0.68,1.42,39.92,,,,
2020-09-24,94.3499984741211,0.14,0.67,1.4,40.11,,,,
2020-09-25,94.58000183105469,0.12,0.66,1.4,40.06,,,,
2020-09-28,94.26000213623047,0.14,0.67,1.42,40.47,,,,
2020-09-29,93.88999938964844,0.11,0.66,1.41,39.03,,,,
2020-09-30,93.88999938964844,0.13,0.69,1.46,40.05,,,,
2020-10-01,93.70999908447266,0.14,0.68,1.45,38.51,260.319,0.1238475828567287,1.2303863428671624,6.9
2020-10-02,93.83999633789062,0.13,0.7,1.48,36.9,,,,
2020-10-05,93.51000213623047,0.14,0.78,1.57,39.12,,,,
2020-10-06,93.83000183105469,0.14,0.76,1.56,40.52,,,,
2020-10-07,93.62999725341797,0.16,0.81,1.6,39.82,,,,
2020-10-08,93.61000061035156,0.13,0.78,1.57,41.04,,,,
2020-10-09,93.05999755859375,0.16,0.79,1.58,40.44,,,,
2020-10-12,93.06999969482422,,,,39.22,,,,
2020-10-13,93.52999877929688,0.16,0.74,1.52,40.03,,,,
2020-10-14,93.37999725341797,0.14,0.73,1.5,40.86,,,,
2020-10-15,93.86000061035156,0.14,0.74,1.52,40.84,,,,
2020-10-16,93.68000030517578,0.14,0.76,1.52,40.7,,,,
2020-10-19,93.43000030517578,0.16,0.78,1.55,40.69,,,,
2020-10-20,93.06999969482422,0.14,0.81,1.6,41.37,,,,
2020-10-21,92.61000061035156,0.14,0.83,1.62,39.88,,,,
2020-10-22,92.94999694824219,0.16,0.87,1.67,40.46,,,,
2020-10-23,92.7699966430664,0.18,0.85,1.64,39.73,,,,
2020-10-26,93.05000305175781,0.16,0.81,1.59,38.39,,,,
2020-10-27,92.94000244140625,0.16,0.79,1.57,39.34,,,,
2020-10-28,93.41000366210938,0.16,0.79,1.56,37.27,,,,
2020-10-29,93.95999908447266,0.16,0.85,1.62,35.94,,,,
2020-10-30,94.04000091552734,0.14,0.88,1.65,35.64,,,,
2020-11-01,,,,,,260.911,0.2274132890799363,1.1757452138405844,6.7
2020-11-02,94.05000305175781,0.16,0.87,1.63,36.6,,,,
2020-11-03,93.55000305175781,0.17,0.9,1.66,37.44,,,,
2020-11-04,93.41000366210938,0.14,0.78,1.55,38.97,,,,
2020-11-05,92.52999877929688,0.14,0.79,1.54,38.56,,,,
2020-11-06,92.2300033569336,0.16,0.83,1.6,36.97,,,,
2020-11-09,92.7300033569336,0.17,0.96,1.73,40.05,,,,
2020-11-10,92.75,0.19,0.98,1.75,41.18,,,,
2020-11-11,93.04000091552734,,,,41.23,,,,
2020-11-12,92.95999908447266,0.17,0.88,1.64,40.9,,,,
2020-11-13,92.76000213623047,0.17,0.89,1.65,39.93,,,,
2020-11-16,92.56999969482422,0.19,0.91,1.66,41.14,,,,
2020-11-17,92.41999816894531,0.18,0.87,1.62,41.24,,,,
2020-11-18,92.31999969482422,0.16,0.88,1.62,41.64,,,,
2020-11-19,92.29000091552734,0.18,0.86,1.58,41.57,,,,
2020-11-20,92.38999938964844,0.16,0.83,1.53,41.99,,,,
2020-11-23,92.51000213623047,0.16,0.86,1.56,42.91,,,,
2020-11-24,92.2300033569336,0.16,0.88,1.6,44.71,,,,
2020-11-25,91.98999786376953,0.17,0.88,1.62,45.58,,,,
2020-11-27,91.79000091552734,0.16,0.84,1.57,,,,,
2020-11-30,91.87000274658203,0.16,0.84,1.58,45.2,,,,
2020-12-01,91.30999755859375,0.17,0.92,1.66,44.54,262.045,0.4346309661148906,1.3204191315779434,6.7
2020-12-02,91.12000274658203,0.16,0.95,1.7,45.23,,,,
2020-12-03,90.70999908447266,0.16,0.92,1.67,45.65,,,,
2020-12-04,90.69999694824219,0.16,0.97,1.73,46.23,,,,
2020-12-07,90.79000091552734,0.14,0.94,1.69,45.72,,,,
2020-12-08,90.97000122070312,0.14,0.92,1.67,45.64,,,,
2020-12-09,91.08999633789062,0.16,0.95,1.69,45.48,,,,
2020-12-10,90.79000091552734,0.14,0.92,1.65,46.76,,,,
2020-12-11,90.9800033569336,0.11,0.9,1.63,46.59,,,,
2020-12-14,90.70999908447266,0.13,0.9,1.63,47.02,,,,
2020-12-15,90.47000122070312,0.11,0.92,1.65,47.58,,,,
2020-12-16,90.44999694824219,0.13,0.92,1.66,47.86,,,,
2020-12-17,89.81999969482422,0.13,0.94,1.68,48.34,,,,
2020-12-18,90.0199966430664,0.13,0.95,1.7,49.04,,,,
2020-12-21,90.04000091552734,0.13,0.95,1.68,47.79,,,,
2020-12-22,90.6500015258789,0.13,0.93,1.65,47.02,,,,
2020-12-23,90.41000366210938,0.13,0.96,1.7,47.94,,,,
2020-12-24,90.33000183105469,0.13,0.94,1.66,48.18,,,,
2020-12-28,90.33999633789062,0.13,0.94,1.67,47.5,,,,
2020-12-29,90.01000213623047,0.12,0.94,1.67,47.85,,,,
2020-12-30,89.62999725341797,0.12,0.93,1.66,48.24,,,,
2020-12-31,89.94000244140625,0.13,0.93,1.65,48.35,,,,
2021-01-01,,,,,,262.687,0.24499608845809373,1.3738437137002402,6.4
2021-01-04,89.87999725341797,0.11,0.93,1.66,47.47,,,,
2021-01-05,89.44000244140625,0.13,0.96,1.7,49.78,,,,
2021-01-06,89.52999877929688,0.14,1.04,1.81,50.45,,,,
2021-01-07,89.83000183105469,0.14,1.08,1.85,50.63,,,,
2021-01-08,90.0999984741211,0.14,1.13,1.87,52.14,,,,
2021-01-11,90.54000091552734,0.14,1.15,1.88,52.15,,,,
2021-01-12,90.05000305175781,0.14,1.15,1.88,53.08,,,,
2021-01-13,90.31999969482422,0.14,1.1,1.82,52.81,,,,
2021-01-14,90.23999786376953,0.16,1.15,1.88,53.47,,,,
2021-01-15,90.77999877929688,0.13,1.11,1.85,52.25,,,,
2021-01-19,90.5,0.14,1.1,1.84,52.87,,,,
2021-01-20,90.47000122070312,0.13,1.1,1.84,53.16,,,,
2021-01-21,90.12999725341797,0.13,1.12,1.87,53.0,,,,
2021-01-22,90.23999786376953,0.13,1.1,1.85,52.28,,,,
2021-01-25,90.38999938964844,0.13,1.05,1.8,52.78,,,,
2021-01-26,90.16999816894531,0.11,1.05,1.8,52.61,,,,
2021-01-27,90.6500015258789,0.12,1.04,1.79,52.81,,,,
2021-01-28,90.45999908447266,0.12,1.07,1.81,52.26,,,,
2021-01-29,90.58000183105469,0.11,1.11,1.87,52.16,,,,
2021-02-01,91.0199966430664,0.11,1.09,1.84,53.55,263.579,0.33956762230333837,1.6698167791706853,6.2
2021-02-02,91.19999694824219,0.11,1.12,1.87,54.77,,,,
2021-02-03,91.12000274658203,0.11,1.15,1.92,55.67,,,,
2021-02-04,91.52999877929688,0.11,1.15,1.93,56.19,,,,
2021-02-05,91.04000091552734,0.09,1.19,1.97,56.8,,,,
2021-02-08,90.93000030517578,0.11,1.19,1.96,57.95,,,,
2021-02-09,90.44000244140625,0.11,1.18,1.95,58.34,,,,
2021-02-10,90.37000274658203,0.11,1.15,1.92,58.69,,,,
2021-02-11,90.41999816894531,0.11,1.16,1.94,58.22,,,,
2021-02-12,90.4800033569336,0.11,1.2,2.01,59.5,,,,
2021-02-16,90.51000213623047,0.13,1.3,2.08,60.07,,,,
2021-02-17,90.94999694824219,0.11,1.29,2.06,61.09,,,,
2021-02-18,90.58999633789062,0.11,1.29,2.08,60.4,,,,
2021-02-19,90.36000061035156,0.11,1.34,2.14,59.12,,,,
2021-02-22,90.01000213623047,0.11,1.37,2.19,61.67,,,,
2021-02-23,90.16999816894531,0.11,1.37,2.21,61.66,,,,
2021-02-24,90.18000030517578,0.12,1.38,2.24,63.21,,,,
2021-02-25,90.12999725341797,0.17,1.54,2.33,63.43,,,,
2021-02-26,90.93000030517578,0.14,1.44,2.17,61.55,,,,
2021-03-01,91.04000091552734,0.13,1.45,2.23,60.54,264.961,0.524320981565296,2.6678187820641908,6.1
2021-03-02,90.79000091552734,0.13,1.42,2.21,59.7,,,,
2021-03-03,90.94999694824219,0.14,1.47,2.25,61.33,,,,
2021-03-04,91.62999725341797,0.14,1.54,2.3,63.81,,,,
2021-03-05,91.9800033569336,0.14,1.56,2.28,66.08,,,,
2021-03-08,92.30999755859375,0.17,1.59,2.31,65.03,,,,
2021-03-09,91.95999908447266,0.17,1.55,2.26,64.02,,,,
2021-03-10,91.79000091552734,0.16,1.53,2.24,64.45,,,,
2021-03-11,91.41999816894531,0.14,1.54,2.29,66.02,,,,
2021-03-12,91.68000030517578,0.14,1.64,2.4,65.59,,,,
2021-03-15,91.83000183105469,0.14,1.62,2.37,65.36,,,,
2021-03-16,91.87000274658203,0.15,1.62,2.38,64.82,,,,
2021-03-17,91.4000015258789,0.13,1.63,2.42,64.55,,,,
2021-03-18,91.8499984741211,0.16,1.71,2.45,59.95,,,,
2021-03-19,91.91999816894531,0.16,1.74,2.45,61.43,,,,
2021-03-22,91.80000305175781,0.15,1.69,2.38,61.48,,,,
2021-03-23,92.33999633789062,0.15,1.63,2.34,57.75,,,,
2021-03-24,92.52999877929688,0.14,1.62,2.31,61.12,,,,
2021-03-25,92.87999725341797,0.14,1.63,2.34,58.47,,,,
2021-03-26,92.7699966430664,0.14,1.67,2.37,60.93,,,,
2021-03-29,92.94000244140625,0.14,1.73,2.43,61.49,,,,
2021-03-30,93.30000305175781,0.16,1.73,2.38,60.55,,,,
2021-03-31,93.2300033569336,0.16,1.74,2.41,59.19,,,,
2021-04-01,92.93000030517578,0.17,1.69,2.34,61.41,266.614,0.6238653990587206,4.133077115360573,6.1
2021-04-02,,0.19,1.72,2.35,,,,,
2021-04-05,92.5999984741211,0.17,1.73,2.36,58.73,,,,
2021-04-06,92.33999633789062,0.16,1.67,2.32,59.34,,,,
2021-04-07,92.45999908447266,0.16,1.68,2.35,59.77,,,,
2021-04-08,92.05999755859375,0.14,1.64,2.32,59.61,,,,
2021-04-09,92.16000366210938,0.16,1.67,2.34,59.29,,,,
2021-04-12,92.13999938964844,0.18,1.69,2.34,59.7,,,,
2021-04-13,91.8499984741211,0.16,1.64,2.32,60.2,,,,
2021-04-14,91.69000244140625,0.16,1.64,2.32,63.15,,,,
2021-04-15,91.66999816894531,0.16,1.56,2.23,63.42,,,,
2021-04-16,91.55999755859375,0.16,1.59,2.26,63.16,,,,
2021-04-19,91.06999969482422,0.16,1.61,2.29,63.33,,,,
2021-04-20,91.23999786376953,0.15,1.58,2.27,62.61,,,,
2021-04-21,91.16000366210938,0.15,1.57,2.26,61.34,,,,
2021-04-22,91.33000183105469,0.16,1.57,2.24,61.45,,,,
2021-04-23,90.86000061035156,0.16,1.58,2.25,62.18,,,,
2021-04-26,90.80999755859375,0.18,1.58,2.24,62.02,,,,
2021-04-27,90.91000366210938,0.17,1.63,2.29,63.03,,,,
2021-04-28,90.61000061035156,0.17,1.63,2.29,63.81,,,,
2021-04-29,90.61000061035156,0.16,1.65,2.31,65.0,,,,
2021-04-30,91.27999877929688,0.16,1.65,2.3,63.5,,,,
2021-05-01,,,,,,268.383,0.6635060424433847,4.918257089467626,5.8
2021-05-03,90.94999694824219,0.16,1.63,2.3,64.46,,,,
2021-05-04,91.29000091552734,0.16,1.61,2.27,65.72,,,,
2021-05-05,91.30999755859375,0.16,1.59,2.25,65.63,,,,
2021-05-06,90.94999694824219,0.16,1.58,2.24,64.73,,,,
2021-05-07,90.2300033569336,0.14,1.6,2.28,64.96,,,,
2021-05-10,90.20999908447266,0.16,1.63,2.32,64.92,,,,
2021-05-11,90.13999938964844,0.16,1.64,2.35,65.31,,,,
2021-05-12,90.70999908447266,0.16,1.69,2.4,65.96,,,,
2021-05-13,90.75,0.16,1.66,2.39,63.82,,,,
2021-05-14,90.31999969482422,0.16,1.63,2.35,65.32,,,,
2021-05-17,90.22000122070312,0.16,1.64,2.36,66.24,,,,
2021-05-18,89.75,0.16,1.64,2.37,65.49,,,,
2021-05-19,90.19000244140625,0.16,1.68,2.38,63.28,,,,
2021-05-20,89.80999755859375,0.15,1.63,2.34,61.95,,,,
2021-05-21,90.0199966430664,0.17,1.63,2.33,63.61,,,,
2021-05-24,89.83000183105469,0.15,1.61,2.31,66.13,,,,
2021-05-25,89.63999938964844,0.15,1.56,2.26,66.27,,,,
2021-05-26,90.04000091552734,0.14,1.58,2.27,66.41,,,,
2021-05-27,89.97000122070312,0.14,1.61,2.29,66.87,,,,
2021-05-28,90.02999877929688,0.14,1.58,2.26,66.31,,,,
2021-06-01,89.83000183105469,0.16,1.62,2.3,67.8,270.654,0.8461787818155431,5.295632620349999,5.9
2021-06-02,89.9000015258789,0.13,1.59,2.28,68.79,,,,
2021-06-03,90.5,0.16,1.63,2.3,68.81,,,,
2021-06-04,90.13999938964844,0.14,1.56,2.24,69.57,,,,
2021-06-07,89.94999694824219,0.16,1.57,2.25,69.21,,,,
2021-06-08,90.08000183105469,0.14,1.53,2.21,70.11,,,,
2021-06-09,90.12000274658203,0.16,1.5,2.17,69.9,,,,
2021-06-10,90.08000183105469,0.14,1.45,2.15,70.34,,,,
2021-06-11,90.55999755859375,0.16,1.47,2.15,71.0,,,,
2021-06-14,90.5199966430664,0.16,1.51,2.19,70.94,,,,
2021-06-15,90.54000091552734,0.16,1.51,2.2,72.06,,,,
2021-06-16,91.12999725341797,0.21,1.57,2.2,72.03,,,,
2021-06-17,91.88999938964844,0.23,1.52,2.11,71.06,,,,
2021-06-18,92.2300033569336,0.26,1.45,2.01,71.64,,,,
2021-06-21,91.86000061035156,0.27,1.5,2.11,73.64,,,,
2021-06-22,91.7300033569336,0.25,1.48,2.1,73.15,,,,
2021-06-23,91.80000305175781,0.26,1.5,2.11,73.11,,,,
2021-06-24,91.81999969482422,0.26,1.49,2.1,73.31,,,,
2021-06-25,91.80999755859375,0.28,1.54,2.16,74.21,,,,
2021-06-28,91.87999725341797,0.25,1.49,2.1,72.98,,,,
2021-06-29,92.05000305175781,0.27,1.49,2.1,73.14,,,,
2021-06-30,92.44000244140625,0.25,1.45,2.06,73.52,,,,
2021-07-01,92.5999984741211,0.25,1.48,2.07,75.33,271.903,0.4614747980816958,5.245169381309234,5.4
2021-07-02,92.2300033569336,0.24,1.44,2.05,75.37,,,,
2021-07-06,92.55000305175781,0.22,1.37,2.0,73.62,,,,
2021-07-07,92.63999938964844,0.22,1.33,1.94,72.22,,,,
2021-07-08,92.36000061035156,0.19,1.3,1.91,72.98,,,,
2021-07-09,92.12999725341797,0.23,1.37,1.99,74.56,,,,
2021-07-12,92.2300033569336,0.23,1.38,2.0,74.21,,,,
2021-07-13,92.75,0.26,1.42,2.04,75.24,,,,
2021-07-14,92.41000366210938,0.23,1.37,1.98,73.06,,,,
2021-07-15,92.62000274658203,0.23,1.31,1.92,71.67,,,,
2021-07-16,92.69000244140625,0.25,1.31,1.93,71.76,,,,
2021-07-19,92.88999938964844,0.21,1.19,1.81,66.45,,,,
2021-07-20,92.97000122070312,0.2,1.23,1.88,67.32,,,,
2021-07-21,92.75,0.22,1.3,1.94,70.26,,,,
2021-07-22,92.81999969482422,0.2,1.27,1.9,72.15,,,,
2021-07-23,92.91000366210938,0.22,1.3,1.92,72.24,,,,
2021-07-26,92.6500015258789,0.22,1.29,1.93,72.15,,,,
2021-07-27,92.43000030517578,0.2,1.25,1.89,71.68,,,,
2021-07-28,92.31999969482422,0.2,1.26,1.9,72.37,,,,
2021-07-29,91.86000061035156,0.2,1.28,1.91,73.62,,,,
2021-07-30,92.16999816894531,0.19,1.24,1.89,73.93,,,,
2021-08-01,,,,,,272.676,0.2842925602144719,5.152015301793966,5.1
2021-08-02,92.05000305175781,0.17,1.2,1.86,71.31,,,,
2021-08-03,92.08000183105469,0.17,1.19,1.85,70.64,,,,
2021-08-04,92.2699966430664,0.17,1.19,1.83,68.19,,,,
2021-08-05,92.23999786376953,0.21,1.23,1.86,69.1,,,,
2021-08-06,92.80000305175781,0.21,1.31,1.94,68.26,,,,
2021-08-09,92.94999694824219,0.23,1.33,1.96,66.56,,,,
2021-08-10,93.05999755859375,0.24,1.36,1.99,68.33,,,,
2021-08-11,92.91000366210938,0.23,1.35,1.99,69.3,,,,
2021-08-12,93.04000091552734,0.23,1.36,2.03,69.12,,,,
2021-08-13,92.5199966430664,0.23,1.29,1.94,68.36,,,,
2021-08-16,92.62999725341797,0.21,1.26,1.92,67.44,,,,
2021-08-17,93.12999725341797,0.23,1.26,1.92,66.5,,,,
2021-08-18,93.13999938964844,0.23,1.27,1.91,65.36,,,,
2021-08-19,93.56999969482422,0.22,1.24,1.88,63.69,,,,
2021-08-20,93.5,0.23,1.26,1.87,62.25,,,,
2021-08-23,92.95999908447266,0.23,1.25,1.87,65.65,,,,
2021-08-24,92.88999938964844,0.24,1.29,1.91,67.5,,,,
2021-08-25,92.83000183105469,0.23,1.35,1.96,68.54,,,,
2021-08-26,93.05999755859375,0.25,1.34,1.94,67.42,,,,
2021-08-27,92.69000244140625,0.22,1.31,1.91,68.84,,,,
2021-08-30,92.6500015258789,0.2,1.29,1.9,69.28,,,,
2021-08-31,92.62999725341797,0.2,1.3,1.92,68.43,,,,
2021-09-01,92.44999694824219,0.2,1.31,1.92,68.63,273.91,0.4525517463950024,5.351215590949132,4.7
2021-09-02,92.2300033569336,0.2,1.29,1.9,70.07,,,,
2021-09-03,92.04000091552734,0.21,1.33,1.94,69.34,,,,
2021-09-07,92.5199966430664,0.22,1.38,1.99,68.49,,,,
2021-09-08,92.6500015258789,0.22,1.35,1.95,69.36,,,,
2021-09-09,92.4800033569336,0.23,1.3,1.9,68.26,,,,
2021-09-10,92.58000183105469,0.23,1.35,1.94,69.82,,,,
2021-09-13,92.62000274658203,0.21,1.33,1.91,70.54,,,,
2021-09-14,92.6500015258789,0.21,1.28,1.85,70.53,,,,
2021-09-15,92.48999786376953,0.21,1.31,1.87,72.59,,,,
2021-09-16,92.86000061035156,0.23,1.34,1.88,72.69,,,,
2021-09-17,93.19999694824219,0.23,1.37,1.91,72.09,,,,
2021-09-20,93.23999786376953,0.23,1.31,1.85,70.41,,,,
2021-09-21,93.19999694824219,0.22,1.33,1.86,70.51,,,,
2021-09-22,93.45999908447266,0.25,1.32,1.84,72.37,,,,
2021-09-23,93.0999984741211,0.27,1.41,1.92,73.43,,,,
2021-09-24,93.33000183105469,0.29,1.47,1.99,74.18,,,,
2021-09-27,93.37999725341797,0.31,1.48,1.99,75.54,,,,
2021-09-28,93.7699966430664,0.31,1.54,2.07,75.44,,,,
2021-09-29,94.33999633789062,0.3,1.55,2.09,75.06,,,,
2021-09-30,94.25,0.28,1.52,2.08,75.22,,,,
2021-10-01,94.04000091552734,0.27,1.48,2.04,76.01,276.55,0.9638202329232071,6.235042390298062,4.5
2021-10-04,93.80999755859375,0.27,1.49,2.05,77.68,,,,
2021-10-05,93.9800033569336,0.28,1.54,2.1,79.17,,,,
2021-10-06,94.2699966430664,0.3,1.53,2.08,77.66,,,,
2021-10-07,94.22000122070312,0.32,1.58,2.13,78.46,,,,
2021-10-08,94.06999969482422,0.32,1.61,2.16,79.55,,,,
2021-10-11,94.31999969482422,,,,80.64,,,,
2021-10-12,94.5199966430664,0.35,1.59,2.1,80.75,,,,
2021-10-13,94.08000183105469,0.37,1.56,2.05,80.67,,,,
2021-10-14,93.95999908447266,0.36,1.52,2.02,81.43,,,,
2021-10-15,93.94000244140625,0.41,1.59,2.05,82.39,,,,
2021-10-18,93.94999694824219,0.44,1.59,2.01,82.62,,,,
2021-10-19,93.79000091552734,0.41,1.65,2.09,83.19,,,,
2021-10-20,93.55999755859375,0.4,1.65,2.12,84.4,,,,
2021-10-21,93.7699966430664,0.45,1.68,2.13,82.64,,,,
2021-10-22,93.61000061035156,0.48,1.66,2.08,84.53,,,,
2021-10-25,93.80999755859375,0.47,1.64,2.09,84.64,,,,
2021-10-26,93.94999694824219,0.47,1.63,2.05,85.64,,,,
2021-10-27,93.86000061035156,0.5,1.54,1.95,82.66,,,,
2021-10-28,93.3499984741211,0.5,1.57,1.96,82.78,,,,
2021-10-29,94.12000274658203,0.48,1.55,1.93,83.5,,,,
2021-11-01,93.87999725341797,0.5,1.58,1.98,84.08,278.919,0.8566262881938069,6.901970403700863,4.1
2021-11-02,94.08999633789062,0.46,1.56,1.96,83.91,,,,
2021-11-03,93.86000061035156,0.47,1.6,2.0,80.82,,,,
2021-11-04,94.3499984741211,0.41,1.53,1.96,78.88,,,,
2021-11-05,94.31999969482422,0.39,1.45,1.87,81.25,,,,
2021-11-08,94.05000305175781,0.45,1.51,1.89,81.96,,,,
2021-11-09,93.95999908447266,0.41,1.46,1.83,84.12,,,,
2021-11-10,94.8499984741211,0.51,1.56,1.92,81.23,,,,
2021-11-11,95.18000030517578,,,,81.47,,,,
2021-11-12,95.12999725341797,0.53,1.58,1.95,80.87,,,,
2021-11-15,95.41000366210938,0.53,1.63,2.01,80.85,,,,
2021-11-16,95.91999816894531,0.54,1.63,2.02,80.76,,,,
2021-11-17,95.83000183105469,0.52,1.6,2.0,78.32,,,,
2021-11-18,95.54000091552734,0.52,1.59,1.97,78.92,,,,
2021-11-19,96.06999969482422,0.52,1.54,1.91,76.11,,,,
2021-11-22,96.5,0.63,1.63,1.98,76.74,,,,
2021-11-23,96.48999786376953,0.6,1.67,2.02,78.32,,,,
2021-11-24,96.83999633789062,0.64,1.64,1.96,78.32,,,,
2021-11-26,96.08999633789062,0.5,1.48,1.83,,,,,
2021-11-29,96.33999633789062,0.51,1.52,1.87,69.88,,,,
2021-11-30,95.98999786376953,0.52,1.43,1.78,66.14,,,,
2021-12-01,96.05000305175781,0.56,1.43,1.77,65.44,280.845,0.6905230550805275,7.174340285065539,3.9
2021-12-02,96.12999725341797,0.63,1.44,1.76,66.6,,,,
2021-12-03,96.12000274658203,0.6,1.35,1.69,66.39,,,,
2021-12-06,96.29000091552734,0.65,1.43,1.75,69.62,,,,
2021-12-07,96.37000274658203,0.7,1.48,1.8,71.94,,,,
2021-12-08,95.88999938964844,0.68,1.52,1.87,72.43,,,,
2021-12-09,96.2699966430664,0.7,1.49,1.87,70.87,,,,
2021-12-10,96.05000305175781,0.67,1.48,1.88,71.71,,,,
2021-12-13,96.31999969482422,0.66,1.42,1.81,71.19,,,,
2021-12-14,96.56999969482422,0.67,1.44,1.82,70.57,,,,
2021-12-15,96.51000213623047,0.69,1.47,1.86,70.89,,,,
2021-12-16,96.04000091552734,0.64,1.44,1.87,72.34,,,,
2021-12-17,96.56999969482422,0.66,1.41,1.82,70.93,,,,
2021-12-20,96.55000305175781,0.65,1.43,1.85,68.69,,,,
2021-12-21,96.48999786376953,0.7,1.48,1.89,71.1,,,,
2021-12-22,96.08000183105469,0.68,1.46,1.86,72.82,,,,
2021-12-23,96.0199966430664,0.71,1.5,1.91,73.89,,,,
2021-12-27,96.08999633789062,0.76,1.48,1.88,75.49,,,,
2021-12-28,96.19999694824219,0.74,1.49,1.9,76.01,,,,
2021-12-29,95.93000030517578,0.75,1.55,1.96,76.58,,,,
2021-12-30,95.97000122070312,0.73,1.52,1.93,76.83,,,,
2021-12-31,95.66999816894531,0.73,1.52,1.9,75.33,,,,
2022-01-01,,,,,,282.543,0.6046039630400957,7.558805726967832,4.0
2022-01-03,96.23999786376953,0.78,1.63,2.01,75.99,,,,
2022-01-04,96.29000091552734,0.77,1.66,2.07,77.0,,,,
2022-01-05,96.19000244140625,0.83,1.71,2.09,77.83,,,,
2022-01-06,96.25,0.88,1.73,2.09,79.47,,,,
2022-01-07,95.73999786376953,0.87,1.76,2.11,79.0,,,,
2022-01-10,95.98999786376953,0.92,1.78,2.11,78.11,,,,
2022-01-11,95.62000274658203,0.9,1.75,2.08,81.17,,,,
2022-01-12,95.0,0.92,1.74,2.08,82.51,,,,
2022-01-13,94.79000091552734,0.91,1.7,2.05,81.97,,,,
2022-01-14,95.16999816894531,0.99,1.78,2.12,83.82,,,,
2022-01-18,95.7300033569336,1.06,1.87,2.18,85.42,,,,
2022-01-19,95.51000213623047,1.04,1.83,2.14,86.84,,,,
2022-01-20,95.73999786376953,1.08,1.83,2.14,86.29,,,,
2022-01-21,95.63999938964844,1.01,1.75,2.07,85.16,,,,
2022-01-24,95.91999816894531,0.99,1.75,2.1,84.48,,,,
2022-01-25,95.94999694824219,1.02,1.78,2.12,86.61,,,,
2022-01-26,96.48999786376953,1.13,1.85,2.16,88.33,,,,
2022-01-27,97.26000213623047,1.18,1.81,2.09,87.61,,,,
2022-01-28,97.2699966430664,1.15,1.78,2.07,87.67,,,,
2022-01-31,96.54000091552734,1.18,1.79,2.11,89.16,,,,
2022-02-01,96.38999938964844,1.18,1.81,2.12,88.22,284.5,0.6926379347568234,7.937278766517819,3.9
2022-02-02,95.94000244140625,1.16,1.78,2.11,88.16,,,,
2022-02-03,95.37999725341797,1.19,1.82,2.14,90.17,,,,
2022-02-04,95.4800033569336,1.31,1.93,2.23,92.27,,,,
2022-02-07,95.4000015258789,1.3,1.92,2.22,91.25,,,,
2022-02-08,95.63999938964844,1.35,1.96,2.25,89.32,,,,
2022-02-09,95.48999786376953,1.36,1.94,2.25,89.57,,,,
2022-02-10,95.55000305175781,1.61,2.03,2.3,89.83,,,,
2022-02-11,96.08000183105469,1.5,1.92,2.24,93.1,,,,
2022-02-14,96.37000274658203,1.58,1.98,2.29,95.52,,,,
2022-02-15,95.98999786376953,1.58,2.05,2.37,92.07,,,,
2022-02-16,95.69999694824219,1.52,2.03,2.34,93.83,,,,
2022-02-17,95.80000305175781,1.49,1.97,2.31,91.78,,,,
2022-02-18,96.04000091552734,1.47,1.92,2.24,91.26,,,,
2022-02-22,96.02999877929688,1.56,1.94,2.24,92.11,,,,
2022-02-23,96.19000244140625,1.58,1.99,2.29,92.14,,,,
2022-02-24,97.13999938964844,1.54,1.96,2.28,92.77,,,,
2022-02-25,96.62000274658203,1.55,1.97,2.29,91.68,,,,
2022-02-28,96.70999908447266,1.44,1.83,2.17,96.13,,,,
2022-03-01,97.41000366210938,1.31,1.72,2.11,103.66,287.674,1.115641476274165,8.572204966013853,3.7
2022-03-02,97.38999938964844,1.5,1.86,2.24,110.74,,,,
2022-03-03,97.79000091552734,1.53,1.86,2.24,107.69,,,,
2022-03-04,98.6500015258789,1.5,1.74,2.16,115.77,,,,
2022-03-07,99.29000091552734,1.55,1.78,2.19,119.26,,,,
2022-03-08,99.05999755859375,1.63,1.86,2.24,123.64,,,,
2022-03-09,97.97000122070312,1.68,1.94,2.29,108.81,,,,
2022-03-10,98.51000213623047,1.72,1.98,2.38,105.93,,,,
2022-03-11,99.12000274658203,1.75,2.0,2.36,109.31,,,,
2022-03-14,99.05999755859375,1.87,2.14,2.47,103.22,,,,
2022-03-15,99.06999969482422,1.85,2.15,2.49,96.42,,,,
2022-03-16,98.37999725341797,1.95,2.19,2.46,94.85,,,,
2022-03-17,98.01000213623047,1.94,2.2,2.5,102.97,,,,
2022-03-18,98.2300033569336,1.97,2.14,2.42,104.69,,,,
2022-03-21,98.5,2.14,2.32,2.55,112.14,,,,
2022-03-22,98.48999786376953,2.18,2.38,2.6,111.03,,,,
2022-03-23,98.62000274658203,2.13,2.32,2.52,114.89,,,,
2022-03-24,98.79000091552734,2.13,2.34,2.51,114.2,,,,
2022-03-25,98.80999755859375,2.3,2.48,2.6,116.2,,,,
2022-03-28,99.08999633789062,2.35,2.46,2.57,107.55,,,,
2022-03-29,98.4000015258789,2.35,2.41,2.53,104.25,,,,
2022-03-30,97.79000091552734,2.31,2.35,2.48,107.81,,,,
2022-03-31,98.30999755859375,2.28,2.32,2.44,100.53,,,,
2022-04-01,98.62999725341797,2.44,2.39,2.44,99.32,288.561,0.30833512934780316,8.231750770777225,3.7
2022-04-04,98.98999786376953,2.43,2.42,2.48,103.29,,,,
2022-04-05,99.47000122070312,2.51,2.54,2.57,101.98,,,,
2022-04-06,99.5999984741211,2.5,2.61,2.63,96.39,,,,
2022-04-07,99.75,2.47,2.66,2.69,96.05,,,,
2022-04-08,99.80000305175781,2.53,2.72,2.76,98.35,,,,
2022-04-11,99.93000030517578,2.5,2.79,2.84,94.22,,,,
2022-04-12,100.29000091552734,2.39,2.72,2.82,100.52,,,,
2022-04-13,99.87999725341797,2.37,2.7,2.81,104.26,,,,
2022-04-14,100.31999969482422,2.47,2.83,2.92,106.84,,,,
2022-04-18,100.77999877929688,2.46,2.85,2.95,108.24,,,,
2022-04-19,100.95999908447266,2.61,2.93,3.01,102.54,,,,
2022-04-20,100.38999938964844,2.6,2.85,2.9,102.56,,,,
2022-04-21,100.58000183105469,2.68,2.9,2.94,103.89,,,,
2022-04-22,101.22000122070312,2.72,2.9,2.95,102.86,,,,
2022-04-25,101.75,2.63,2.81,2.88,99.6,,,,
2022-04-26,102.30000305175781,2.54,2.77,2.86,102.62,,,,
2022-04-27,102.94999694824219,2.58,2.82,2.91,101.96,,,,
2022-04-28,103.62000274658203,2.63,2.85,2.92,105.47,,,,
2022-04-29,102.95999908447266,2.7,2.89,2.96,104.59,,,,
2022-05-01,,,,,,291.298,0.9484996239963239,8.538171195642065,3.6
2022-05-02,103.73999786376953,2.73,2.99,3.07,105.18,,,,
2022-05-03,103.47000122070312,2.78,2.97,3.03,102.53,,,,
2022-05-04,102.58999633789062,2.66,2.93,3.01,107.84,,,,
2022-05-05,103.75,2.71,3.05,3.15,108.17,,,,
2022-05-06,103.66000366210938,2.72,3.12,3.23,109.72,,,,
2022-05-09,103.6500015258789,2.61,3.05,3.19,103.08,,,,
2022-05-10,103.91999816894531,2.62,2.99,3.12,99.74,,,,
2022-05-11,103.8499984741211,2.66,2.91,3.05,105.5,,,,
2022-05-12,104.8499984741211,2.56,2.84,3.0,106.15,,,,
2022-05-13,104.55999755859375,2.61,2.93,3.1,110.52,,,,
2022-05-16,104.19000244140625,2.58,2.88,3.09,114.07,,,,
2022-05-17,103.36000061035156,2.71,2.98,3.17,112.31,,,,
2022-05-18,103.80999755859375,2.68,2.89,3.07,109.67,,,,
2022-05-19,102.72000122070312,2.63,2.84,3.05,112.21,,,,
2022-05-20,103.1500015258789,2.6,2.78,2.99,112.63,,,,
2022-05-23,102.08000183105469,2.65,2.86,3.08,110.32,,,,
2022-05-24,101.86000061035156,2.5,2.76,2.98,112.55,,,,
2022-05-25,102.05999755859375,2.48,2.75,2.97,112.88,,,,
2022-05-26,101.83000183105469,2.46,2.75,2.99,116.19,,,,
2022-05-27,101.66999816894531,2.47,2.74,2.97,114.96,,,,
2022-05-31,101.75,2.53,2.85,3.07,114.38,,,,
2022-06-01,102.55000305175781,2.66,2.94,3.09,115.26,294.957,1.2561019986405686,8.979361103105798,3.6
2022-06-02,101.7699966430664,2.65,2.92,3.09,116.88,,,,
2022-06-03,102.13999938964844,2.66,2.96,3.11,118.97,,,,
2022-06-06,102.44000244140625,2.73,3.04,3.19,118.41,,,,
2022-06-07,102.31999969482422,2.75,2.98,3.13,119.55,,,,
2022-06-08,102.54000091552734,2.78,3.03,3.18,121.94,,,,
2022-06-09,103.22000122070312,2.83,3.04,3.18,121.52,,,,
2022-06-10,104.1500015258789,3.06,3.15,3.2,120.73,,,,
2022-06-13,105.08000183105469,3.4,3.43,3.42,120.92,,,,
2022-06-14,105.5199966430664,3.45,3.49,3.45,118.92,,,,
2022-06-15,105.16000366210938,3.2,3.33,3.39,115.32,,,,
2022-06-16,103.62999725341797,3.14,3.28,3.35,117.56,,,,
2022-06-17,104.69999694824219,3.17,3.25,3.3,109.56,,,,
2022-06-21,104.44000244140625,3.21,3.31,3.39,110.49,,,,
2022-06-22,104.19999694824219,3.06,3.16,3.25,106.22,,,,
2022-06-23,104.43000030517578,3.01,3.09,3.21,105.75,,,,
2022-06-24,104.19000244140625,3.04,3.13,3.26,109.07,,,,
2022-06-27,103.94000244140625,3.08,3.2,3.31,111.44,,,,
2022-06-28,104.51000213623047,3.1,3.2,3.3,113.66,,,,
2022-06-29,105.11000061035156,3.06,3.1,3.22,111.65,,,,
2022-06-30,104.69000244140625,2.92,2.98,3.14,107.76,,,,
2022-07-01,105.13999938964844,2.84,2.88,3.11,110.3,294.913,-0.014917428642136077,8.462576727730099,3.5
2022-07-05,106.5,2.82,2.82,3.05,101.55,,,,
2022-07-06,107.0999984741211,2.97,2.93,3.14,100.31,,,,
2022-07-07,107.12999725341797,3.03,3.01,3.2,104.62,,,,
2022-07-08,107.01000213623047,3.12,3.09,3.27,106.78,,,,
2022-07-11,108.0199966430664,3.07,2.99,3.18,106.09,,,,
2022-07-12,108.06999969482422,3.03,2.96,3.13,97.69,,,,
2022-07-13,107.95999908447266,3.13,2.91,3.08,98.44,,,,
2022-07-14,108.54000091552734,3.15,2.96,3.11,97.79,,,,
2022-07-15,108.05999755859375,3.13,2.93,3.1,99.59,,,,
2022-07-18,107.37000274658203,3.15,2.96,3.14,104.48,,,,
2022-07-19,106.68000030517578,3.23,3.01,3.17,106.12,,,,
2022-07-20,107.08000183105469,3.25,3.04,3.17,104.45,,,,
2022-07-21,106.91000366210938,3.1,2.91,3.08,98.44,,,,
2022-07-22,106.7300033569336,2.98,2.77,3.0,97.71,,,,
2022-07-25,106.4800033569336,3.0,2.81,3.04,99.83,,,,
2022-07-26,107.19000244140625,3.02,2.81,3.03,97.74,,,,
2022-07-27,106.44999694824219,2.96,2.78,3.03,100.03,,,,
2022-07-28,106.3499984741211,2.85,2.68,3.02,99.11,,,,
2022-07-29,105.9000015258789,2.89,2.67,3.0,101.31,,,,
2022-08-01,105.44999694824219,2.9,2.6,2.92,96.59,295.097,0.062391281496565476,8.222579178218826,3.6
2022-08-02,106.23999786376953,3.06,2.75,3.0,97.14,,,,
2022-08-03,106.51000213623047,3.1,2.73,2.96,93.25,,,,
2022-08-04,105.69000244140625,3.03,2.68,2.97,91.29,,,,
2022-08-05,106.62000274658203,3.24,2.83,3.06,91.77,,,,
2022-08-08,106.44000244140625,3.21,2.77,3.0,93.52,,,,
2022-08-09,106.37000274658203,3.28,2.8,3.01,93.18,,,,
2022-08-10,105.19999694824219,3.23,2.78,3.04,94.68,,,,
2022-08-11,105.08999633789062,3.23,2.87,3.15,97.02,,,,
2022-08-12,105.62999725341797,3.25,2.84,3.12,94.86,,,,
2022-08-15,106.55000305175781,3.2,2.79,3.1,92.24,,,,
2022-08-16,106.5,3.25,2.82,3.11,89.23,,,,
2022-08-17,106.56999969482422,3.28,2.89,3.15,90.85,,,,
2022-08-18,107.4800033569336,3.22,2.88,3.14,93.2,,,,
2022-08-19,108.16999816894531,3.25,2.98,3.22,93.55,,,,
2022-08-22,109.05000305175781,3.32,3.03,3.24,93.42,,,,
2022-08-23,108.62000274658203,3.29,3.05,3.26,96.46,,,,
2022-08-24,108.68000030517578,3.36,3.11,3.32,95.52,,,,
2022-08-25,108.47000122070312,3.35,3.03,3.25,93.33,,,,
2022-08-26,108.80000305175781,3.37,3.04,3.21,93.63,,,,
2022-08-29,108.83999633789062,3.42,3.12,3.25,97.4,,,,
2022-08-30,108.7699966430664,3.46,3.11,3.23,92.08,,,,
2022-08-31,108.69999694824219,3.45,3.15,3.27,90.09,,,,
2022-09-01,109.69000244140625,3.51,3.26,3.37,87.09,296.349,0.42426727482827165,8.192106896425821,3.5
2022-09-02,109.52999877929688,3.4,3.2,3.35,87.29,,,,
2022-09-06,110.20999908447266,3.5,3.33,3.49,87.35,,,,
2022-09-07,109.83999633789062,3.45,3.27,3.42,82.5,,,,
2022-09-08,109.70999908447266,3.48,3.29,3.45,84.04,,,,
2022-09-09,109.0,3.56,3.33,3.47,87.27,,,,
2022-09-12,108.33000183105469,3.58,3.37,3.53,88.18,,,,
2022-09-13,109.81999969482422,3.75,3.42,3.51,87.84,,,,
2022-09-14,109.66000366210938,3.78,3.41,3.47,88.88,,,,
2022-09-15,109.73999786376953,3.87,3.45,3.48,85.72,,,,
2022-09-16,109.76000213623047,3.85,3.45,3.52,85.57,,,,
2022-09-19,109.73999786376953,3.95,3.49,3.52,86.15,,,,
2022-09-20,110.22000122070312,3.96,3.57,3.59,84.69,,,,
2022-09-21,110.63999938964844,4.02,3.51,3.5,83.38,,,,
2022-09-22,111.3499984741211,4.11,3.7,3.65,84.02,,,,
2022-09-23,113.19000244140625,4.2,3.69,3.61,79.07,,,,
2022-09-26,114.0999984741211,4.27,3.88,3.72,77.17,,,,
2022-09-27,114.11000061035156,4.3,3.97,3.87,78.91,,,,
2022-09-28,112.5999984741211,4.07,3.72,3.7,82.61,,,,
2022-09-29,112.25,4.16,3.76,3.71,81.78,,,,
2022-09-30,112.12000274658203,4.22,3.83,3.79,79.91,,,,
2022-10-01,,,,,,298.007,0.5594754832984217,7.758813957693,3.6
2022-10-03,111.75,4.12,3.67,3.73,84.05,,,,
2022-10-04,110.06999969482422,4.1,3.62,3.7,86.87,,,,
2022-10-05,111.06999969482422,4.15,3.76,3.78,88.22,,,,
2022-10-06,112.26000213623047,4.23,3.83,3.81,88.9,,,,
2022-10-07,112.80000305175781,4.3,3.89,3.86,93.07,,,,
2022-10-10,113.13999938964844,,,,91.6,,,,
2022-10-11,113.22000122070312,4.3,3.93,3.92,89.75,,,,
2022-10-12,113.31999969482422,4.28,3.91,3.9,87.83,,,,
2022-10-13,112.36000061035156,4.47,3.97,3.97,89.59,,,,
2022-10-14,113.30999755859375,4.48,4.0,3.99,86.1,,,,
2022-10-17,112.04000091552734,4.45,4.02,4.04,86.0,,,,
2022-10-18,112.12999725341797,4.43,4.01,4.04,83.29,,,,
2022-10-19,112.9800033569336,4.55,4.14,4.15,86.0,,,,
2022-10-20,112.87999725341797,4.62,4.24,4.24,86.02,,,,
2022-10-21,112.01000213623047,4.49,4.21,4.33,85.47,,,,
2022-10-24,111.98999786376953,4.5,4.25,4.4,86.12,,,,
2022-10-25,110.94999694824219,4.42,4.1,4.26,86.93,,,,
2022-10-26,109.69999694824219,4.39,4.04,4.19,89.39,,,,
2022-10-27,110.58999633789062,4.3,3.96,4.12,89.06,,,,
2022-10-28,110.66999816894531,4.41,4.02,4.15,87.85,,,,
2022-10-31,111.52999877929688,4.51,4.1,4.22,86.54,,,,
2022-11-01,111.4800033569336,4.54,4.07,4.14,88.36,298.786,0.2614032556282231,7.122856456533988,3.6
2022-11-02,111.3499984741211,4.61,4.1,4.15,90.06,,,,
2022-11-03,112.93000030517578,4.71,4.14,4.18,88.14,,,,
2022-11-04,110.87999725341797,4.66,4.17,4.27,92.58,,,,
2022-11-07,110.12000274658203,4.72,4.22,4.34,91.8,,,,
2022-11-08,109.62000274658203,4.67,4.14,4.28,88.8,,,,
2022-11-09,110.55000305175781,4.61,4.12,4.31,85.79,,,,
2022-11-10,108.20999908447266,4.34,3.82,4.03,86.52,,,,
2022-11-11,106.29000091552734,,,,89.14,,,,
2022-11-14,106.66000366210938,4.4,3.88,4.07,85.85,,,,
2022-11-15,106.4000015258789,4.37,3.8,3.98,86.87,,,,
2022-11-16,106.27999877929688,4.35,3.67,3.85,85.62,,,,
2022-11-17,106.69000244140625,4.43,3.77,3.89,81.69,,,,
2022-11-18,106.93000030517578,4.51,3.82,3.92,80.07,,,,
2022-11-21,107.83999633789062,4.48,3.83,3.91,79.74,,,,
2022-11-22,107.22000122070312,4.47,3.76,3.83,80.83,,,,
2022-11-23,106.08000183105469,4.46,3.71,3.74,77.93,,,,
2022-11-25,105.95999908447266,4.42,3.68,3.74,76.45,,,,
2022-11-28,106.68000030517578,4.46,3.69,3.74,77.1,,,,
2022-11-29,106.81999969482422,4.48,3.75,3.81,77.96,,,,
2022-11-30,105.94999694824219,4.38,3.68,3.8,80.48,,,,
2022-12-01,104.7300033569336,4.25,3.53,3.64,81.06,298.832,0.01539563433359259,6.404600402357152,3.5
2022-12-02,104.55000305175781,4.28,3.51,3.56,79.86,,,,
2022-12-05,105.29000091552734,4.41,3.6,3.62,76.83,,,,
2022-12-06,105.58000183105469,4.34,3.51,3.52,74.21,,,,
2022-12-07,105.0999984741211,4.26,3.42,3.42,71.93,,,,
2022-12-08,104.7699966430664,4.31,3.48,3.44,71.3,,,,
2022-12-09,104.80999755859375,4.33,3.57,3.56,71.05,,,,
2022-12-12,105.12999725341797,4.39,3.61,3.57,72.96,,,,
2022-12-13,103.9800033569336,4.22,3.51,3.53,75.44,,,,
2022-12-14,103.7699966430664,4.23,3.49,3.52,77.14,,,,
2022-12-15,104.55999755859375,4.23,3.44,3.48,75.89,,,,
2022-12-16,104.69999694824219,4.17,3.48,3.53,74.19,,,,
2022-12-19,104.72000122070312,4.25,3.57,3.62,75.05,,,,
2022-12-20,103.97000122070312,4.25,3.69,3.74,75.92,,,,
2022-12-21,104.16000366210938,4.21,3.68,3.74,78.17,,,,
2022-12-22,104.43000030517578,4.24,3.67,3.73,77.68,,,,
2022-12-23,104.30999755859375,4.31,3.75,3.82,79.57,,,,
2022-12-27,104.18000030517578,4.32,3.84,3.93,79.45,,,,
2022-12-28,104.45999908447266,4.31,3.88,3.98,78.89,,,,
2022-12-29,103.83999633789062,4.34,3.83,3.92,78.43,,,,
2022-12-30,103.5199966430664,4.41,3.88,3.97,80.16,,,,
2023-01-01,,,,,,300.42,0.5314022594635093,6.327178517960097,3.5
2023-01-03,104.5199966430664,4.4,3.79,3.88,76.87,,,,
2023-01-04,104.25,4.36,3.69,3.81,72.82,,,,
2023-01-05,105.04000091552734,4.45,3.71,3.78,73.61,,,,
2023-01-06,103.87999725341797,4.24,3.55,3.67,73.77,,,,
2023-01-09,103.0,4.19,3.53,3.66,74.69,,,,
2023-01-10,103.23999786376953,4.24,3.61,3.74,75.11,,,,
2023-01-11,103.19000244140625,4.2,3.54,3.67,77.46,,,,
2023-01-12,102.25,4.12,3.43,3.56,78.32,,,,
2023-01-13,102.19999694824219,4.22,3.49,3.61,79.9,,,,
2023-01-17,102.38999938964844,4.18,3.53,3.64,80.25,,,,
2023-01-18,102.36000061035156,4.06,3.37,3.54,79.53,,,,
2023-01-19,102.05999755859375,4.09,3.39,3.57,80.31,,,,
2023-01-20,102.01000213623047,4.14,3.48,3.66,81.27,,,,
2023-01-23,102.13999938964844,4.21,3.52,3.69,81.62,,,,
2023-01-24,101.91999816894531,4.12,3.46,3.62,79.86,,,,
2023-01-25,101.63999938964844,4.11,3.46,3.62,79.78,,,,
2023-01-26,101.83999633789062,4.17,3.49,3.62,80.64,,,,
2023-01-27,101.93000030517578,4.19,3.52,3.64,79.73,,,,
2023-01-30,102.27999877929688,4.25,3.55,3.66,77.97,,,,
2023-01-31,102.0999984741211,4.21,3.52,3.65,78.95,,,,
2023-02-01,101.22000122070312,4.09,3.39,3.55,76.34,301.45,0.3428533386591992,5.957820738137087,3.6
2023-02-02,101.75,4.09,3.4,3.55,75.87,,,,
2023-02-03,102.91999816894531,4.3,3.53,3.63,73.4,,,,
2023-02-06,103.62000274658203,4.44,3.63,3.67,74.11,,,,
2023-02-07,103.43000030517578,4.47,3.67,3.72,77.17,,,,
2023-02-08,103.41000366210938,4.45,3.63,3.7,78.47,,,,
2023-02-09,103.22000122070312,4.48,3.67,3.75,78.04,,,,
2023-02-10,103.62999725341797,4.5,3.74,3.83,79.74,,,,
2023-02-13,103.3499984741211,4.52,3.72,3.79,80.14,,,,
2023-02-14,103.2300033569336,4.6,3.77,3.81,79.08,,,,
2023-02-15,103.91999816894531,4.62,3.81,3.85,78.57,,,,
2023-02-16,103.86000061035156,4.62,3.86,3.92,78.45,,,,
2023-02-17,103.86000061035156,4.6,3.82,3.88,76.31,,,,
2023-02-21,104.18000030517578,4.67,3.95,3.98,76.28,,,,
2023-02-22,104.58999633789062,4.66,3.93,3.94,73.95,,,,
2023-02-23,104.5999984741211,4.66,3.88,3.88,75.26,,,,
2023-02-24,105.20999908447266,4.78,3.95,3.93,76.19,,,,
2023-02-27,104.66999816894531,4.78,3.92,3.93,75.57,,,,
2023-02-28,104.87000274658203,4.81,3.92,3.93,76.88,,,,
2023-03-01,104.4800033569336,4.89,4.01,3.97,77.57,301.821,0.12307181953890023,4.917719362889961,3.5
2023-03-02,105.02999877929688,4.89,4.08,4.03,78.05,,,,
2023-03-03,104.5199966430664,4.86,3.97,3.9,79.62,,,,
2023-03-06,104.3499984741211,4.89,3.98,3.92,80.39,,,,
2023-03-07,105.62000274658203,5.0,3.97,3.88,77.45,,,,
2023-03-08,105.66000366210938,5.05,3.98,3.88,76.56,,,,
2023-03-09,105.30999755859375,4.9,3.93,3.88,75.6,,,,
2023-03-10,104.58000183105469,4.6,3.7,3.7,76.55,,,,
2023-03-13,103.5999984741211,4.03,3.55,3.7,74.68,,,,
2023-03-14,103.5999984741211,4.2,3.64,3.77,71.18,,,,
2023-03-15,104.6500015258789,3.93,3.51,3.7,67.38,,,,
2023-03-16,104.41999816894531,4.14,3.56,3.71,68.15,,,,
2023-03-17,103.70999908447266,3.81,3.39,3.6,66.61,,,,
2023-03-20,103.27999877929688,3.92,3.47,3.65,67.56,,,,
2023-03-21,103.26000213623047,4.17,3.59,3.73,69.4,,,,
2023-03-22,102.3499984741211,3.96,3.48,3.68,70.71,,,,
2023-03-23,102.52999877929688,3.76,3.38,3.66,69.77,,,,
2023-03-24,103.12000274658203,3.76,3.38,3.64,69.22,,,,
2023-03-27,102.86000061035156,3.94,3.53,3.77,72.87,,,,
2023-03-28,102.43000030517578,4.02,3.55,3.77,73.12,,,,
2023-03-29,102.63999938964844,4.08,3.57,3.78,72.95,,,,
2023-03-30,102.13999938964844,4.1,3.55,3.74,74.32,,,,
2023-03-31,102.51000213623047,4.06,3.48,3.67,75.68,,,,
2023-04-01,,,,,,302.845,0.3392739405144063,4.950079879124369,3.4
2023-04-03,102.08999633789062,3.97,3.43,3.64,80.4,,,,
2023-04-04,101.58999633789062,3.84,3.35,3.6,80.7,,,,
2023-04-05,101.8499984741211,3.79,3.3,3.56,80.69,,,,
2023-04-06,101.81999969482422,3.82,3.3,3.54,80.7,,,,
2023-04-07,,3.97,3.39,3.61,,,,,
2023-04-10,102.58000183105469,4.0,3.41,3.62,79.79,,,,
2023-04-11,102.19999694824219,4.03,3.43,3.62,81.54,,,,
2023-04-12,101.5,3.95,3.41,3.64,83.26,,,,
2023-04-13,101.01000213623047,3.96,3.45,3.69,82.16,,,,
2023-04-14,101.55000305175781,4.08,3.52,3.74,82.58,,,,
2023-04-17,102.0999984741211,4.18,3.6,3.81,80.93,,,,
2023-04-18,101.75,4.19,3.58,3.79,80.85,,,,
2023-04-19,101.97000122070312,4.24,3.6,3.79,79.18,,,,
2023-04-20,101.83999633789062,4.14,3.54,3.75,77.27,,,,
2023-04-21,101.81999969482422,4.17,3.57,3.78,77.86,,,,
2023-04-24,101.3499984741211,4.12,3.52,3.73,78.64,,,,
2023-04-25,101.86000061035156,3.86,3.4,3.65,77.05,,,,
2023-04-26,101.47000122070312,3.9,3.43,3.7,74.33,,,,
2023-04-27,101.5,4.07,3.53,3.76,74.77,,,,
2023-04-28,101.66999816894531,4.04,3.44,3.67,76.78,,,,
2023-05-01,102.1500015258789,4.14,3.59,3.84,75.65,303.334,0.1614687381333635,4.131851231385042,3.6
2023-05-02,101.95999908447266,3.97,3.44,3.72,71.71,,,,
2023-05-03,101.33999633789062,3.89,3.38,3.7,68.62,,,,
2023-05-04,101.4000015258789,3.75,3.37,3.73,68.52,,,,
2023-05-05,101.20999908447266,3.92,3.44,3.76,71.32,,,,
2023-05-08,101.37000274658203,4.0,3.52,3.84,73.13,,,,
2023-05-09,101.63999938964844,4.01,3.53,3.85,73.68,,,,
2023-05-10,101.4800033569336,3.9,3.43,3.8,72.53,,,,
2023-05-11,102.05999755859375,3.89,3.39,3.73,70.81,,,,
2023-05-12,102.68000030517578,3.98,3.46,3.78,70.02,,,,
2023-05-15,102.43000030517578,3.99,3.5,3.84,71.07,,,,
2023-05-16,102.55999755859375,4.06,3.54,3.87,70.85,,,,
2023-05-17,102.87999725341797,4.12,3.57,3.88,72.78,,,,
2023-05-18,103.58000183105469,4.24,3.65,3.91,71.82,,,,
2023-05-19,103.19999694824219,4.28,3.7,3.95,71.57,,,,
2023-05-22,103.19999694824219,4.29,3.72,3.97,71.81,,,,
2023-05-23,103.48999786376953,4.26,3.7,3.96,72.87,,,,
2023-05-24,103.88999938964844,4.31,3.73,3.97,74.37,,,,
2023-05-25,104.20999908447266,4.5,3.83,4.01,71.68,,,,
2023-05-26,104.20999908447266,4.54,3.8,3.96,72.35,,,,
2023-05-30,104.16999816894531,4.46,3.69,3.9,69.45,,,,
2023-05-31,104.31999969482422,4.4,3.64,3.85,68.11,,,,
2023-06-01,103.55999755859375,4.33,3.61,3.84,70.09,304.014,0.224175331482801,3.070617072997095,3.6
2023-06-02,104.0199966430664,4.5,3.69,3.88,71.76,,,,
2023-06-05,104.0,4.46,3.69,3.89,72.14,,,,
2023-06-06,104.12999725341797,4.51,3.7,3.87,71.71,,,,
2023-06-07,104.0999984741211,4.56,3.79,3.95,72.52,,,,
2023-06-08,103.33999633789062,4.52,3.73,3.89,71.28,,,,
2023-06-09,103.55999755859375,4.59,3.75,3.89,70.16,,,,
2023-06-12,103.62999725341797,4.55,3.73,3.87,67.08,,,,
2023-06-13,103.33999633789062,4.67,3.84,3.94,69.39,,,,
2023-06-14,103.01000213623047,4.74,3.83,3.9,68.22,,,,
2023-06-15,102.12000274658203,4.62,3.72,3.85,70.61,,,,
2023-06-16,102.30000305175781,4.7,3.77,3.86,71.81,,,,
2023-06-20,102.54000091552734,4.68,3.74,3.83,70.94,,,,
2023-06-21,102.06999969482422,4.68,3.72,3.81,72.55,,,,
2023-06-22,102.38999938964844,4.77,3.8,3.88,69.22,,,,
2023-06-23,102.9000015258789,4.71,3.74,3.82,68.91,,,,
2023-06-26,102.69000244140625,4.65,3.72,3.83,69.09,,,,
2023-06-27,102.48999786376953,4.74,3.77,3.84,67.68,,,,
2023-06-28,102.91000366210938,4.71,3.71,3.81,69.54,,,,
2023-06-29,103.33999633789062,4.87,3.85,3.92,69.85,,,,
2023-06-30,102.91000366210938,4.87,3.81,3.85,70.66,,,,
2023-07-01,,,,,,304.609,0.1957146710348745,3.287749268428297,3.5
2023-07-03,102.98999786376953,4.94,3.86,3.87,69.71,,,,
2023-07-05,103.37000274658203,4.94,3.95,3.95,71.78,,,,
2023-07-06,103.16999816894531,4.99,4.05,4.01,71.76,,,,
2023-07-07,102.2699966430664,4.94,4.06,4.05,73.91,,,,
2023-07-10,101.97000122070312,4.85,4.01,4.05,73.05,,,,
2023-07-11,101.7300033569336,4.88,3.99,4.03,74.87,,,,
2023-07-12,100.5199966430664,4.72,3.86,3.96,75.77,,,,
2023-07-13,99.7699966430664,4.59,3.76,3.9,76.86,,,,
2023-07-14,99.91000366210938,4.74,3.83,3.93,75.44,,,,
2023-07-17,99.83999633789062,4.74,3.81,3.94,74.17,,,,
2023-07-18,99.94000244140625,4.74,3.8,3.91,75.76,,,,
2023-07-19,100.27999877929688,4.74,3.75,3.84,75.4,,,,
2023-07-20,100.87999725341797,4.8,3.85,3.91,75.65,,,,
2023-07-21,101.06999969482422,4.82,3.84,3.91,77.06,,,,
2023-07-24,101.3499984741211,4.81,3.86,3.92,78.81,,,,
2023-07-25,101.3499984741211,4.85,3.91,3.95,79.76,,,,
2023-07-26,100.88999938964844,4.82,3.86,3.94,79.11,,,,
2023-07-27,101.7699966430664,4.91,4.01,4.06,80.17,,,,
2023-07-28,101.62000274658203,4.87,3.96,4.03,80.55,,,,
2023-07-31,101.86000061035156,4.88,3.97,4.02,81.8,,,,
2023-08-01,102.30000305175781,4.92,4.05,4.11,81.37,306.082,0.4835707415079771,3.722504803505289,3.7
2023-08-02,102.58999633789062,4.88,4.08,4.17,79.5,,,,
2023-08-03,102.54000091552734,4.9,4.2,4.32,81.56,,,,
2023-08-04,102.0199966430664,4.78,4.05,4.21,82.76,,,,
2023-08-07,102.05000305175781,4.76,4.09,4.27,81.94,,,,
2023-08-08,102.52999877929688,4.74,4.02,4.2,82.94,,,,
2023-08-09,102.48999786376953,4.79,4.0,4.18,84.35,,,,
2023-08-10,102.5199966430664,4.82,4.09,4.24,82.81,,,,
2023-08-11,102.83999633789062,4.89,4.16,4.27,83.17,,,,
2023-08-14,103.19000244140625,4.96,4.19,4.29,82.5,,,,
2023-08-15,103.20999908447266,4.92,4.21,4.32,81.06,,,,
2023-08-16,103.41999816894531,4.97,4.28,4.38,79.4,,,,
2023-08-17,103.44000244140625,4.94,4.3,4.41,80.43,,,,
2023-08-18,103.37999725341797,4.92,4.26,4.38,81.25,,,,
2023-08-21,103.33000183105469,4.97,4.34,4.45,80.71,,,,
2023-08-22,103.55999755859375,5.02,4.34,4.42,80.25,,,,
2023-08-23,103.36000061035156,4.95,4.19,4.27,78.91,,,,
2023-08-24,103.9800033569336,4.98,4.23,4.3,79.52,,,,
2023-08-25,104.08000183105469,5.03,4.25,4.3,80.47,,,,
2023-08-28,104.05999755859375,4.98,4.2,4.29,80.65,,,,
2023-08-29,103.55000305175781,4.87,4.12,4.23,81.14,,,,
2023-08-30,103.16000366210938,4.9,4.12,4.23,81.64,,,,
2023-08-31,103.62000274658203,4.85,4.09,4.2,83.55,,,,
2023-09-01,104.23999786376953,4.87,4.18,4.29,85.52,307.276,0.3900915440960384,3.687206638119256,3.7
2023-09-05,104.80999755859375,4.94,4.27,4.38,86.74,,,,
2023-09-06,104.86000061035156,5.01,4.3,4.37,87.55,,,,
2023-09-07,105.05999755859375,4.94,4.27,4.36,86.87,,,,
2023-09-08,105.08999633789062,4.98,4.26,4.33,87.51,,,,
2023-09-11,104.56999969482422,4.97,4.29,4.37,87.3,,,,
2023-09-12,104.70999908447266,4.98,4.27,4.35,88.87,,,,
2023-09-13,104.7699966430664,4.96,4.25,4.34,88.59,,,,
2023-09-14,105.41000366210938,5.0,4.29,4.39,90.13,,,,
2023-09-15,105.31999969482422,5.02,4.33,4.42,90.83,,,,
2023-09-18,105.19999694824219,5.05,4.32,4.4,91.47,,,,
2023-09-19,105.19999694824219,5.08,4.37,4.43,91.16,,,,
2023-09-20,105.16000366210938,5.12,4.35,4.4,89.2,,,,
2023-09-21,105.36000061035156,5.12,4.49,4.56,89.56,,,,
2023-09-22,105.58000183105469,5.1,4.44,4.53,90.0,,,,
2023-09-25,106.0,5.09,4.55,4.67,89.68,,,,
2023-09-26,106.2300033569336,5.04,4.56,4.7,91.43,,,,
2023-09-27,106.66999816894531,5.1,4.61,4.73,93.67,,,,
2023-09-28,106.22000122070312,5.04,4.59,4.71,91.65,,,,
2023-09-29,106.16999816894531,5.03,4.59,4.73,90.77,,,,
2023-10-01,,,,,,307.696,0.13668493471667986,3.2512659098611785,3.9
2023-10-02,106.9000015258789,5.12,4.69,4.81,88.81,,,,
2023-10-03,107.0,5.15,4.81,4.95,89.26,,,,
2023-10-04,106.80000305175781,5.05,4.73,4.87,84.32,,,,
2023-10-05,106.33000183105469,5.03,4.72,4.89,82.3,,,,
2023-10-06,106.04000091552734,5.08,4.78,4.95,82.83,,,,
2023-10-09,106.08000183105469,,,,,,,,
2023-10-10,105.83000183105469,4.96,4.66,4.85,85.89,,,,
2023-10-11,105.81999969482422,4.99,4.58,4.73,83.7,,,,
2023-10-12,106.56999969482422,5.06,4.7,4.86,82.87,,,,
2023-10-13,106.6500015258789,5.04,4.63,4.78,87.67,,,,
2023-10-16,106.23999786376953,5.09,4.71,4.87,86.65,,,,
2023-10-17,106.25,5.19,4.83,4.94,86.66,,,,
2023-10-18,106.56999969482422,5.19,4.91,5.0,88.35,,,,
2023-10-19,106.25,5.14,4.98,5.11,89.35,,,,
2023-10-20,106.16000366210938,5.07,4.93,5.09,89.12,,,,
2023-10-23,105.54000091552734,5.05,4.86,5.01,85.49,,,,
2023-10-24,106.2699966430664,5.02,4.83,4.96,84.58,,,,
2023-10-25,106.52999877929688,5.08,4.95,5.09,86.07,,,,
2023-10-26,106.5999984741211,5.02,4.86,5.01,83.8,,,,
2023-10-27,106.55999755859375,4.99,4.84,5.03,86.04,,,,
2023-10-30,106.12000274658203,5.03,4.88,5.04,83.03,,,,
2023-10-31,106.66000366210938,5.07,4.88,5.04,81.64,,,,
2023-11-01,106.87999725341797,4.95,4.77,4.96,81.05,308.148,0.14689823722116024,3.1333462745911866,3.7
2023-11-02,106.12000274658203,4.98,4.67,4.82,83.04,,,,
2023-11-03,105.0199966430664,4.83,4.57,4.77,81.19,,,,
2023-11-06,105.22000122070312,4.93,4.67,4.84,81.54,,,,
2023-11-07,105.54000091552734,4.91,4.58,4.75,77.96,,,,
2023-11-08,105.58999633789062,4.93,4.49,4.64,75.85,,,,
2023-11-09,105.91000366210938,5.03,4.62,4.77,76.34,,,,
2023-11-10,105.86000061035156,5.04,4.61,4.73,,,,,
2023-11-13,105.66000366210938,5.02,4.63,4.75,78.86,,,,
2023-11-14,104.11000061035156,4.8,4.44,4.61,78.9,,,,
2023-11-15,104.38999938964844,4.9,4.53,4.68,77.15,,,,
2023-11-16,104.37000274658203,4.83,4.45,4.63,73.5,,,,
2023-11-17,103.81999969482422,4.88,4.44,4.59,76.47,,,,
2023-11-20,103.47000122070312,4.89,4.42,4.57,78.1,,,,
2023-11-21,103.58999633789062,4.86,4.41,4.57,78.35,,,,
2023-11-22,103.91999816894531,4.89,4.42,4.55,76.8,,,,
2023-11-24,103.4000015258789,4.92,4.47,4.6,74.83,,,,
2023-11-27,103.19999694824219,4.84,4.39,4.53,74.46,,,,
2023-11-28,102.75,4.73,4.34,4.52,76.09,,,,
2023-11-29,102.7699966430664,4.64,4.27,4.44,77.56,,,,
2023-11-30,103.5,4.73,4.37,4.54,75.66,,,,
2023-12-01,103.2699966430664,4.56,4.22,4.4,73.7,308.741,0.1924399963653789,3.3159099427102934,3.8
2023-12-04,103.63999938964844,4.64,4.28,4.43,72.73,,,,
2023-12-05,104.05000305175781,4.57,4.18,4.3,71.95,,,,
2023-12-06,104.1500015258789,4.6,4.12,4.22,68.98,,,,
2023-12-07,103.54000091552734,4.58,4.14,4.25,69.0,,,,
2023-12-08,104.01000213623047,4.71,4.23,4.31,70.87,,,,
2023-12-11,104.0999984741211,4.71,4.23,4.32,70.95,,,,
2023-12-12,103.87000274658203,4.73,4.2,4.3,68.27,,,,
2023-12-13,102.87000274658203,4.46,4.04,4.19,69.09,,,,
2023-12-14,101.95999908447266,4.37,3.92,4.03,71.21,,,,
2023-12-15,102.55000305175781,4.44,3.91,4.0,71.05,,,,
2023-12-18,102.51000213623047,4.43,3.95,4.05,72.16,,,,
2023-12-19,102.16999816894531,4.41,3.93,4.03,73.23,,,,
2023-12-20,102.41000366210938,4.34,3.86,3.98,73.87,,,,
2023-12-21,101.83999633789062,4.33,3.89,4.03,73.59,,,,
2023-12-22,101.69999694824219,4.31,3.9,4.05,73.29,,,,
2023-12-26,101.47000122070312,4.26,3.89,4.04,75.84,,,,
2023-12-27,100.98999786376953,4.2,3.79,3.95,74.31,,,,
2023-12-28,101.2300033569336,4.26,3.84,3.98,72.02,,,,
2023-12-29,101.33000183105469,4.23,3.88,4.03,71.89,,,,
2024-01-01,,,,,,309.698,0.30996854969052023,3.0883429864855705,3.7
2024-01-02,102.19999694824219,4.33,3.95,4.08,70.62,,,,
2024-01-03,102.45999908447266,4.33,3.91,4.05,72.97,,,,
2024-01-04,102.41999816894531,4.38,3.99,4.13,72.38,,,,
2024-01-05,102.41000366210938,4.4,4.05,4.21,74.0,,,,
2024-01-08,102.20999908447266,4.36,4.01,4.17,71.06,,,,
2024-01-09,102.56999969482422,4.36,4.02,4.18,72.43,,,,
2024-01-10,102.36000061035156,4.37,4.04,4.2,71.57,,,,
2024-01-11,102.29000091552734,4.26,3.98,4.18,72.15,,,,
2024-01-12,102.4000015258789,4.14,3.96,4.2,72.94,,,,
2024-01-16,103.36000061035156,4.22,4.07,4.3,72.63,,,,
2024-01-17,103.44999694824219,4.34,4.1,4.31,72.79,,,,
2024-01-18,103.54000091552734,4.34,4.14,4.37,74.32,,,,
2024-01-19,103.29000091552734,4.39,4.15,4.36,73.69,,,,
2024-01-22,103.33000183105469,4.37,4.11,4.32,75.26,,,,
2024-01-23,103.62000274658203,4.31,4.14,4.38,74.72,,,,
2024-01-24,103.23999786376953,4.34,4.18,4.41,75.48,,,,
2024-01-25,103.56999969482422,4.28,4.14,4.38,77.91,,,,
2024-01-26,103.47000122070312,4.34,4.15,4.38,78.45,,,,
2024-01-29,103.61000061035156,4.29,4.08,4.31,77.25,,,,
2024-01-30,103.4000015258789,4.36,4.06,4.28,78.3,,,,
2024-01-31,103.2699966430664,4.27,3.99,4.22,76.28,,,,
2024-02-01,103.05000305175781,4.2,3.87,4.1,74.36,310.967,0.40975401843086345,3.157074141648697,3.9
2024-02-02,103.91999816894531,4.36,4.03,4.22,72.72,,,,
2024-02-05,104.44999694824219,4.46,4.17,4.35,73.21,,,,
2024-02-06,104.18000030517578,4.39,4.09,4.29,73.83,,,,
2024-02-07,104.04000091552734,4.41,4.09,4.31,74.26,,,,
2024-02-08,104.1500015258789,4.46,4.15,4.36,76.67,,,,
2024-02-09,104.08000183105469,4.48,4.17,4.37,77.26,,,,
2024-02-12,104.16999816894531,4.46,4.17,4.37,77.34,,,,
2024-02-13,104.95999908447266,4.64,4.31,4.46,78.28,,,,
2024-02-14,104.72000122070312,4.56,4.27,4.45,77.09,,,,
2024-02-15,104.30000305175781,4.56,4.24,4.42,78.47,,,,
2024-02-16,104.27999877929688,4.64,4.3,4.45,79.65,,,,
2024-02-20,104.08000183105469,4.59,4.27,4.44,78.72,,,,
2024-02-21,104.01000213623047,4.64,4.32,4.49,78.89,,,,
2024-02-22,103.95999908447266,4.69,4.33,4.47,79.64,,,,
2024-02-23,103.94000244140625,4.67,4.26,4.37,77.6,,,,
2024-02-26,103.83000183105469,4.69,4.28,4.4,78.53,,,,
2024-02-27,103.83000183105469,4.7,4.31,4.44,79.8,,,,
2024-02-28,103.9800033569336,4.64,4.27,4.4,79.44,,,,
2024-02-29,104.16000366210938,4.64,4.25,4.38,79.22,,,,
2024-03-01,103.86000061035156,4.54,4.19,4.33,80.9,312.345,0.4431338373525273,3.4868349120836584,3.9
2024-03-04,103.83000183105469,4.61,4.22,4.36,79.67,,,,
2024-03-05,103.80000305175781,4.54,4.13,4.27,79.11,,,,
2024-03-06,103.37000274658203,4.55,4.11,4.24,80.08,,,,
2024-03-07,102.81999969482422,4.5,4.09,4.25,79.81,,,,
2024-03-08,102.73999786376953,4.48,4.09,4.26,78.96,,,,
2024-03-11,102.87000274658203,4.51,4.1,4.26,78.87,,,,
2024-03-12,102.95999908447266,4.58,4.16,4.31,78.51,,,,
2024-03-13,102.79000091552734,4.61,4.19,4.35,80.67,,,,
2024-03-14,103.36000061035156,4.68,4.29,4.44,82.16,,,,
2024-03-15,103.43000030517578,4.72,4.31,4.43,81.94,,,,
2024-03-18,103.58000183105469,4.73,4.34,4.46,83.68,,,,
2024-03-19,103.80999755859375,4.68,4.3,4.44,84.39,,,,
2024-03-20,103.41000366210938,4.59,4.27,4.45,82.79,,,,
2024-03-21,104.0,4.62,4.27,4.44,81.99,,,,
2024-03-22,104.43000030517578,4.59,4.22,4.39,81.1,,,,
2024-03-25,104.2300033569336,4.54,4.25,4.42,82.41,,,,
2024-03-26,104.29000091552734,4.56,4.24,4.4,82.41,,,,
2024-03-27,104.3499984741211,4.54,4.2,4.36,82.15,,,,
2024-03-28,104.55000305175781,4.59,4.2,4.34,83.96,,,,
2024-04-01,105.0199966430664,4.72,4.33,4.47,84.54,313.023,0.21706766556210955,3.3607951262196734,3.9
2024-04-02,104.81999969482422,4.7,4.36,4.51,85.95,,,,
2024-04-03,104.25,4.68,4.36,4.51,86.22,,,,
2024-04-04,104.12000274658203,4.65,4.31,4.47,87.37,,,,
2024-04-05,104.30000305175781,4.73,4.39,4.54,87.69,,,,
2024-04-08,104.13999938964844,4.78,4.42,4.55,87.24,,,,
2024-04-09,104.1500015258789,4.74,4.36,4.5,86.04,,,,
2024-04-10,105.25,4.97,4.55,4.64,86.98,,,,
2024-04-11,105.27999877929688,4.93,4.56,4.65,85.79,,,,
2024-04-12,106.04000091552734,4.88,4.5,4.61,86.46,,,,
2024-04-15,106.20999908447266,4.93,4.63,4.74,86.21,,,,
2024-04-16,106.26000213623047,4.97,4.67,4.77,86.15,,,,
2024-04-17,105.94999694824219,4.93,4.59,4.71,83.58,,,,
2024-04-18,106.1500015258789,4.98,4.64,4.74,83.5,,,,
2024-04-19,106.1500015258789,4.97,4.62,4.72,83.79,,,,
2024-04-22,106.08000183105469,4.97,4.62,4.72,83.82,,,,
2024-04-23,105.69000244140625,4.86,4.61,4.73,84.17,,,,
2024-04-24,105.86000061035156,4.89,4.65,4.78,84.09,,,,
2024-04-25,105.5999984741211,4.96,4.7,4.82,84.92,,,,
2024-04-26,105.94000244140625,4.96,4.67,4.78,85.38,,,,
2024-04-29,105.58000183105469,4.97,4.63,4.75,84.26,,,,
2024-04-30,106.22000122070312,5.04,4.69,4.79,83.49,,,,
2024-05-01,105.76000213623047,4.96,4.63,4.74,80.7,313.175,0.04855873210594108,3.244278584003113,3.9
2024-05-02,105.30000305175781,4.87,4.58,4.72,80.59,,,,
2024-05-03,105.02999877929688,4.81,4.5,4.66,79.65,,,,
2024-05-06,105.05000305175781,4.82,4.49,4.64,80.1,,,,
2024-05-07,105.41000366210938,4.82,4.47,4.61,79.97,,,,
2024-05-08,105.55000305175781,4.84,4.48,4.64,80.57,,,,
2024-05-09,105.2300033569336,4.8,4.45,4.6,80.86,,,,
2024-05-10,105.30999755859375,4.87,4.5,4.64,79.81,,,,
2024-05-13,105.22000122070312,4.85,4.48,4.63,80.71,,,,
2024-05-14,105.01000213623047,4.81,4.45,4.59,79.62,,,,
2024-05-15,104.3499984741211,4.73,4.36,4.52,80.23,,,,
2024-05-16,104.45999908447266,4.78,4.38,4.52,80.85,,,,
2024-05-17,104.44999694824219,4.83,4.42,4.56,81.66,,,,
2024-05-20,104.56999969482422,4.82,4.44,4.58,81.39,,,,
2024-05-21,104.66000366210938,4.82,4.41,4.55,80.66,,,,
2024-05-22,104.94000244140625,4.86,4.43,4.55,79.15,,,,
2024-05-23,105.11000061035156,4.91,4.47,4.58,77.47,,,,
2024-05-24,104.72000122070312,4.93,4.46,4.57,78.48,,,,
2024-05-28,104.61000061035156,4.94,4.54,4.66,80.9,,,,
2024-05-29,105.0999984741211,4.96,4.61,4.74,80.24,,,,
2024-05-30,104.72000122070312,4.92,4.55,4.69,78.96,,,,
2024-05-31,104.66999816894531,4.89,4.51,4.65,77.97,,,,
2024-06-01,,,,,,313.044,-0.041829647960411886,2.9702579486470926,4.1
2024-06-03,104.13999938964844,4.82,4.41,4.55,75.26,,,,
2024-06-04,104.11000061035156,4.77,4.33,4.48,74.27,,,,
2024-06-05,104.2699966430664,4.72,4.29,4.44,75.08,,,,
2024-06-06,104.0999984741211,4.72,4.28,4.43,76.52,,,,
2024-06-07,104.88999938964844,4.87,4.43,4.55,76.53,,,,
2024-06-10,105.1500015258789,4.87,4.47,4.59,78.75,,,,
2024-06-11,105.2300033569336,4.81,4.39,4.53,78.88,,,,
2024-06-12,104.6500015258789,4.75,4.31,4.47,79.56,,,,
2024-06-13,105.19999694824219,4.68,4.24,4.4,79.61,,,,
2024-06-14,105.55000305175781,4.67,4.2,4.34,79.41,,,,
2024-06-17,105.31999969482422,4.75,4.28,4.4,81.33,,,,
2024-06-18,105.26000213623047,4.69,4.22,4.36,82.67,,,,
2024-06-20,105.58999633789062,4.7,4.25,4.39,83.34,,,,
2024-06-21,105.80000305175781,4.7,4.25,4.39,81.71,,,,
2024-06-24,105.47000122070312,4.71,4.25,4.38,82.63,,,,
2024-06-25,105.61000061035156,4.65,4.23,4.36,81.97,,,,
2024-06-26,106.05000305175781,4.71,4.32,4.45,82.19,,,,
2024-06-27,105.91000366210938,4.7,4.29,4.43,83.04,,,,
2024-06-28,105.87000274658203,4.71,4.36,4.51,82.83,,,,
2024-07-01,105.9000015258789,4.77,4.48,4.64,84.7,313.569,0.16770805381991494,2.9414757935583014,4.2
2024-07-02,105.72000122070312,4.74,4.43,4.6,84.09,,,,
2024-07-03,105.4000015258789,4.71,4.36,4.53,85.19,,,,
2024-07-05,104.87999725341797,4.6,4.28,4.47,84.44,,,,
2024-07-08,105.01000213623047,4.62,4.28,4.46,83.63,,,,
2024-07-09,105.12000274658203,4.62,4.3,4.49,82.78,,,,
2024-07-10,105.05000305175781,4.62,4.28,4.47,83.39,,,,
2024-07-11,104.44000244140625,4.5,4.2,4.41,83.92,,,,
2024-07-12,104.08999633789062,4.45,4.18,4.39,83.49,,,,
2024-07-15,104.19000244140625,4.44,4.23,4.46,83.22,,,,
2024-07-16,104.2699966430664,4.43,4.17,4.38,81.92,,,,
2024-07-17,103.75,4.42,4.16,4.37,84.16,,,,
2024-07-18,104.16999816894531,4.46,4.2,4.41,84.17,,,,
2024-07-19,104.4000015258789,4.49,4.25,4.45,81.43,,,,
2024-07-22,104.30999755859375,4.5,4.26,4.48,81.25,,,,
2024-07-23,104.44999694824219,4.4,4.25,4.48,78.24,,,,
2024-07-24,104.38999938964844,4.37,4.28,4.54,78.78,,,,
2024-07-25,104.36000061035156,4.41,4.27,4.5,79.43,,,,
2024-07-26,104.31999969482422,4.36,4.2,4.45,78.58,,,,
2024-07-29,104.55999755859375,4.36,4.17,4.42,77.27,,,,
2024-07-30,104.55000305175781,4.35,4.15,4.4,76.17,,,,
2024-07-31,104.0999984741211,4.29,4.09,4.35,79.36,,,,
2024-08-01,104.41999816894531,4.16,3.99,4.27,77.74,314.062,0.1572221743858515,2.607144490692037,4.2
2024-08-02,103.20999908447266,3.88,3.8,4.11,74.99,,,,
2024-08-05,102.69000244140625,3.89,3.78,4.06,74.46,,,,
2024-08-06,102.97000122070312,3.99,3.9,4.18,74.6,,,,
2024-08-07,103.19999694824219,4.0,3.96,4.26,76.68,,,,
2024-08-08,103.20999908447266,4.04,3.99,4.28,77.64,,,,
2024-08-09,103.13999938964844,4.05,3.94,4.23,78.28,,,,
2024-08-12,103.13999938964844,4.01,3.9,4.19,81.45,,,,
2024-08-13,102.55999755859375,3.93,3.85,4.16,79.81,,,,
2024-08-14,102.56999969482422,3.94,3.83,4.12,78.47,,,,
2024-08-15,102.9800033569336,4.08,3.92,4.18,79.66,,,,
2024-08-16,102.45999908447266,4.06,3.89,4.15,78.05,,,,
2024-08-19,101.88999938964844,4.06,3.86,4.11,75.82,,,,
2024-08-20,101.44000244140625,3.99,3.82,4.07,75.27,,,,
2024-08-21,101.04000091552734,3.92,3.79,4.06,72.76,,,,
2024-08-22,101.51000213623047,3.99,3.86,4.13,73.72,,,,
2024-08-23,100.72000122070312,3.9,3.81,4.1,75.82,,,,
2024-08-26,100.8499984741211,3.91,3.82,4.11,78.4,,,,
2024-08-27,100.55000305175781,3.83,3.83,4.13,76.5,,,,
2024-08-28,101.08999633789062,3.83,3.84,4.13,75.49,,,,
2024-08-29,101.33999633789062,3.87,3.87,4.15,76.9,,,,
2024-08-30,101.69999694824219,3.91,3.91,4.2,74.52,,,,
2024-09-01,,,,,,314.732,0.2133336729690294,2.4264830315416708,4.1
2024-09-03,101.83000183105469,3.88,3.84,4.13,71.28,,,,
2024-09-04,101.36000061035156,3.76,3.77,4.06,70.11,,,,
2024-09-05,101.11000061035156,3.75,3.73,4.02,70.09,,,,
2024-09-06,101.18000030517578,3.66,3.72,4.03,68.58,,,,
2024-09-09,101.55000305175781,3.68,3.7,4.0,69.65,,,,
2024-09-10,101.62999725341797,3.59,3.65,3.97,66.73,,,,
2024-09-11,101.68000030517578,3.62,3.65,3.96,68.25,,,,
2024-09-12,101.37000274658203,3.64,3.68,4.0,69.89,,,,
2024-09-13,101.11000061035156,3.57,3.66,3.98,69.59,,,,
2024-09-16,100.76000213623047,3.56,3.63,3.94,71.1,,,,
2024-09-17,100.88999938964844,3.59,3.65,3.96,72.16,,,,
2024-09-18,100.5999984741211,3.61,3.7,4.03,71.87,,,,
2024-09-19,100.61000061035156,3.59,3.73,4.06,72.86,,,,
2024-09-20,100.72000122070312,3.55,3.73,4.07,72.72,,,,
2024-09-23,100.91999816894531,3.57,3.75,4.09,71.33,,,,
2024-09-24,100.37000274658203,3.49,3.74,4.09,72.34,,,,
2024-09-25,100.91999816894531,3.53,3.79,4.14,70.42,,,,
2024-09-26,100.55999755859375,3.6,3.79,4.12,68.28,,,,
2024-09-27,100.41999816894531,3.55,3.75,4.1,68.72,,,,
2024-09-30,100.77999877929688,3.66,3.81,4.14,68.75,,,,
2024-10-01,101.19000244140625,3.61,3.74,4.08,70.41,315.631,0.2856398459641696,2.578844053871343,4.1
2024-10-02,101.68000030517578,3.63,3.79,4.14,70.74,,,,
2024-10-03,101.98999786376953,3.7,3.85,4.18,74.33,,,,
2024-10-04,102.5199966430664,3.93,3.98,4.26,74.93,,,,
2024-10-07,102.54000091552734,3.99,4.03,4.3,77.76,,,,
2024-10-08,102.55000305175781,3.98,4.04,4.32,74.26,,,,
2024-10-09,102.93000030517578,3.99,4.06,4.34,73.85,,,,
2024-10-10,102.98999786376953,3.98,4.09,4.38,76.46,,,,
2024-10-11,102.88999938964844,3.95,4.08,4.39,76.11,,,,
2024-10-14,103.30000305175781,,,,,,,,
2024-10-15,103.26000213623047,3.95,4.03,4.32,71.22,,,,
2024-10-16,103.58999633789062,3.93,4.02,4.3,70.97,,,,
2024-10-17,103.83000183105469,3.96,4.09,4.39,71.26,,,,
2024-10-18,103.48999786376953,3.95,4.08,4.38,69.78,,,,
2024-10-21,104.01000213623047,4.02,4.19,4.49,71.16,,,,
2024-10-22,104.08000183105469,4.03,4.2,4.49,72.84,,,,
2024-10-23,104.43000030517578,4.07,4.24,4.51,71.37,,,,
2024-10-24,104.05999755859375,4.07,4.21,4.47,70.58,,,,
2024-10-25,104.26000213623047,4.11,4.25,4.51,72.02,,,,
2024-10-28,104.31999969482422,4.12,4.28,4.53,67.65,,,,
2024-10-29,104.27999877929688,4.11,4.28,4.52,67.48,,,,
2024-10-30,103.98999786376953,4.15,4.29,4.49,68.91,,,,
2024-10-31,103.9800033569336,4.16,4.28,4.47,69.58,,,,
2024-11-01,104.27999877929688,4.21,4.37,4.57,69.81,316.528,0.28419261732848256,2.719472461284833,4.2
2024-11-04,103.88999938964844,4.17,4.31,4.5,71.83,,,,
2024-11-05,103.41999816894531,4.19,4.26,4.44,72.26,,,,
2024-11-06,105.08999633789062,4.27,4.42,4.6,71.98,,,,
2024-11-07,104.51000213623047,4.21,4.31,4.52,72.69,,,,
2024-11-08,105.0,4.26,4.3,4.47,70.69,,,,
2024-11-11,105.54000091552734,,,,,,,,
2024-11-12,106.0199966430664,4.34,4.43,4.58,68.43,,,,
2024-11-13,106.4800033569336,4.27,4.44,4.63,68.76,,,,
2024-11-14,106.66999816894531,4.34,4.43,4.58,68.99,,,,
2024-11-15,106.69000244140625,4.31,4.43,4.6,67.33,,,,
2024-11-18,106.27999877929688,4.29,4.42,4.61,69.46,,,,
2024-11-19,106.20999908447266,4.27,4.39,4.57,69.75,,,,
2024-11-20,106.68000030517578,4.31,4.41,4.59,69.25,,,,
2024-11-21,106.97000122070312,4.34,4.43,4.61,70.39,,,,
2024-11-22,107.48999786376953,4.37,4.41,4.6,71.68,,,,
2024-11-25,106.81999969482422,4.21,4.27,4.45,69.41,,,,
2024-11-26,107.01000213623047,4.21,4.3,4.48,69.05,,,,
2024-11-27,106.08000183105469,4.19,4.25,4.44,69.03,,,,
2024-11-29,105.73999786376953,4.13,4.18,4.36,68.26,,,,
2024-12-01,,,,,,317.604,0.3399383308901438,2.870690967509981,4.1
2024-12-02,106.44999694824219,4.17,4.19,4.36,68.35,,,,
2024-12-03,106.37000274658203,4.17,4.23,4.4,70.15,,,,
2024-12-04,106.33999633789062,4.13,4.19,4.35,68.81,,,,
2024-12-05,105.70999908447266,4.15,4.17,4.33,68.58,,,,
2024-12-06,105.97000122070312,4.1,4.15,4.34,68.58,,,,
2024-12-09,106.1500015258789,4.13,4.2,4.39,68.65,,,,
2024-12-10,106.4000015258789,4.15,4.22,4.41,68.85,,,,
2024-12-11,106.70999908447266,4.15,4.26,4.48,70.57,,,,
2024-12-12,106.95999908447266,4.18,4.32,4.55,70.25,,,,
2024-12-13,107.0,4.25,4.4,4.61,71.54,,,,
2024-12-16,106.86000061035156,4.25,4.39,4.6,71.03,,,,
2024-12-17,106.95999908447266,4.25,4.4,4.59,70.31,,,,
2024-12-18,108.02999877929688,4.35,4.5,4.65,70.8,,,,
2024-12-19,108.41000366210938,4.32,4.57,4.74,70.1,,,,
2024-12-20,107.62000274658203,4.3,4.52,4.72,69.71,,,,
2024-12-23,108.04000091552734,4.3,4.59,4.78,69.5,,,,
2024-12-24,108.26000213623047,4.29,4.59,4.76,70.87,,,,
2024-12-26,108.12999725341797,4.3,4.58,4.76,70.38,,,,
2024-12-27,108.0,4.31,4.62,4.82,71.28,,,,
2024-12-30,108.12999725341797,4.24,4.55,4.77,71.73,,,,
2024-12-31,108.48999786376953,4.25,4.58,4.78,72.44,,,,
2025-01-01,,,,,,318.961,0.42726162139017365,2.9909783078999608,4.0
2025-01-02,109.38999938964844,4.25,4.57,4.79,73.79,,,,
2025-01-03,108.94999694824219,4.28,4.6,4.82,74.64,,,,
2025-01-06,108.26000213623047,4.28,4.62,4.85,74.31,,,,
2025-01-07,108.54000091552734,4.3,4.67,4.91,74.99,,,,
2025-01-08,109.08999633789062,4.28,4.67,4.91,73.99,,,,
2025-01-09,109.18000030517578,4.27,4.68,4.92,,,,,
2025-01-10,109.6500015258789,4.4,4.77,4.96,77.27,,,,
2025-01-13,109.95999908447266,4.4,4.79,4.97,79.57,,,,
2025-01-14,109.2699966430664,4.37,4.78,4.98,78.2,,,,
2025-01-15,109.08999633789062,4.27,4.66,4.88,80.73,,,,
2025-01-16,108.95999908447266,4.23,4.61,4.84,79.35,,,,
2025-01-17,109.3499984741211,4.27,4.61,4.84,78.56,,,,
2025-01-21,108.05999755859375,4.29,4.57,4.8,76.79,,,,
2025-01-22,108.16999816894531,4.29,4.6,4.82,76.12,,,,
2025-01-23,108.05000305175781,4.29,4.65,4.87,75.03,,,,
2025-01-24,107.44000244140625,4.27,4.63,4.85,74.97,,,,
2025-01-27,107.33999633789062,4.17,4.53,4.76,73.51,,,,
2025-01-28,107.87000274658203,4.19,4.55,4.78,74.15,,,,
2025-01-29,108.0,4.21,4.55,4.79,72.94,,,,
2025-01-30,107.80000305175781,4.18,4.52,4.76,73.1,,,,
2025-01-31,108.37000274658203,4.22,4.58,4.83,72.84,,,,
2025-02-01,,,,,,319.679,0.22510589068882592,2.8015834477613355,4.2
2025-02-03,108.98999786376953,4.26,4.54,4.77,73.52,,,,
2025-02-04,107.95999908447266,4.21,4.52,4.75,73.04,,,,
2025-02-05,107.58000183105469,4.17,4.43,4.64,71.39,,,,
2025-02-06,107.69000244140625,4.21,4.45,4.65,70.97,,,,
2025-02-07,108.04000091552734,4.29,4.49,4.69,71.32,,,,
2025-02-10,108.31999969482422,4.28,4.51,4.71,72.73,,,,
2025-02-11,107.95999908447266,4.29,4.54,4.75,73.67,,,,
2025-02-12,107.94000244140625,4.36,4.62,4.83,71.72,,,,
2025-02-13,107.30999755859375,4.31,4.52,4.72,71.66,,,,
2025-02-14,106.56999969482422,4.26,4.47,4.69,71.05,,,,
2025-02-18,107.05000305175781,4.29,4.55,4.77,72.21,,,,
2025-02-19,107.16999816894531,4.28,4.53,4.76,72.58,,,,
2025-02-20,106.33999633789062,4.28,4.5,4.74,72.88,,,,
2025-02-21,106.61000061035156,4.19,4.42,4.67,70.72,,,,
2025-02-24,106.5999984741211,4.13,4.4,4.66,71.06,,,,
2025-02-25,106.30999755859375,4.07,4.3,4.55,69.15,,,,
2025-02-26,106.41999816894531,4.05,4.25,4.51,68.87,,,,
2025-02-27,107.23999786376953,4.07,4.29,4.56,70.62,,,,
2025-02-28,107.61000061035156,3.99,4.24,4.51,69.97,,,,
2025-03-01,,,,,,319.785,0.03315826188146076,2.381981462805549,4.2
2025-03-03,106.75,3.96,4.16,4.45,68.63,,,,
2025-03-04,105.73999786376953,3.96,4.22,4.53,68.47,,,,
2025-03-05,105.73999786376953,3.99,4.28,4.57,66.58,,,,
2025-03-06,104.05999755859375,3.96,4.29,4.58,66.62,,,,
2025-03-07,103.83999633789062,3.99,4.32,4.62,67.29,,,,
2025-03-10,103.91000366210938,3.89,4.22,4.54,66.31,,,,
2025-03-11,103.44000244140625,3.94,4.28,4.59,66.52,,,,
2025-03-12,103.61000061035156,4.01,4.32,4.63,67.65,,,,
2025-03-13,103.83000183105469,3.94,4.27,4.59,66.82,,,,
2025-03-14,103.72000122070312,4.02,4.31,4.62,67.43,,,,
2025-03-17,103.37000274658203,4.06,4.31,4.6,67.84,,,,
2025-03-18,103.23999786376953,4.04,4.29,4.58,67.49,,,,
2025-03-19,103.43000030517578,3.99,4.25,4.56,67.4,,,,
2025-03-20,103.8499984741211,3.95,4.24,4.55,68.55,,,,
2025-03-21,104.08999633789062,3.94,4.25,4.59,68.52,,,,
2025-03-24,104.26000213623047,4.04,4.34,4.66,69.46,,,,
2025-03-25,104.18000030517578,3.96,4.31,4.65,69.48,,,,
2025-03-26,104.55000305175781,3.98,4.35,4.69,70.05,,,,
2025-03-27,104.06999969482422,3.97,4.38,4.73,70.3,,,,
2025-03-28,104.04000091552734,3.89,4.27,4.64,69.74,,,,
2025-03-31,104.20999908447266,3.89,4.23,4.59,71.87,,,,
2025-04-01,104.26000213623047,3.87,4.17,4.52,71.61,320.302,0.16167112278562268,2.32538823025783,4.2
2025-04-02,103.80999755859375,3.91,4.2,4.54,72.12,,,,
2025-04-03,102.06999969482422,3.71,4.06,4.49,67.43,,,,
2025-04-04,103.0199966430664,3.68,4.01,4.41,62.42,,,,
2025-04-07,103.26000213623047,3.73,4.15,4.58,61.05,,,,
2025-04-08,102.95999908447266,3.71,4.26,4.71,60.04,,,,
2025-04-09,102.9000015258789,3.91,4.34,4.72,62.63,,,,
2025-04-10,100.87000274658203,3.84,4.4,4.86,60.57,,,,
2025-04-11,99.77999877929688,3.96,4.48,4.85,61.91,,,,
2025-04-14,99.63999938964844,3.84,4.38,4.8,61.99,,,,
2025-04-15,100.22000122070312,3.84,4.35,4.79,61.74,,,,
2025-04-16,99.37999725341797,3.77,4.29,4.74,62.88,,,,
2025-04-17,99.37999725341797,3.81,4.34,4.8,65.07,,,,
2025-04-21,98.27999877929688,3.75,4.42,4.91,63.48,,,,
2025-04-22,98.91999816894531,3.76,4.41,4.88,64.6,,,,
2025-04-23,99.83999633789062,3.81,4.4,4.83,62.64,,,,
2025-04-24,99.29000091552734,3.77,4.32,4.77,63.55,,,,
2025-04-25,99.47000122070312,3.74,4.29,4.74,63.85,,,,
2025-04-28,99.01000213623047,3.67,4.23,4.69,63.3,,,,
2025-04-29,99.23999786376953,3.65,4.19,4.64,61.84,,,,
2025-04-30,99.47000122070312,3.6,4.17,4.66,59.55,,,,
2025-05-01,100.25,3.7,4.25,4.74,60.59,320.62,0.09928130327003792,2.3772651073680873,4.3
2025-05-02,100.0,3.83,4.33,4.79,59.67,,,,
2025-05-05,99.83000183105469,3.83,4.36,4.83,58.5,,,,
2025-05-06,99.23999786376953,3.78,4.3,4.81,60.42,,,,
2025-05-07,99.61000061035156,3.78,4.26,4.77,59.42,,,,
2025-05-08,100.63999938964844,3.9,4.37,4.83,61.25,,,,
2025-05-09,100.33999633789062,3.88,4.37,4.83,62.37,,,,
2025-05-12,101.79000091552734,3.98,4.45,4.89,63.32,,,,
2025-05-13,101.0,4.02,4.49,4.94,65.04,,,,
2025-05-14,101.04000091552734,4.05,4.53,4.97,64.48,,,,
2025-05-15,100.87999725341797,3.96,4.45,4.91,63.03,,,,
2025-05-16,101.08999633789062,3.98,4.43,4.89,63.84,,,,
2025-05-19,100.43000030517578,3.97,4.46,4.92,63.98,,,,
2025-05-20,100.12000274658203,3.97,4.48,4.96,63.97,,,,
2025-05-21,99.55999755859375,4.0,4.58,5.08,62.93,,,,
2025-05-22,99.95999908447266,4.0,4.54,5.05,62.55,,,,
2025-05-23,99.11000061035156,4.0,4.51,5.04,62.89,,,,
2025-05-26,98.93000030517578,,,,,,,,
2025-05-27,99.5199966430664,3.92,4.43,4.94,61.61,,,,
2025-05-28,99.87999725341797,3.96,4.47,4.97,62.54,,,,
2025-05-29,99.27999877929688,3.92,4.43,4.92,61.66,,,,
2025-05-30,99.33000183105469,3.89,4.41,4.92,61.46,,,,
2025-06-01,,,,,,321.435,0.2541949971929469,2.680453865910226,4.1
2025-06-02,98.69999694824219,3.94,4.46,4.99,63.27,,,,
2025-06-03,99.25,3.96,4.46,4.98,64.1,,,,
2025-06-04,98.79000091552734,3.87,4.37,4.89,63.57,,,,
2025-06-05,98.73999786376953,3.92,4.4,4.88,64.06,,,,
2025-06-06,99.19000244140625,4.04,4.51,4.97,65.3,,,,
2025-06-09,98.94000244140625,4.01,4.49,4.95,65.99,,,,
2025-06-10,99.05000305175781,4.01,4.47,4.93,65.66,,,,
2025-06-11,98.62999725341797,3.94,4.41,4.91,68.91,,,,
2025-06-12,97.91999816894531,3.9,4.36,4.84,68.73,,,,
2025-06-13,98.18000030517578,3.96,4.41,4.9,73.84,,,,
2025-06-16,98.0,3.97,4.46,4.96,72.53,,,,
2025-06-17,98.81999969482422,3.94,4.39,4.88,75.62,,,,
2025-06-18,98.91000366210938,3.94,4.38,4.88,75.89,,,,
2025-06-20,98.70999908447266,3.9,4.38,4.89,75.72,,,,
2025-06-23,98.41999816894531,3.84,4.34,4.87,69.36,,,,
2025-06-24,97.86000061035156,3.75,4.3,4.83,65.45,,,,
2025-06-25,97.68000030517578,3.74,4.29,4.83,65.98,,,,
2025-06-26,97.1500015258789,3.7,4.26,4.81,66.44,,,,
2025-06-27,97.4000015258789,3.73,4.29,4.85,66.66,,,,
2025-06-30,96.87999725341797,3.72,4.24,4.78,66.3,,,,
2025-07-01,96.81999969482422,3.78,4.26,4.78,66.64,322.169,0.22835098853577485,2.742618052167134,4.3
2025-07-02,96.77999877929688,3.78,4.3,4.82,68.66,,,,
2025-07-03,97.18000030517578,3.88,4.35,4.86,68.13,,,,
2025-07-07,97.4800033569336,3.9,4.4,4.92,69.16,,,,
2025-07-08,97.51000213623047,3.9,4.42,4.94,69.55,,,,
2025-07-09,97.47000122070312,3.86,4.34,4.87,69.61,,,,
2025-07-10,97.6500015258789,3.86,4.35,4.86,67.78,,,,
2025-07-11,97.8499984741211,3.9,4.43,4.96,69.63,,,,
2025-07-14,98.08000183105469,3.9,4.43,4.97,68.19,,,,
2025-07-15,98.62000274658203,3.95,4.5,5.01,67.76,,,,
2025-07-16,98.38999938964844,3.88,4.46,5.01,67.13,,,,
2025-07-17,98.7300033569336,3.91,4.47,5.01,68.76,,,,
2025-07-18,98.4800033569336,3.88,4.44,5.0,68.53,,,,
2025-07-21,97.8499984741211,3.85,4.38,4.94,68.39,,,,
2025-07-22,97.38999938964844,3.83,4.35,4.9,67.56,,,,
2025-07-23,97.20999908447266,3.88,4.4,4.95,66.05,,,,
2025-07-24,97.37999725341797,3.91,4.43,4.96,67.16,,,,
2025-07-25,97.6500015258789,3.91,4.4,4.92,66.38,,,,
2025-07-28,98.66000366210938,3.91,4.42,4.96,67.81,,,,
2025-07-29,98.91000366210938,3.86,4.34,4.86,70.27,,,,
2025-07-30,99.94000244140625,3.94,4.38,4.89,71.09,,,,
2025-07-31,100.02999877929688,3.94,4.37,4.89,70.36,,,,
2025-08-01,98.69000244140625,3.69,4.23,4.81,68.39,323.291,0.3482644202266627,2.9385917430316155,4.3
2025-08-04,98.77999877929688,3.69,4.22,4.8,67.33,,,,
2025-08-05,98.77999877929688,3.72,4.22,4.78,66.2,,,,
2025-08-06,98.18000030517578,3.69,4.22,4.81,65.38,,,,
2025-08-07,98.4000015258789,3.72,4.23,4.81,64.9,,,,
2025-08-08,98.18000030517578,3.76,4.27,4.85,64.94,,,,
2025-08-11,98.5199966430664,3.76,4.27,4.84,65.03,,,,
2025-08-12,98.0999984741211,3.72,4.29,4.88,64.22,,,,
2025-08-13,97.83999633789062,3.67,4.24,4.83,63.68,,,,
2025-08-14,98.25,3.74,4.29,4.88,64.99,,,,
2025-08-15,97.8499984741211,3.75,4.33,4.92,63.78,,,,
2025-08-18,98.16999816894531,3.77,4.34,4.94,64.51,,,,
2025-08-19,98.2699966430664,3.75,4.3,4.9,63.38,,,,
2025-08-20,98.22000122070312,3.74,4.29,4.89,64.19,,,,
2025-08-21,98.62000274658203,3.79,4.33,4.92,64.56,,,,
2025-08-22,97.72000122070312,3.68,4.26,4.88,64.08,,,,
2025-08-25,98.43000030517578,3.73,4.28,4.89,65.18,,,,
2025-08-26,98.2300033569336,3.61,4.26,4.9,63.6,,,,
2025-08-27,98.2300033569336,3.59,4.24,4.91,64.49,,,,
2025-08-28,97.80999755859375,3.62,4.22,4.88,64.96,,,,
2025-08-29,97.7699966430664,3.59,4.23,4.92,64.36,,,,
2025-09-01,,,,,,324.245,0.2950901819104068,3.0225715847133294,4.4
2025-09-02,98.4000015258789,3.66,4.28,4.97,65.95,,,,
2025-09-03,98.13999938964844,3.61,4.22,4.9,64.36,,,,
2025-09-04,98.3499984741211,3.59,4.17,4.86,63.81,,,,
2025-09-05,97.7699966430664,3.51,4.1,4.78,62.22,,,,
2025-09-08,97.44999694824219,3.49,4.05,4.69,62.6,,,,
2025-09-09,97.79000091552734,3.54,4.08,4.72,62.97,,,,
2025-09-10,97.77999877929688,3.54,4.04,4.69,64.01,,,,
2025-09-11,97.54000091552734,3.52,4.01,4.65,62.71,,,,
2025-09-12,97.55000305175781,3.56,4.06,4.68,63.02,,,,
2025-09-15,97.30000305175781,3.54,4.05,4.66,63.66,,,,
2025-09-16,96.62999725341797,3.51,4.04,4.65,64.89,,,,
2025-09-17,96.87000274658203,3.52,4.06,4.66,64.41,,,,
2025-09-18,97.3499984741211,3.57,4.11,4.72,63.91,,,,
2025-09-19,97.63999938964844,3.57,4.14,4.75,63.02,,,,
2025-09-22,97.33000183105469,3.61,4.15,4.77,62.99,,,,
2025-09-23,97.26000213623047,3.53,4.12,4.73,63.76,,,,
2025-09-24,97.87000274658203,3.57,4.16,4.76,65.4,,,,
2025-09-25,98.55000305175781,3.64,4.18,4.75,65.51,,,,
2025-09-26,98.1500015258789,3.63,4.2,4.77,66.5,,,,
2025-09-29,97.91000366210938,3.63,4.15,4.71,64.27,,,,
2025-09-30,97.7699966430664,3.6,4.16,4.73,63.17,,,,
2025-10-01,97.70999908447266,3.55,4.12,4.72,62.59,,,,
2025-10-02,97.8499984741211,3.55,4.1,4.69,61.28,,,,
2025-10-03,97.72000122070312,3.58,4.13,4.71,61.65,,,,
2025-10-06,98.11000061035156,3.6,4.18,4.76,62.49,,,,
2025-10-07,98.58000183105469,3.57,4.14,4.73,62.52,,,,
2025-10-08,98.8499984741211,3.58,4.13,4.72,63.37,,,,
2025-10-09,99.54000091552734,3.6,4.14,4.72,62.36,,,,
2025-10-10,98.9800033569336,3.52,4.05,4.63,59.75,,,,
2025-10-13,99.2699966430664,,,,,,,,
2025-10-14,99.05000305175781,3.48,4.03,4.62,59.52,,,,
2025-10-15,98.79000091552734,3.5,4.05,4.64,59.08,,,,
2025-10-16,98.38999938964844,3.41,3.99,4.58,58.29,,,,
2025-10-17,98.43000030517578,3.46,4.02,4.6,58.3,,,,
2025-10-20,98.58999633789062,3.46,4.0,4.58,58.34,,,,
2025-10-21,98.93000030517578,3.45,3.98,4.55,58.66,,,,
2025-10-22,98.9000015258789,3.45,3.97,4.54,59.3,,,,
2025-10-23,98.94000244140625,3.48,4.01,4.58,62.44,,,,
2025-10-24,98.94999694824219,3.48,4.02,4.59,62.27,,,,
2025-10-27,98.77999877929688,3.48,4.01,4.57,62.13,,,,
2025-10-28,98.69000244140625,3.47,3.99,4.55,60.97,,,,
2025-10-29,99.22000122070312,3.59,4.08,4.61,61.26,,,,
2025-10-30,99.52999877929688,3.61,4.11,4.65,61.36,,,,
2025-10-31,99.80000305175781,3.6,4.11,4.67,61.75,,,,
2025-11-01,,,,,,325.063,,2.6964439164939513,4.5
2025-11-03,99.87000274658203,3.6,4.13,4.69,61.79,,,,
2025-11-04,100.22000122070312,3.58,4.1,4.67,61.38,,,,
2025-11-05,100.19999694824219,3.63,4.17,4.74,60.4,,,,
2025-11-06,99.7300033569336,3.57,4.11,4.69,60.24,,,,
2025-11-07,99.5999984741211,3.55,4.11,4.7,60.54,,,,
2025-11-10,99.62000274658203,3.58,4.13,4.71,60.94,,,,
2025-11-11,99.45999908447266,,,,,,,,
2025-11-12,99.4800033569336,3.56,4.08,4.67,59.3,,,,
2025-11-13,99.18000030517578,3.58,4.11,4.7,59.54,,,,
2025-11-14,99.2699966430664,3.62,4.14,4.74,60.87,,,,
2025-11-17,99.58999633789062,3.6,4.13,4.73,60.66,,,,
2025-11-18,99.55000305175781,3.58,4.12,4.74,61.51,,,,
2025-11-19,100.2300033569336,3.58,4.13,4.75,60.27,,,,
2025-11-20,100.16000366210938,3.55,4.1,4.73,60.07,,,,
2025-11-21,100.18000030517578,3.51,4.06,4.71,58.86,,,,
2025-11-24,100.13999938964844,3.46,4.04,4.68,59.11,,,,
2025-11-25,99.66000366210938,3.43,4.01,4.67,58.25,,,,
2025-11-26,99.5999984741211,3.45,4.0,4.64,58.81,,,,
2025-11-28,99.45999908447266,3.47,4.02,4.67,58.58,,,,
2025-12-01,99.41000366210938,3.54,4.09,4.74,59.47,326.031,0.297788428704604,2.653304114557753,4.4
2025-12-02,99.36000061035156,3.51,4.09,4.74,58.81,,,,
2025-12-03,98.8499984741211,3.49,4.06,4.73,59.09,,,,
2025-12-04,98.98999786376953,3.52,4.11,4.76,59.82,,,,
2025-12-05,98.98999786376953,3.56,4.14,4.79,60.23,,,,
2025-12-08,99.08999633789062,3.57,4.17,4.81,59.04,,,,
2025-12-09,99.22000122070312,3.61,4.18,4.8,58.4,,,,
2025-12-10,98.79000091552734,3.54,4.13,4.78,58.67,,,,
2025-12-11,98.3499984741211,3.52,4.14,4.79,57.76,,,,
2025-12-12,98.4000015258789,3.52,4.19,4.85,57.61,,,,
2025-12-15,98.1500015258789,3.51,4.18,4.84,56.97,,,,
2025-12-16,98.1500015258789,3.48,4.15,4.82,55.44,,,,
2025-12-17,98.37000274658203,3.49,4.16,4.83,56.07,,,,
2025-12-18,98.43000030517578,3.46,4.12,4.8,56.22,,,,
2025-12-19,98.5999984741211,3.48,4.16,4.82,56.8,,,,
2025-12-22,98.29000091552734,3.44,4.17,4.84,58.18,,,,
2025-12-23,97.94000244140625,3.48,4.18,4.83,58.55,,,,
2025-12-24,97.9800033569336,3.47,4.15,4.79,58.72,,,,
2025-12-26,98.0199966430664,3.46,4.14,4.81,56.6,,,,
2025-12-29,98.04000091552734,3.45,4.12,4.8,57.89,,,,
2025-12-30,98.23999786376953,3.45,4.14,4.81,57.79,,,,
2025-12-31,98.27999877929688,3.47,4.18,4.84,57.26,,,,
2026-01-01,,,,,,326.588,0.170842649932057,2.391201432150014,4.3
2026-01-02,98.41999816894531,3.47,4.19,4.86,57.21,,,,
2026-01-05,98.2699966430664,3.46,4.17,4.85,58.1,,,,
2026-01-06,98.58000183105469,3.47,4.18,4.86,56.97,,,,
2026-01-07,98.68000030517578,3.47,4.15,4.82,56.01,,,,
2026-01-08,98.93000030517578,3.49,4.19,4.85,57.74,,,,
2026-01-09,99.12999725341797,3.54,4.18,4.82,58.96,,,,
2026-01-12,98.86000061035156,3.54,4.19,4.83,59.39,,,,
2026-01-13,99.12999725341797,3.53,4.18,4.83,60.85,,,,
2026-01-14,99.12999725341797,3.51,4.15,4.79,61.84,,,,
2026-01-15,99.31999969482422,3.56,4.17,4.79,59.13,,,,
2026-01-16,99.38999938964844,3.59,4.24,4.83,59.4,,,,
2026-01-20,98.63999938964844,3.6,4.3,4.91,60.3,,,,
2026-01-21,98.76000213623047,3.6,4.26,4.87,60.38,,,,
2026-01-22,98.36000061035156,3.61,4.26,4.84,59.24,,,,
2026-01-23,97.5999984741211,3.6,4.24,4.82,60.7,,,,
2026-01-26,97.04000091552734,3.56,4.22,4.8,60.46,,,,
2026-01-27,96.22000122070312,3.53,4.24,4.83,62.04,,,,
2026-01-28,96.44999694824219,3.56,4.26,4.85,62.75,,,,
2026-01-29,96.27999877929688,3.53,4.24,4.85,64.77,,,,
2026-01-30,96.98999786376953,3.52,4.26,4.87,64.5,,,,
2026-02-01,,,,,,327.46,0.26700307420970404,2.4340041103732224,4.4
2026-02-02,97.61000061035156,3.57,4.29,4.9,61.6,,,,
2026-02-03,97.44000244140625,3.57,4.28,4.9,62.62,,,,
2026-02-04,97.62000274658203,3.57,4.29,4.91,64.56,,,,
2026-02-05,97.81999969482422,3.47,4.21,4.85,62.9,,,,
2026-02-06,97.62999725341797,3.5,4.22,4.85,63.77,,,,
2026-02-09,96.81999969482422,3.48,4.22,4.85,64.53,,,,
2026-02-10,96.80000305175781,3.45,4.16,4.78,64.2,,,,
2026-02-11,96.83000183105469,3.52,4.18,4.82,64.8,,,,
2026-02-12,96.93000030517578,3.47,4.09,4.72,63.08,,,,
2026-02-13,96.87999725341797,3.4,4.04,4.69,63.05,,,,
2026-02-17,97.16000366210938,3.43,4.05,4.68,62.53,,,,
2026-02-18,97.69999694824219,3.47,4.09,4.71,65.33,,,,
2026-02-19,97.93000030517578,3.47,4.08,4.7,66.66,,,,
2026-02-20,97.80000305175781,3.48,4.08,4.72,66.69,,,,
2026-02-23,97.69999694824219,3.43,4.03,4.7,66.36,,,,
2026-02-24,97.87999725341797,3.43,4.04,4.7,65.62,,,,
2026-02-25,97.69999694824219,3.45,4.05,4.7,65.3,,,,
2026-02-26,97.79000091552734,3.42,4.02,4.67,65.1,,,,
2026-02-27,97.61000061035156,3.38,3.97,4.64,66.96,,,,
2026-03-01,,,,,,,,,4.3
2026-03-02,98.37999725341797,3.47,4.05,4.7,71.13,,,,
2026-03-03,99.05000305175781,3.51,4.06,4.7,74.48,,,,
2026-03-04,98.7699966430664,3.54,4.09,4.72,74.58,,,,
2026-03-05,99.31999969482422,3.57,4.13,4.74,80.88,,,,
2026-03-06,98.98999786376953,3.56,4.15,4.77,90.77,,,,
2026-03-09,99.18000030517578,3.56,4.12,4.72,94.65,,,,
2026-03-10,98.83000183105469,3.57,4.15,4.78,83.71,,,,
2026-03-11,99.2300033569336,3.64,4.21,4.86,86.8,,,,
2026-03-12,99.73999786376953,3.76,4.27,4.88,95.61,,,,
2026-03-13,100.36000061035156,3.73,4.28,4.9,98.48,,,,
2026-03-16,99.70999908447266,3.68,4.23,4.86,93.39,,,,
2026-03-17,99.58000183105469,3.68,4.2,4.85,96.01,,,,
2026-03-18,100.08999633789062,3.76,4.26,4.88,96.12,,,,
2026-03-19,99.2300033569336,3.79,4.25,4.83,96.11,,,,
2026-03-20,99.6500015258789,3.88,4.39,4.96,98.71,,,,
2026-03-23,98.94999694824219,3.83,4.34,4.91,89.33,,,,
2026-03-24,99.43000030517578,3.9,4.39,4.94,93.18,,,,
2026-03-25,99.5999984741211,3.84,4.33,4.89,91.51,,,,
2026-03-26,99.9000015258789,3.96,4.42,4.93,96.18,,,,
2026-03-27,100.1500015258789,3.88,4.44,4.98,101.26,,,,
2026-03-30,100.51000213623047,3.82,4.35,4.91,104.69,,,,
2026-03-31,99.95999908447266,3.79,4.3,4.88,,,,,
2026-04-01,99.6500015258789,3.81,4.33,4.91,,,,,
2026-04-02,100.02999877929688,3.79,4.31,4.88,,,,,
2026-04-03,,3.84,4.35,4.91,,,,,
2026-04-06,99.9800033569336,,,,,,,,
2026-04-07,99.9540023803711,,,,,,,,
