setup,side,trend_bucket,trades,win_rate,avg_return_pct,median_return_pct,avg_r_multiple,total_return,avg_touch_count,avg_hold_days
break,long,soft,13,0.5384615384615384,0.0057933611177187075,0.00038131553860809575,0.6725155212480248,0.07691094313373759,4.076923076923077,9.153846153846153
break,short,strong,12,0.75,0.004350181479059967,0.003972025216706032,1.47001588905254,0.053342767101959954,3.5833333333333335,7.125
bounce,long,steady,37,0.35135135135135137,0.0004474389603626645,-0.0003602954422625704,-2.1036213306023526,0.015291069577434202,3.6216216216216215,4.3108108108108105
bounce,long,soft,29,0.20689655172413793,0.0006544818279365506,-0.0016813002054922865,0.6669674907570551,0.015169681315979178,3.7241379310344827,9.39655172413793
break,long,steady,9,0.4444444444444444,0.0010904918444940694,-0.003004205888243461,0.8614164218049324,0.008812213048087658,3.3333333333333335,7.777777777777778
break,long,strong,16,0.375,0.0005064971253073078,-0.00036262240941548063,-0.14310191307900336,0.00787516032926372,3.625,4.9375
break,short,soft,13,0.46153846153846156,0.00044365712457183903,-0.00038865137971222374,0.17664875733771532,0.005563977572627721,4.0,5.461538461538462
bounce,short,strong,28,0.42857142857142855,0.00018956036925859326,-0.00058097557393888,-0.8884254971386941,0.004527431975756002,3.607142857142857,2.8392857142857144
bounce,short,steady,37,0.32432432432432434,-0.00021337603054731027,-0.0003843197540354115,-1.4988373622964368,-0.008507223438919076,3.864864864864865,3.027027027027027
bounce,short,soft,38,0.15789473684210525,-0.00047066582861482464,-0.0013136942675159302,-1.9746221362948135,-0.01884599539440368,3.789473684210526,5.052631578947368
bounce,long,strong,37,0.35135135135135137,-0.0010463832018549868,-0.00038707180181929424,1.797529054343092,-0.038403128669989406,3.3513513513513513,1.8918918918918919
break,short,steady,10,0.2,-0.004141101700200367,-0.004655315501618906,-0.6523940981778601,-0.04081810710529332,3.7,3.95
