setup,side,trend_bucket,trades,win_rate,avg_return_pct,median_return_pct,avg_r_multiple,total_return,avg_touch_count,avg_hold_days
bounce,long,soft,3,0.6666666666666666,0.5053736366347975,0.03742192547921608,30.498110390277578,1.5551818192986757,3.3333333333333335,196.5
break,long,steady,3,0.6666666666666666,0.06261689675307858,0.02044109736417421,5.498556040555422,0.19052838703601904,3.3333333333333335,7.166666666666667
bounce,long,steady,7,0.42857142857142855,0.02631888362429877,-0.015648050579557538,3.5146661068211387,0.18005514840753123,3.0,37.42857142857143
break,long,soft,2,0.5,0.019748410852219567,0.019748410852219567,0.3959079040006077,0.0387226405479677,3.0,5.0
break,short,steady,3,0.6666666666666666,0.009030944788762152,0.018141812141170888,0.4966646161327694,0.02698795365787654,3.0,8.833333333333334
bounce,long,strong,9,0.4444444444444444,0.002973466244073248,-0.001215789047091631,0.7274621615843722,0.026568379330453418,3.0,5.5
bounce,short,soft,9,0.4444444444444444,0.0026575752926480956,-0.006026224007769976,-0.57181860353463,0.022511017755412643,3.4444444444444446,25.27777777777778
break,long,strong,1,0.0,-0.009094583670169687,-0.009094583670169687,-0.4228528472091714,-0.009094583670169687,3.0,4.5
break,short,soft,2,0.0,-0.004752266681578798,-0.004752266681578798,-0.2249941832447082,-0.009493197215325377,3.5,3.0
bounce,short,strong,6,0.3333333333333333,-0.0020391182430376984,-0.002316203671876793,-1.1199439255395625,-0.012224835280640223,3.3333333333333335,4.833333333333333
bounce,short,steady,2,0.5,-0.007303218567880826,-0.007303218567880826,0.8835389025151263,-0.014700618841686386,3.5,6.5
