setup,side,trend_bucket,trades,win_rate,avg_return_pct,median_return_pct,avg_r_multiple,total_return,avg_touch_count,avg_hold_days
bounce,long,steady,9,0.4444444444444444,0.13781287802509148,0.0,55.2090445108129,0.9658458892639523,3.4444444444444446,19.166666666666668
bounce,long,soft,10,0.5,0.08040268203987513,0.008464613606837118,3.05518549792852,0.9286293728946302,3.9,51.75
break,short,steady,5,0.4,0.07316787021797705,-0.0036431347150259197,2.3116893024337104,0.3646231069665691,3.8,5.7
break,long,soft,4,0.5,0.08504166644321531,0.05903377701920284,5.259663202659954,0.3519759918461063,5.0,13.75
break,long,strong,7,0.7142857142857143,0.03578618699761493,0.02368019012052308,3.4658067455773875,0.2724159415656462,4.142857142857143,9.428571428571429
bounce,long,strong,15,0.3333333333333333,0.014228297776919254,-0.004747461426875765,1.8833255559762743,0.20342291619212705,3.4,4.833333333333333
break,short,soft,2,0.5,0.047055479769014905,0.047055479769014905,3.287482033776598,0.08720002523715942,5.0,8.5
bounce,short,soft,13,0.38461538461538464,0.006580272892209129,-0.0033816425120771765,0.6014805609803716,0.08070060099410337,3.4615384615384617,19.076923076923077
bounce,short,steady,10,0.4,0.0027829247948535003,-0.0056329021356575915,-0.4106957533482213,0.0209772380302653,3.8,9.15
bounce,short,strong,5,0.8,0.004366324460010118,0.003360716952950038,0.6308443407897475,0.020647941201136444,3.6,5.7
break,short,strong,2,0.0,-0.0061287551132189755,-0.0061287551132189755,-0.24789754709352885,-0.012241096633198278,4.5,4.25
break,long,steady,4,0.5,-0.016440227956812867,-0.013506957120138302,-1.1192707267184243,-0.07616821205329105,4.75,8.75
