scenario,config_id,volume_threshold_x,trades,win_rate_pct,avg_winner_usd,avg_loser_usd,tmw_win_loss_ratio,profit_factor,sharpe,cagr_pct,twr_total_pct,mwr_annual_pct,max_drawdown_pct,calmar,ending_equity,best_month,worst_month
Baseline best (vol threshold 0.40x),buf20_size-risk_1pct_pboc-1_vol-1_atr-0,0.4,3954,49.14011127971674,745.8038436391303,-736.8096989643876,1.0122068760595635,1.0184971311153457,0.371231869242174,5.7902105226772305,26.317339490597668,5.7902105226772305,-38.00527031326318,0.15235283093504395,126317.33949059766,2025-09,2024-06
Volume best (vol threshold 1.30x),buf0_size-risk_1pct_pboc-0_vol-1_atr-0,1.3,1407,54.15778251599147,2544.3512753418213,-2137.258288261821,1.1904743985861808,1.4702455295343106,2.9072496176998666,60.90620041849151,620.1073079529251,60.90620041849151,-14.4196978138295,4.223819472837925,720107.3079529251,2025-12,2023-09
"Same config as vol1.3 best, evaluated at 0.40x",buf0_size-risk_1pct_pboc-0_vol-1_atr-0,0.4,4405,48.1044267877412,871.17538321281,-828.4402734602006,1.0515850220247198,1.0046477284356994,0.2433213947859729,1.9940328148271291,8.540110493219256,1.9940328148271291,-50.99851245725681,0.03909982308794556,108540.11049321924,2023-05,2023-09
