hour_utc,events,median_minutes_to_normalize,median_peak_z,entries,win_rate,mean_pair_return,median_realized_rr,median_best_rr,median_minutes_entry_to_normalize
13,46,720.0,3.1462162081684055,46,0.5,0.0006298801661270396,-0.0970360349107966,0.9229918462050284,715.0
14,35,720.0,-3.263118161908855,35,0.7714285714285715,0.0035275180014273395,0.9848404850497069,2.751832200760933,715.0
15,1,1595.0,3.1775765240775145,1,0.0,-0.009105526049010795,-0.7508892005243453,0.5540731824805399,1580.0
16,1,285.0,8.131193297914553,1,0.0,-0.003216369732146741,-1.0,0.08858290256856181,280.0
17,2,570.0,-0.03437488525590737,2,0.0,-0.0036009046362190924,-0.9123853600273939,0.2436577092443452,565.0
18,2,422.5,2.565508715778596,2,0.5,0.004392336877103658,9.773906409937997,13.105428271427883,415.0
19,28,450.0,3.0837536014754927,28,0.6428571428571429,0.002404907531959862,0.35643844592357365,3.0223294841864274,445.0
20,18,727.5,3.611068466868679,18,0.6111111111111112,0.0012947679930882887,-0.12071933394135587,0.7231440969765411,722.5
