us_window,events,median_minutes_to_normalize,median_peak_z,entries,win_rate,mean_pair_return,median_realized_rr,median_best_rr,median_minutes_entry_to_normalize
close_30m,37,460.0,3.4491374801668973,37,0.5945945945945946,0.0020048674162618653,0.002577441852138215,0.6926248884907308,455.0
close_5m_tail,8,665.0,-3.1284691312750716,8,0.875,0.003213611757213765,1.3439200907042395,5.063508396201914,657.5
power_hour,3,755.0,-3.0862987058070694,3,0.3333333333333333,-0.00015369331157549503,-1.0,0.19632488051977418,745.0
us_midday,2,570.0,-0.03437488525590737,2,0.0,-0.0036009046362190924,-0.9123853600273939,0.2436577092443452,565.0
us_open_2nd_30m,3,360.0,3.1775765240775145,3,0.3333333333333333,-0.003090309890092829,-0.4437399176675936,0.2009113762002634,355.0
us_open_30m,79,720.0,-3.133805034890583,79,0.620253164556962,0.0019316838140894731,0.6062866562437446,1.5866324986267584,715.0
us_open_hour2,1,285.0,8.131193297914553,1,0.0,-0.003216369732146741,-1.0,0.08858290256856181,280.0
