entry_year,setup,side,trades,win_rate,avg_return_pct,total_return
2022,bounce,long,1,1.0,0.08394245627805441,0.08394245627805441
2022,bounce,short,3,0.3333333333333333,-0.15508791590443913,-0.46934642121485015
2024,break,long,1,1.0,0.20611489191353094,0.20611489191353094
2024,bounce,short,3,0.6666666666666666,0.013494959378904214,0.039625956008625174
2024,bounce,long,4,0.5,-0.005981859748453167,-0.024623894600588114
2025,bounce,long,3,0.6666666666666666,0.07354724396080842,0.2225564553641992
2025,break,long,1,1.0,0.03613547729748112,0.03613547729748112
2025,bounce,short,1,0.0,-0.06033205425325794,-0.06033205425325794
2026,bounce,short,2,1.0,0.039695799924858055,0.07944288035966096
